day,sku,net_items_sold,net_sales,gross_sales
2025-09-01,,0,0,0
2025-09-02,,0,0,0
2025-09-03,,0,0,34.89
2025-09-03,VV-VITA-243,0,0,20.9
2025-09-03,VV-VITA-248,1,22.4,44.81
2025-09-04,,0,0,0
2025-09-05,,0,0,0
2025-09-06,,0,0,0
2025-09-07,,0,0,0
2025-09-08,,0,0,0
2025-09-09,,5,86.6,97.5
2025-09-09,VV-VITA-107,1,16.02,16.02
2025-09-09,VV-VITA-127,1,24.9,24.9
2025-09-09,VV-VITA-155,3,56.43,62.7
2025-09-09,VV-VITA-159,1,20.45,22.72
2025-09-09,VV-VITA-172,1,22.72,22.72
2025-09-09,VV-VITA-173,2,32.72,36.34
2025-09-09,VV-VITA-198,1,16.36,18.16
2025-09-09,VV-VITA-206,3,53.28,54.99
2025-09-09,VV-VITA-215,2,37.8,37.8
2025-09-09,VV-VITA-223,1,18.81,20.9
2025-09-09,VV-VITA-228,1,20.45,20.45
2025-09-09,VV-VITA-243,1,21.9,21.9
2025-09-09,VV-VITA-248,2,45.37,45.37
2025-09-09,VV-VITA-304,1,14.45,14.45
2025-09-09,VV-VITA-311,4,66.83,72.27
2025-09-09,VV-VITA-316,1,16.35,16.35
2025-09-09,VV-VITA-355,4,91.12,91.12
2025-09-09,VV-VITA-49,1,18.9,18.9
2025-09-09,VV-VITA-86,1,20.9,20.9
2025-09-10,,5,103.02,103.02
2025-09-10,BJ-E223-8EKW,4,99.88,108.05
2025-09-10,VV-VITA-101,1,21.81,21.81
2025-09-10,VV-VITA-116,3,42.96,53.7
2025-09-10,VV-VITA-119,1,18.9,18.9
2025-09-10,VV-VITA-122,1,22.9,22.9
2025-09-10,VV-VITA-124,1,23.9,23.9
2025-09-10,VV-VITA-127,2,45.44,45.44
2025-09-10,VV-VITA-146,9,150.5,150.5
2025-09-10,VV-VITA-171,1,24.46,27.17
2025-09-10,VV-VITA-173,1,18.09,18.09
2025-09-10,VV-VITA-190,2,31.84,39.8
2025-09-10,VV-VITA-198,1,18.17,18.17
2025-09-10,VV-VITA-208,3,59.7,59.7
2025-09-10,VV-VITA-223,6,121.84,131.4
2025-09-10,VV-VITA-224,3,47.76,59.7
2025-09-10,VV-VITA-228,1,18.32,22.9
2025-09-10,VV-VITA-230,1,25.9,25.9
2025-09-10,VV-VITA-243,1,18.59,20.65
2025-09-10,VV-VITA-248,1,20.29,22.54
2025-09-10,VV-VITA-250,1,14.32,17.9
2025-09-10,VV-VITA-287,1,18.95,18.95
2025-09-10,VV-VITA-298,1,22.9,22.9
2025-09-10,VV-VITA-301,1,15.92,19.9
2025-09-10,VV-VITA-31,1,21.9,21.9
2025-09-10,VV-VITA-311,1,18.17,18.17
2025-09-10,VV-VITA-313,1,19.99,19.99
2025-09-10,VV-VITA-320,1,21.52,26.9
2025-09-10,VV-VITA-326,1,24.9,24.9
2025-09-10,VV-VITA-345,1,20.9,20.9
2025-09-10,VV-VITA-346,2,30.89,30.89
2025-09-10,VV-VITA-354,2,40.78,45.31
2025-09-10,VV-VITA-355,6,137.4,137.4
2025-09-10,VV-VITA-361,2,33.8,33.8
2025-09-10,VV-VITA-363,1,16.9,16.9
2025-09-10,VV-VITA-365,1,14.9,14.9
2025-09-10,VV-VITA-367,2,36.35,36.35
2025-09-10,VV-VITA-377,1,14.9,14.9
2025-09-10,VV-VITA-381,1,14.9,14.9
2025-09-10,VV-VITA-382,1,18.9,18.9
2025-09-10,VV-VITA-387,2,58.16,58.16
2025-09-10,VV-VITA-49,1,19.99,19.99
2025-09-10,VV-VITA-50,7,127.75,127.75
2025-09-10,VV-VITA-63,1,19.08,19.08
2025-09-11,,6,116.97,120.39
2025-09-11,BJ-E223-8EKW,1,27.26,27.26
2025-09-11,VI-ZU99-SZ0B,1,17.26,17.26
2025-09-11,VV-VITA-127,4,90.87,90.87
2025-09-11,VV-VITA-151,1,23.9,23.9
2025-09-11,VV-VITA-155,1,22.72,22.72
2025-09-11,VV-VITA-173,2,36.26,36.26
2025-09-11,VV-VITA-203,1,16.12,17.91
2025-09-11,VV-VITA-222,1,23.9,23.9
2025-09-11,VV-VITA-225,1,20.39,22.65
2025-09-11,VV-VITA-228,1,21.81,21.81
2025-09-11,VV-VITA-237,1,16.98,18.86
2025-09-11,VV-VITA-248,3,66.54,68.62
2025-09-11,VV-VITA-249,4,86.04,95.6
2025-09-11,VV-VITA-256,2,45.23,45.23
2025-09-11,VV-VITA-284,1,22.64,22.64
2025-09-11,VV-VITA-287,6,117.21,130.23
2025-09-11,VV-VITA-303,1,16.72,16.72
2025-09-11,VV-VITA-311,1,16.35,18.16
2025-09-11,VV-VITA-329,2,37.07,38.97
2025-09-11,VV-VITA-338,1,18.26,18.26
2025-09-11,VV-VITA-345,1,24.9,24.9
2025-09-11,VV-VITA-352,1,24.54,24.54
2025-09-11,VV-VITA-354,3,63.8,70.88
2025-09-11,VV-VITA-356,1,16.35,16.35
2025-09-11,VV-VITA-363,1,14.2,14.2
2025-09-11,VV-VITA-368,1,17.1,19
2025-09-11,VV-VITA-376,1,15.54,17.26
2025-09-11,VV-VITA-379,1,19.08,19.08
2025-09-11,VV-VITA-381,1,14.9,14.9
2025-09-11,VV-VITA-63,1,20.82,20.82
2025-09-11,VV-VITA-86,3,73.65,73.65
2025-09-12,,19,350.94,358.1
2025-09-12,BJ-E223-8EKW,2,46.24,46.24
2025-09-12,NX-CVPF-VCEZ,4,84.24,86.33
2025-09-12,VV-VITA-109,1,18.9,18.9
2025-09-12,VV-VITA-127,1,24.9,24.9
2025-09-12,VV-VITA-142,5,118.81,118.81
2025-09-12,VV-VITA-146,4,79.6,79.6
2025-09-12,VV-VITA-159,2,48.08,48.08
2025-09-12,VV-VITA-165,1,26.51,26.51
2025-09-12,VV-VITA-173,1,18.26,18.26
2025-09-12,VV-VITA-203,1,17.91,19.9
2025-09-12,VV-VITA-223,1,24.45,24.45
2025-09-12,VV-VITA-224,1,26.27,26.27
2025-09-12,VV-VITA-228,2,39.33,43.91
2025-09-12,VV-VITA-230,2,51.8,51.8
2025-09-12,VV-VITA-237,2,36.26,36.26
2025-09-12,VV-VITA-243,4,88.26,88.26
2025-09-12,VV-VITA-250,1,17.9,17.9
2025-09-12,VV-VITA-256,2,36.64,36.64
2025-09-12,VV-VITA-257,2,55.68,55.68
2025-09-12,VV-VITA-259,2,49.1,49.1
2025-09-12,VV-VITA-264,1,25.9,25.9
2025-09-12,VV-VITA-276,2,51.35,51.35
2025-09-12,VV-VITA-301,1,19.9,19.9
2025-09-12,VV-VITA-304,1,14.9,14.9
2025-09-12,VV-VITA-311,1,20.34,20.34
2025-09-12,VV-VITA-329,2,38.25,40.24
2025-09-12,VV-VITA-338,1,19.9,19.9
2025-09-12,VV-VITA-343,2,39.8,39.8
2025-09-12,VV-VITA-352,3,70.34,70.34
2025-09-12,VV-VITA-354,3,65.7,65.7
2025-09-12,VV-VITA-355,1,22.9,22.9
2025-09-12,VV-VITA-363,2,35.1,35.1
2025-09-12,VV-VITA-365,1,16.06,16.06
2025-09-12,VV-VITA-367,1,21.73,21.73
2025-09-12,VV-VITA-379,1,16.27,16.27
2025-09-13,,6,102.77,102.77
2025-09-13,BJ-E223-8EKW,2,46.67,51.77
2025-09-13,CP-DQMG-RVN9,1,19.99,19.99
2025-09-13,VV-VITA-116,1,18.17,18.17
2025-09-13,VV-VITA-127,1,21.71,21.71
2025-09-13,VV-VITA-158,1,25.45,25.45
2025-09-13,VV-VITA-159,1,25.9,25.9
2025-09-13,VV-VITA-171,1,24.54,27.26
2025-09-13,VV-VITA-197,1,23.55,23.55
2025-09-13,VV-VITA-223,2,43.36,45.45
2025-09-13,VV-VITA-228,1,21.81,21.81
2025-09-13,VV-VITA-243,3,67.07,67.07
2025-09-13,VV-VITA-247,2,41.64,41.64
2025-09-13,VV-VITA-257,1,26.9,26.9
2025-09-13,VV-VITA-259,1,25.9,25.9
2025-09-13,VV-VITA-276,1,23.63,23.63
2025-09-13,VV-VITA-287,2,39.89,39.89
2025-09-13,VV-VITA-301,1,17.26,17.26
2025-09-13,VV-VITA-313,1,19.99,19.99
2025-09-13,VV-VITA-317,2,38.16,38.16
2025-09-13,VV-VITA-326,1,19.08,19.08
2025-09-13,VV-VITA-367,1,16.36,18.16
2025-09-13,VV-VITA-376,1,15.9,15.9
2025-09-13,VV-VITA-380,1,13.9,13.9
2025-09-13,VV-VITA-86,1,24.55,24.55
2025-09-13,VV-VITA-88,2,50.89,50.89
2025-09-13,VV-VITA-93,1,19.99,19.99
2025-09-14,,6,91.7,97.11
2025-09-14,VV-VITA-109,1,14.33,17.91
2025-09-14,VV-VITA-121,1,16.61,20.76
2025-09-14,VV-VITA-122,3,58.44,58.44
2025-09-14,VV-VITA-127,4,99.6,99.6
2025-09-14,VV-VITA-142,3,63.17,63.17
2025-09-14,VV-VITA-146,1,14.47,18.08
2025-09-14,VV-VITA-155,1,22.72,22.72
2025-09-14,VV-VITA-171,2,54.36,54.36
2025-09-14,VV-VITA-173,3,56.32,56.32
2025-09-14,VV-VITA-183,1,22.82,22.82
2025-09-14,VV-VITA-203,1,19.9,19.9
2025-09-14,VV-VITA-222,2,47.8,47.8
2025-09-14,VV-VITA-223,11,215.1,262.9
2025-09-14,VV-VITA-224,2,31.84,39.8
2025-09-14,VV-VITA-228,2,41.83,41.83
2025-09-14,VV-VITA-230,1,18.84,23.55
2025-09-14,VV-VITA-231,5,136.54,136.54
2025-09-14,VV-VITA-237,2,37.43,37.43
2025-09-14,VV-VITA-243,5,93.71,111.23
2025-09-14,VV-VITA-259,2,50.89,50.89
2025-09-14,VV-VITA-284,1,22.72,22.72
2025-09-14,VV-VITA-287,1,19.9,19.9
2025-09-14,VV-VITA-295,1,18.88,23.6
2025-09-14,VV-VITA-301,2,37.55,37.55
2025-09-14,VV-VITA-311,2,37.55,37.55
2025-09-14,VV-VITA-320,2,48.66,51.35
2025-09-14,VV-VITA-329,1,19.08,19.08
2025-09-14,VV-VITA-337,1,20.82,20.82
2025-09-14,VV-VITA-355,1,22.9,22.9
2025-09-14,VV-VITA-363,1,12.29,15.36
2025-09-14,VV-VITA-367,1,17.9,17.9
2025-09-14,VV-VITA-371,1,18.17,18.17
2025-09-14,VV-VITA-377,1,14.9,14.9
2025-09-14,VV-VITA-382,1,15.12,18.9
2025-09-14,VV-VITA-46,4,85.11,85.11
2025-09-14,VV-VITA-49,1,13.75,17.18
2025-09-14,VV-VITA-50,2,35.82,39.8
2025-09-14,VV-VITA-63,3,61.33,65.86
2025-09-14,VV-VITA-93,1,13.52,16.9
2025-09-15,,11,165.07,169.98
2025-09-15,VI-ZU99-SZ0B,1,16.11,17.9
2025-09-15,VV-VITA-101,1,25.9,25.9
2025-09-15,VV-VITA-109,1,20.9,20.9
2025-09-15,VV-VITA-116,3,50.12,51.93
2025-09-15,VV-VITA-119,1,16.65,16.65
2025-09-15,VV-VITA-124,2,47.8,47.8
2025-09-15,VV-VITA-127,1,22.41,24.9
2025-09-15,VV-VITA-158,2,65.07,65.07
2025-09-15,VV-VITA-202,2,31.8,31.8
2025-09-15,VV-VITA-203,2,36.25,38.06
2025-09-15,VV-VITA-223,4,82.37,91.62
2025-09-15,VV-VITA-224,6,92.63,115.78
2025-09-15,VV-VITA-228,3,65.61,67.9
2025-09-15,VV-VITA-231,2,54.79,54.79
2025-09-15,VV-VITA-243,1,21.26,23.62
2025-09-15,VV-VITA-248,1,22.08,24.53
2025-09-15,VV-VITA-256,1,23.54,23.54
2025-09-15,VV-VITA-264,1,23.31,25.9
2025-09-15,VV-VITA-295,2,47.8,47.8
2025-09-15,VV-VITA-304,1,16.35,16.35
2025-09-15,VV-VITA-313,1,18.9,18.9
2025-09-15,VV-VITA-320,3,67.71,67.71
2025-09-15,VV-VITA-326,1,21.71,21.71
2025-09-15,VV-VITA-329,5,97.35,101.24
2025-09-15,VV-VITA-355,3,62.45,62.45
2025-09-15,VV-VITA-356,3,53.7,53.7
2025-09-15,VV-VITA-357,1,17.01,18.9
2025-09-15,VV-VITA-361,3,47.93,53.24
2025-09-15,VV-VITA-367,1,16.11,17.9
2025-09-15,VV-VITA-376,1,15.54,17.26
2025-09-15,VV-VITA-379,2,31.96,31.96
2025-09-15,VV-VITA-380,1,12.51,13.9
2025-09-15,VV-VITA-46,2,37.43,37.43
2025-09-15,VV-VITA-50,2,35.54,35.54
2025-09-15,VV-VITA-88,1,23.9,23.9
2025-09-15,VV-VITA-93,2,28.73,33.8
2025-09-16,,9,171.29,174.79
2025-09-16,NX-CVPF-VCEZ,1,21.81,21.81
2025-09-16,TU-QNYD-JRRX,50,614.25,945
2025-09-16,VI-ZU99-SZ0B,1,16.11,17.9
2025-09-16,VV-VITA-106,1,22.9,22.9
2025-09-16,VV-VITA-109,2,36.08,36.08
2025-09-16,VV-VITA-119,2,35.84,39.82
2025-09-16,VV-VITA-121,1,17.52,21.9
2025-09-16,VV-VITA-122,1,22.9,22.9
2025-09-16,VV-VITA-127,9,184.26,224.1
2025-09-16,VV-VITA-142,3,67.61,67.61
2025-09-16,VV-VITA-151,1,21.26,23.62
2025-09-16,VV-VITA-158,3,78.05,78.05
2025-09-16,VV-VITA-159,4,90.87,90.87
2025-09-16,VV-VITA-165,2,54.36,54.36
2025-09-16,VV-VITA-171,2,55.16,55.16
2025-09-16,VV-VITA-186,1,24.45,24.45
2025-09-16,VV-VITA-203,1,18.17,18.17
2025-09-16,VV-VITA-206,1,18.09,18.09
2025-09-16,VV-VITA-222,1,19.12,23.9
2025-09-16,VV-VITA-223,4,84.51,86.6
2025-09-16,VV-VITA-224,3,56.37,59.71
2025-09-16,VV-VITA-228,1,21.81,21.81
2025-09-16,VV-VITA-231,3,82.18,82.18
2025-09-16,VV-VITA-243,4,92.19,92.19
2025-09-16,VV-VITA-247,2,39.82,39.82
2025-09-16,VV-VITA-248,2,43.45,43.45
2025-09-16,VV-VITA-256,2,45.27,45.27
2025-09-16,VV-VITA-257,1,21.71,21.71
2025-09-16,VV-VITA-276,1,23.63,23.63
2025-09-16,VV-VITA-284,1,21.73,21.73
2025-09-16,VV-VITA-301,2,35.45,37.16
2025-09-16,VV-VITA-303,1,15.05,16.72
2025-09-16,VV-VITA-308,2,40.31,47.66
2025-09-16,VV-VITA-31,1,17.52,21.9
2025-09-16,VV-VITA-317,1,19.91,19.91
2025-09-16,VV-VITA-320,5,105.75,110.27
2025-09-16,VV-VITA-326,1,19.08,19.08
2025-09-16,VV-VITA-329,3,49.18,52.52
2025-09-16,VV-VITA-336,2,39.8,39.8
2025-09-16,VV-VITA-338,1,17.91,19.9
2025-09-16,VV-VITA-352,2,34.64,38.48
2025-09-16,VV-VITA-354,2,43.8,43.8
2025-09-16,VV-VITA-358,1,18.9,18.9
2025-09-16,VV-VITA-361,1,16.35,18.16
2025-09-16,VV-VITA-363,3,38.34,42.6
2025-09-16,VV-VITA-375,1,12.78,14.2
2025-09-16,VV-VITA-376,2,28.91,28.91
2025-09-16,VV-VITA-57-V,1,29.42,32.68
2025-09-16,VV-VITA-86,1,19,19
2025-09-17,,14,249.8,270.63
2025-09-17,BJ-E223-8EKW,1,18.79,28.9
2025-09-17,CW-KVIN-V39Y,1,13.59,20.9
2025-09-17,NX-CVPF-VCEZ,1,13.59,20.9
2025-09-17,VI-ZU99-SZ0B,2,23.27,35.8
2025-09-17,VV-VITA-106,1,14.89,22.9
2025-09-17,VV-VITA-119,1,12.29,18.9
2025-09-17,VV-VITA-121,1,22.72,22.72
2025-09-17,VV-VITA-122,2,35.79,43.8
2025-09-17,VV-VITA-136,1,12.94,19.9
2025-09-17,VV-VITA-142,6,101.01,155.4
2025-09-17,VV-VITA-146,6,84.58,119.4
2025-09-17,VV-VITA-151,1,21.16,26.45
2025-09-17,VV-VITA-158,2,41.47,63.8
2025-09-17,VV-VITA-166,1,12.94,19.9
2025-09-17,VV-VITA-171,3,58.94,84.13
2025-09-17,VV-VITA-173,1,18.17,18.17
2025-09-17,VV-VITA-183,1,24.54,24.54
2025-09-17,VV-VITA-190,1,19.9,19.9
2025-09-17,VV-VITA-197,10,199.2,199.2
2025-09-17,VV-VITA-198,7,102.75,137.57
2025-09-17,VV-VITA-202,2,36.35,36.35
2025-09-17,VV-VITA-203,1,12.94,19.9
2025-09-17,VV-VITA-215,4,49.14,75.6
2025-09-17,VV-VITA-222,2,48.45,48.45
2025-09-17,VV-VITA-223,7,114.95,165.13
2025-09-17,VV-VITA-224,2,39.8,39.8
2025-09-17,VV-VITA-225,1,22.65,22.65
2025-09-17,VV-VITA-228,5,74.43,114.5
2025-09-17,VV-VITA-231,3,52.46,80.7
2025-09-17,VV-VITA-247,6,93.79,114.68
2025-09-17,VV-VITA-249,2,31.07,47.8
2025-09-17,VV-VITA-259,3,68.64,77.7
2025-09-17,VV-VITA-262,1,12.94,19.9
2025-09-17,VV-VITA-276,6,111.12,151.12
2025-09-17,VV-VITA-287,2,25.87,39.8
2025-09-17,VV-VITA-295,1,15.54,23.9
2025-09-17,VV-VITA-298,3,53.4,69.43
2025-09-17,VV-VITA-301,2,25.87,39.8
2025-09-17,VV-VITA-31,3,65.7,65.7
2025-09-17,VV-VITA-310,3,66.28,68.62
2025-09-17,VV-VITA-311,5,78.81,99.7
2025-09-17,VV-VITA-320,6,114.33,161.4
2025-09-17,VV-VITA-354,1,23.63,23.63
2025-09-17,VV-VITA-355,1,20.18,20.18
2025-09-17,VV-VITA-357,2,24.57,37.8
2025-09-17,VV-VITA-359,3,36.86,56.7
2025-09-17,VV-VITA-361,1,10.99,16.9
2025-09-17,VV-VITA-366,1,13.55,13.55
2025-09-17,VV-VITA-367,2,23.27,35.8
2025-09-17,VV-VITA-368,1,11.64,17.9
2025-09-17,VV-VITA-377,1,14.45,14.45
2025-09-17,VV-VITA-379,2,23.27,35.8
2025-09-17,VV-VITA-38,2,28.7,28.7
2025-09-17,VV-VITA-381,2,29.8,29.8
2025-09-17,VV-VITA-46,5,69.1,101.3
2025-09-17,VV-VITA-49,3,36.86,56.7
2025-09-17,VV-VITA-50,10,136.32,199
2025-09-17,VV-VITA-57-V,2,50.57,77.8
2025-09-17,VV-VITA-86,3,59.7,59.7
2025-09-17,VV-VITA-90,3,48.07,62.7
2025-09-18,,22,330.87,440.58
2025-09-18,VV-VITA-109,2,37.8,37.8
2025-09-18,VV-VITA-116,6,76.08,107.4
2025-09-18,VV-VITA-121,2,38,38
2025-09-18,VV-VITA-127,5,80.93,124.5
2025-09-18,VV-VITA-146,6,86.39,121.21
2025-09-18,VV-VITA-151,6,101.58,143.4
2025-09-18,VV-VITA-155,1,20.9,20.9
2025-09-18,VV-VITA-170,5,61.43,94.5
2025-09-18,VV-VITA-172,50,746.25,995
2025-09-18,VV-VITA-173,2,29.21,36.51
2025-09-18,VV-VITA-197,50,933.75,1245
2025-09-18,VV-VITA-208,10,129.35,199
2025-09-18,VV-VITA-222,1,23.9,23.9
2025-09-18,VV-VITA-223,9,164.93,206.75
2025-09-18,VV-VITA-225,4,76.14,76.14
2025-09-18,VV-VITA-243,20,284.7,438
2025-09-18,VV-VITA-247,5,64.68,99.5
2025-09-18,VV-VITA-259,3,73.65,73.65
2025-09-18,VV-VITA-276,4,96.92,96.92
2025-09-18,VV-VITA-287,1,21.71,21.71
2025-09-18,VV-VITA-298,5,74.43,114.5
2025-09-18,VV-VITA-310,2,49.8,49.8
2025-09-18,VV-VITA-320,7,133.19,180.26
2025-09-18,VV-VITA-329,1,20.76,20.76
2025-09-18,VV-VITA-355,2,48.1,48.1
2025-09-18,VV-VITA-358,1,18.9,18.9
2025-09-18,VV-VITA-46,2,37.55,37.55
2025-09-18,VV-VITA-50,5,64.68,99.5
2025-09-18,VV-VITA-63,2,33.61,42.01
2025-09-19,,7,105.73,111.1
2025-09-19,BJ-E223-8EKW,2,49.22,51.77
2025-09-19,VV-VITA-122,1,20.9,20.9
2025-09-19,VV-VITA-124,1,24.45,24.45
2025-09-19,VV-VITA-142,1,23.55,23.55
2025-09-19,VV-VITA-159,2,46.79,49.46
2025-09-19,VV-VITA-165,1,28.9,28.9
2025-09-19,VV-VITA-171,1,27.9,27.9
2025-09-19,VV-VITA-202,4,72.69,72.69
2025-09-19,VV-VITA-208,2,39.8,39.8
2025-09-19,VV-VITA-222,1,22.64,22.64
2025-09-19,VV-VITA-223,2,44.8,44.8
2025-09-19,VV-VITA-224,1,20.9,20.9
2025-09-19,VV-VITA-225,3,61.17,67.96
2025-09-19,VV-VITA-228,2,41.64,41.64
2025-09-19,VV-VITA-237,4,67.11,72.76
2025-09-19,VV-VITA-243,4,79.46,83.42
2025-09-19,VV-VITA-256,2,47.25,47.25
2025-09-19,VV-VITA-259,1,22.9,25.44
2025-09-19,VV-VITA-262,3,57.26,61.41
2025-09-19,VV-VITA-277,2,32.71,32.71
2025-09-19,VV-VITA-308,2,44.89,47.25
2025-09-19,VV-VITA-31,1,21.9,21.9
2025-09-19,VV-VITA-310,2,44.45,44.45
2025-09-19,VV-VITA-311,3,48.89,52.5
2025-09-19,VV-VITA-317,1,18.29,20.32
2025-09-19,VV-VITA-320,1,17.17,19.07
2025-09-19,VV-VITA-329,3,55.18,57.07
2025-09-19,VV-VITA-351,1,19.99,19.99
2025-09-19,VV-VITA-361,1,16.35,18.16
2025-09-19,VV-VITA-364,3,65.7,65.7
2025-09-19,VV-VITA-367,1,18.17,18.17
2025-09-19,VV-VITA-368,1,19.54,21.71
2025-09-19,VV-VITA-378,2,28.35,28.35
2025-09-19,VV-VITA-379,1,19.08,19.08
2025-09-19,VV-VITA-38,5,86.8,86.8
2025-09-19,VV-VITA-383,1,16.11,17.9
2025-09-19,VV-VITA-57-V2,2,45.44,45.44
2025-09-20,,6,106.65,106.65
2025-09-20,BJ-E223-8EKW,3,74.01,79.79
2025-09-20,VV-VITA-121,1,19.91,19.91
2025-09-20,VV-VITA-122,1,20.9,20.9
2025-09-20,VV-VITA-127,1,21.71,21.71
2025-09-20,VV-VITA-142,2,51.8,51.8
2025-09-20,VV-VITA-165,2,57.8,57.8
2025-09-20,VV-VITA-198,1,18.17,18.17
2025-09-20,VV-VITA-204,2,35.83,35.83
2025-09-20,VV-VITA-222,2,45.63,45.63
2025-09-20,VV-VITA-224,1,15.92,19.9
2025-09-20,VV-VITA-228,2,43.72,43.72
2025-09-20,VV-VITA-231,6,136.74,136.74
2025-09-20,VV-VITA-243,1,19.91,19.91
2025-09-20,VV-VITA-249,6,143.4,143.4
2025-09-20,VV-VITA-301,1,17.26,17.26
2025-09-20,VV-VITA-308,1,25.9,25.9
2025-09-20,VV-VITA-311,1,18.17,18.17
2025-09-20,VV-VITA-320,3,57.24,57.24
2025-09-20,VV-VITA-338,1,17.26,17.26
2025-09-20,VV-VITA-364,1,21.9,21.9
2025-09-20,VV-VITA-379,1,16.97,16.97
2025-09-21,,13,222.63,243.88
2025-09-21,VI-ZU99-SZ0B,1,17.9,17.9
2025-09-21,VV-VITA-122,2,41.8,41.8
2025-09-21,VV-VITA-124,1,23.55,23.55
2025-09-21,VV-VITA-142,1,20.82,20.82
2025-09-21,VV-VITA-168,1,20.82,20.82
2025-09-21,VV-VITA-203,4,72.98,74.77
2025-09-21,VV-VITA-223,2,43.02,47.8
2025-09-21,VV-VITA-224,2,35.82,39.8
2025-09-21,VV-VITA-228,2,43.08,43.08
2025-09-21,VV-VITA-231,4,108.88,108.88
2025-09-21,VV-VITA-243,5,102.51,107.98
2025-09-21,VV-VITA-250,1,15.77,15.77
2025-09-21,VV-VITA-258,1,14.18,18.9
2025-09-21,VV-VITA-287,1,19.9,19.9
2025-09-21,VV-VITA-301,3,52.01,56.98
2025-09-21,VV-VITA-308,1,19.43,25.9
2025-09-21,VV-VITA-310,3,61.55,71.51
2025-09-21,VV-VITA-316,1,17.53,17.53
2025-09-21,VV-VITA-317,2,37.9,37.9
2025-09-21,VV-VITA-319,2,39.82,39.82
2025-09-21,VV-VITA-320,5,118.86,118.86
2025-09-21,VV-VITA-326,1,19.54,21.71
2025-09-21,VV-VITA-329,2,35.07,35.07
2025-09-21,VV-VITA-338,1,19.9,19.9
2025-09-21,VV-VITA-357,1,18.9,18.9
2025-09-21,VV-VITA-363,2,36.18,36.18
2025-09-21,VV-VITA-364,1,15.93,19.91
2025-09-21,VV-VITA-367,2,32.22,35.8
2025-09-21,VV-VITA-368,1,17.9,17.9
2025-09-21,VV-VITA-371,1,11.56,14.45
2025-09-21,VV-VITA-376,2,31.8,31.8
2025-09-21,VV-VITA-378,1,13.55,13.55
2025-09-21,VV-VITA-381,3,47.89,47.89
2025-09-21,VV-VITA-386,1,16.43,21.9
2025-09-21,VV-VITA-93,12,202.8,202.8
2025-09-21,VV-VITA-94,3,78.22,81.05
2025-09-22,,35,552.61,621.07
2025-09-22,BJ-E223-8EKW,2,52.02,57.8
2025-09-22,VV-VITA-106,1,17.18,22.9
2025-09-22,VV-VITA-111,1,16.18,16.18
2025-09-22,VV-VITA-121,3,57.75,63.22
2025-09-22,VV-VITA-122,1,17.18,22.9
2025-09-22,VV-VITA-136,1,14.93,19.9
2025-09-22,VV-VITA-142,3,59.91,72.86
2025-09-22,VV-VITA-158,1,25.45,25.45
2025-09-22,VV-VITA-198,1,15.92,15.92
2025-09-22,VV-VITA-223,2,46.28,46.28
2025-09-22,VV-VITA-228,1,20.82,20.82
2025-09-22,VV-VITA-243,2,43.8,43.8
2025-09-22,VV-VITA-247,6,109.45,119.4
2025-09-22,VV-VITA-256,1,22.9,22.9
2025-09-22,VV-VITA-295,1,23.6,23.6
2025-09-22,VV-VITA-297,3,56.41,56.41
2025-09-22,VV-VITA-308,1,20.72,20.72
2025-09-22,VV-VITA-310,3,59.73,59.73
2025-09-22,VV-VITA-311,1,19.9,19.9
2025-09-22,VV-VITA-313,1,19.99,19.99
2025-09-22,VV-VITA-317,1,19.08,19.08
2025-09-22,VV-VITA-320,2,41.83,46.17
2025-09-22,VV-VITA-329,1,15.2,19
2025-09-22,VV-VITA-338,1,19.9,19.9
2025-09-22,VV-VITA-352,1,24.54,24.54
2025-09-22,VV-VITA-354,3,57.51,57.51
2025-09-22,VV-VITA-355,3,60.86,65.57
2025-09-22,VV-VITA-361,1,18.17,18.17
2025-09-22,VV-VITA-363,1,13.74,13.74
2025-09-22,VV-VITA-364,7,147.8,147.8
2025-09-22,VV-VITA-371,3,39.75,47.7
2025-09-22,VV-VITA-377,1,14.9,14.9
2025-09-22,VV-VITA-38,1,18.9,18.9
2025-09-22,VV-VITA-381,2,29.8,29.8
2025-09-22,VV-VITA-57-V2,2,43.54,48.45
2025-09-22,VV-VITA-86,1,20.9,20.9
2025-09-22,VV-VITA-88,1,23.9,23.9
2025-09-22,VV-VITA-93,1,14.45,14.45
2025-09-23,,5,102.5,122.3
2025-09-23,BJ-E223-8EKW,1,26.51,26.51
2025-09-23,VV-VITA-101,1,25.9,25.9
2025-09-23,VV-VITA-106,5,74.43,114.5
2025-09-23,VV-VITA-107,3,56.7,56.7
2025-09-23,VV-VITA-122,1,18.32,22.9
2025-09-23,VV-VITA-124,1,21.51,23.9
2025-09-23,VV-VITA-127,5,80.93,124.5
2025-09-23,VV-VITA-142,1,20.82,20.82
2025-09-23,VV-VITA-146,1,14.93,19.9
2025-09-23,VV-VITA-155,2,33.44,33.44
2025-09-23,VV-VITA-159,9,161.88,233.1
2025-09-23,VV-VITA-173,1,20.76,20.76
2025-09-23,VV-VITA-186,1,20.72,25.9
2025-09-23,VV-VITA-208,5,64.68,99.5
2025-09-23,VV-VITA-223,4,78.26,92.6
2025-09-23,VV-VITA-228,2,47.45,47.45
2025-09-23,VV-VITA-230,3,68.43,73.61
2025-09-23,VV-VITA-231,1,21.52,26.9
2025-09-23,VV-VITA-237,5,64.68,99.5
2025-09-23,VV-VITA-249,5,77.68,119.5
2025-09-23,VV-VITA-256,1,21.01,21.01
2025-09-23,VV-VITA-257,2,53.8,53.8
2025-09-23,VV-VITA-258,5,61.43,94.5
2025-09-23,VV-VITA-259,6,109.63,154.95
2025-09-23,VV-VITA-277,5,41.93,64.5
2025-09-23,VV-VITA-31,5,71.18,109.5
2025-09-23,VV-VITA-317,1,19.08,19.08
2025-09-23,VV-VITA-320,1,19.08,19.08
2025-09-23,VV-VITA-329,5,64.68,99.5
2025-09-23,VV-VITA-336,5,64.68,99.5
2025-09-23,VV-VITA-338,2,31.84,39.8
2025-09-23,VV-VITA-341,1,17.26,17.26
2025-09-23,VV-VITA-342,3,59,59
2025-09-23,VV-VITA-355,1,22.72,22.72
2025-09-23,VV-VITA-358,1,15.12,18.9
2025-09-23,VV-VITA-364,1,20.28,20.28
2025-09-23,VV-VITA-367,1,18.17,18.17
2025-09-23,VV-VITA-371,1,12.72,15.9
2025-09-23,VV-VITA-376,1,17.26,17.26
2025-09-23,VV-VITA-381,1,13.41,14.9
2025-09-23,VV-VITA-382,1,15.12,15.12
2025-09-23,VV-VITA-49,6,80.33,113.4
2025-09-23,VV-VITA-50,2,31.84,39.8
2025-09-23,VV-VITA-57-V,3,106.34,106.34
2025-09-23,VV-VITA-63,3,64.88,64.88
2025-09-23,VV-VITA-86,2,39.8,39.8
2025-09-24,,7,123.3,138.2
2025-09-24,CW-KVIN-V39Y,2,54.36,54.36
2025-09-24,VV-VITA-124,3,77.7,77.7
2025-09-24,VV-VITA-142,3,71.7,71.7
2025-09-24,VV-VITA-146,2,36.35,36.35
2025-09-24,VV-VITA-151,3,62.45,62.45
2025-09-24,VV-VITA-159,6,149.94,149.94
2025-09-24,VV-VITA-165,1,29.99,29.99
2025-09-24,VV-VITA-186,2,50.89,50.89
2025-09-24,VV-VITA-198,15,238.8,298.5
2025-09-24,VV-VITA-222,1,25.99,25.99
2025-09-24,VV-VITA-223,7,134.15,158.05
2025-09-24,VV-VITA-224,4,79.6,79.6
2025-09-24,VV-VITA-225,1,20.9,20.9
2025-09-24,VV-VITA-231,1,27.18,27.18
2025-09-24,VV-VITA-243,4,103.96,103.96
2025-09-24,VV-VITA-247,6,137.4,137.4
2025-09-24,VV-VITA-277,0,0,12.9
2025-09-24,VV-VITA-313,3,65.97,65.97
2025-09-24,VV-VITA-329,1,20.99,20.99
2025-09-24,VV-VITA-355,5,124.95,124.95
2025-09-24,VV-VITA-356,1,16.11,17.9
2025-09-24,VV-VITA-358,2,49.98,49.98
2025-09-24,VV-VITA-361,2,39.98,39.98
2025-09-24,VV-VITA-363,1,16.9,16.9
2025-09-24,VV-VITA-367,2,35.8,35.8
2025-09-24,VV-VITA-381,2,36.18,36.18
2025-09-24,VV-VITA-63,1,20.61,22.9
2025-09-24,VV-VITA-88,2,43.02,47.8
2025-09-24,VV-VITA-93,1,21.99,21.99
2025-09-24,VV-VITA-94,2,57.98,57.98
2025-09-25,,10,159.13,205.08
2025-09-25,BJ-E223-8EKW,4,112.15,112.15
2025-09-25,CW-KVIN-V39Y,1,27.18,27.18
2025-09-25,NX-CVPF-VCEZ,1,17.13,17.13
2025-09-25,VV-VITA-102,1,17.91,19.9
2025-09-25,VV-VITA-121,1,19,19
2025-09-25,VV-VITA-122,1,20.9,20.9
2025-09-25,VV-VITA-127,1,20.37,22.63
2025-09-25,VV-VITA-142,1,23.31,25.9
2025-09-25,VV-VITA-146,1,17.91,19.9
2025-09-25,VV-VITA-151,2,52.89,52.89
2025-09-25,VV-VITA-158,1,31.9,31.9
2025-09-25,VV-VITA-159,1,23.31,25.9
2025-09-25,VV-VITA-198,1,18.17,18.17
2025-09-25,VV-VITA-203,2,32.56,36.17
2025-09-25,VV-VITA-206,1,16.11,17.9
2025-09-25,VV-VITA-222,1,23.9,23.9
2025-09-25,VV-VITA-223,14,278.92,307.91
2025-09-25,VV-VITA-224,4,76.92,86.97
2025-09-25,VV-VITA-228,3,63.15,70.35
2025-09-25,VV-VITA-231,2,50.75,50.75
2025-09-25,VV-VITA-237,1,17.91,19.9
2025-09-25,VV-VITA-287,1,19.9,19.9
2025-09-25,VV-VITA-304,2,25.33,29.8
2025-09-25,VV-VITA-311,1,17.91,19.9
2025-09-25,VV-VITA-313,1,18.9,18.9
2025-09-25,VV-VITA-320,3,70.19,72.88
2025-09-25,VV-VITA-329,3,49.17,56.93
2025-09-25,VV-VITA-338,1,19.9,19.9
2025-09-25,VV-VITA-341,2,27.32,30.35
2025-09-25,VV-VITA-342,1,21.9,21.9
2025-09-25,VV-VITA-345,1,18.81,20.9
2025-09-25,VV-VITA-351,3,67.96,67.96
2025-09-25,VV-VITA-352,2,43.51,45.8
2025-09-25,VV-VITA-357,1,17.01,18.9
2025-09-25,VV-VITA-359,1,17.99,19.98
2025-09-25,VV-VITA-368,1,17.9,17.9
2025-09-25,VV-VITA-38,2,30.96,33.97
2025-09-25,VV-VITA-383,1,14.32,17.9
2025-09-25,VV-VITA-387,1,23.31,25.9
2025-09-25,VV-VITA-39,3,54.52,54.52
2025-09-25,VV-VITA-49,1,15.12,18.9
2025-09-25,VV-VITA-50,1,17.91,19.9
2025-09-25,VV-VITA-57-V2,1,23.9,23.9
2025-09-25,VV-VITA-90,1,19.81,19.81
2025-09-25,VV-VITA-93,2,28.73,33.8
2025-09-25,VV-VITA-94,1,20.72,25.9
2025-09-26,,3,47.24,50.82
2025-09-26,CP-DQMG-RVN9,3,59.13,65.7
2025-09-26,VV-VITA-116,2,37.98,37.98
2025-09-26,VV-VITA-124,1,26.9,26.9
2025-09-26,VV-VITA-142,1,20.76,20.76
2025-09-26,VV-VITA-155,1,23.6,23.6
2025-09-26,VV-VITA-173,2,41.52,41.52
2025-09-26,VV-VITA-186,2,47.2,47.2
2025-09-26,VV-VITA-202,1,16.02,16.02
2025-09-26,VV-VITA-206,1,18.86,18.86
2025-09-26,VV-VITA-223,2,42.72,44.8
2025-09-26,VV-VITA-224,2,41.8,41.8
2025-09-26,VV-VITA-228,3,63.26,65.43
2025-09-26,VV-VITA-231,2,49.08,54.52
2025-09-26,VV-VITA-258,1,19.28,19.28
2025-09-26,VV-VITA-287,3,59.7,59.7
2025-09-26,VV-VITA-298,1,23.63,23.63
2025-09-26,VV-VITA-301,2,34.53,34.53
2025-09-26,VV-VITA-311,3,53.73,59.7
2025-09-26,VV-VITA-316,1,19.9,19.9
2025-09-26,VV-VITA-320,1,26.9,26.9
2025-09-26,VV-VITA-329,3,55.33,57.23
2025-09-26,VV-VITA-341,1,15.9,15.9
2025-09-26,VV-VITA-352,1,18.32,22.9
2025-09-26,VV-VITA-355,3,61.83,68.7
2025-09-26,VV-VITA-364,1,23.9,23.9
2025-09-26,VV-VITA-369,4,71.6,71.6
2025-09-26,VV-VITA-38,1,12.26,13.62
2025-09-26,VV-VITA-381,2,23.84,29.8
2025-09-27,,7,111.03,125.84
2025-09-27,VV-VITA-102,1,17.18,17.18
2025-09-27,VV-VITA-158,1,26.27,26.27
2025-09-27,VV-VITA-168,1,23.9,23.9
2025-09-27,VV-VITA-203,3,59.7,59.7
2025-09-27,VV-VITA-206,3,46.27,57.84
2025-09-27,VV-VITA-223,2,43.57,48.35
2025-09-27,VV-VITA-225,1,18.12,22.65
2025-09-27,VV-VITA-231,1,21.52,26.9
2025-09-27,VV-VITA-237,2,31.84,39.8
2025-09-27,VV-VITA-243,1,15.85,19.81
2025-09-27,VV-VITA-259,1,22.09,24.54
2025-09-27,VV-VITA-264,1,25.9,25.9
2025-09-27,VV-VITA-287,1,19.9,19.9
2025-09-27,VV-VITA-310,5,105.3,120.72
2025-09-27,VV-VITA-311,7,142.45,142.45
2025-09-27,VV-VITA-320,2,43.88,45.76
2025-09-27,VV-VITA-326,1,21.71,21.71
2025-09-27,VV-VITA-338,1,19,19
2025-09-27,VV-VITA-343,1,20.9,20.9
2025-09-27,VV-VITA-355,1,22.72,22.72
2025-09-27,VV-VITA-361,1,13.31,13.31
2025-09-27,VV-VITA-364,3,58.12,58.12
2025-09-27,VV-VITA-367,1,15.42,19.28
2025-09-27,VV-VITA-369,1,15.91,15.91
2025-09-27,VV-VITA-381,2,36.18,36.18
2025-09-27,VV-VITA-387,1,25.51,28.34
2025-09-27,VV-VITA-86,1,19.64,24.55
2025-09-27,VV-VITA-93,1,13.52,16.9
2025-09-28,,4,68.27,72.25
2025-09-28,BJ-E223-8EKW,1,25.45,25.45
2025-09-28,VV-VITA-111,1,20.9,20.9
2025-09-28,VV-VITA-124,1,22.55,22.55
2025-09-28,VV-VITA-159,1,22.72,22.72
2025-09-28,VV-VITA-165,2,57.24,57.24
2025-09-28,VV-VITA-190,1,19.9,19.9
2025-09-28,VV-VITA-203,1,14.33,17.91
2025-09-28,VV-VITA-223,4,81.08,90.9
2025-09-28,VV-VITA-225,3,55.4,55.4
2025-09-28,VV-VITA-228,3,66.19,66.19
2025-09-28,VV-VITA-243,2,40.01,44.39
2025-09-28,VV-VITA-256,1,22.64,22.64
2025-09-28,VV-VITA-258,1,18.9,18.9
2025-09-28,VV-VITA-259,2,46.41,51.32
2025-09-28,VV-VITA-308,1,20.72,25.9
2025-09-28,VV-VITA-31,1,21.9,21.9
2025-09-28,VV-VITA-310,7,134.2,165.32
2025-09-28,VV-VITA-320,2,49.36,54.74
2025-09-28,VV-VITA-329,2,38.08,38.08
2025-09-28,VV-VITA-352,1,18.32,22.9
2025-09-28,VV-VITA-355,1,18.32,22.9
2025-09-28,VV-VITA-358,1,15.12,18.9
2025-09-28,VV-VITA-361,1,18.17,18.17
2025-09-28,VV-VITA-364,3,65.03,69.74
2025-09-28,VV-VITA-368,1,17.9,17.9
2025-09-28,VV-VITA-375,1,19.99,19.99
2025-09-28,VV-VITA-376,1,12.82,16.02
2025-09-28,VV-VITA-377,2,26.82,29.8
2025-09-28,VV-VITA-49,2,34.02,37.8
2025-09-28,VV-VITA-50,2,31.7,39.62
2025-09-28,VV-VITA-57-V,1,31.12,38.9
2025-09-28,VV-VITA-86,2,38,38
2025-09-28,VV-VITA-88,1,22.55,22.55
2025-09-28,VV-VITA-94,2,47.07,52.25
2025-09-29,,6,111.94,115.8
2025-09-29,CW-KVIN-V39Y,2,34.55,34.55
2025-09-29,VV-VITA-101,1,22.64,22.64
2025-09-29,VV-VITA-106,1,21.24,23.6
2025-09-29,VV-VITA-111,1,20.9,20.9
2025-09-29,VV-VITA-116,1,17.9,17.9
2025-09-29,VV-VITA-122,1,20.9,20.9
2025-09-29,VV-VITA-124,1,21.19,23.54
2025-09-29,VV-VITA-155,2,45.44,45.44
2025-09-29,VV-VITA-158,4,116.22,116.22
2025-09-29,VV-VITA-159,2,43.21,43.21
2025-09-29,VV-VITA-165,2,49.07,54.52
2025-09-29,VV-VITA-168,3,59.31,61.57
2025-09-29,VV-VITA-173,1,16.35,18.16
2025-09-29,VV-VITA-183,1,22.95,25.5
2025-09-29,VV-VITA-186,1,24.45,24.45
2025-09-29,VV-VITA-189,3,52.56,65.7
2025-09-29,VV-VITA-203,1,19.91,19.91
2025-09-29,VV-VITA-223,9,183.39,202.27
2025-09-29,VV-VITA-224,2,31.84,39.8
2025-09-29,VV-VITA-228,4,77.07,86.23
2025-09-29,VV-VITA-231,5,130.6,130.6
2025-09-29,VV-VITA-237,3,59.7,59.7
2025-09-29,VV-VITA-256,1,20.18,20.18
2025-09-29,VV-VITA-258,1,19.99,19.99
2025-09-29,VV-VITA-276,4,96.43,96.43
2025-09-29,VV-VITA-287,2,36,39.98
2025-09-29,VV-VITA-301,1,15.54,17.26
2025-09-29,VV-VITA-304,2,31.25,31.25
2025-09-29,VV-VITA-31,6,131.4,131.4
2025-09-29,VV-VITA-311,3,56.25,56.25
2025-09-29,VV-VITA-320,2,38.9,40.8
2025-09-29,VV-VITA-329,1,19.08,19.08
2025-09-29,VV-VITA-352,1,20.18,20.18
2025-09-29,VV-VITA-354,2,47.25,47.25
2025-09-29,VV-VITA-355,2,45.8,45.8
2025-09-29,VV-VITA-356,1,15.77,15.77
2025-09-29,VV-VITA-359,3,57.87,57.87
2025-09-29,VV-VITA-361,3,49.69,55.2
2025-09-29,VV-VITA-364,3,59.24,59.24
2025-09-29,VV-VITA-366,1,11.92,14.9
2025-09-29,VV-VITA-367,1,18.17,18.17
2025-09-29,VV-VITA-38,1,13.63,13.63
2025-09-29,VV-VITA-381,1,14.9,14.9
2025-09-29,VV-VITA-387,2,52.35,58.16
2025-09-29,VV-VITA-49,1,19.99,19.99
2025-09-29,VV-VITA-50,1,18.81,20.9
2025-09-29,VV-VITA-57-V,2,63.8,70.89
2025-09-29,VV-VITA-93,1,16.9,16.9
2025-09-29,VV-VITA-94,1,26.35,26.35
2025-09-30,,25,420.5,516.96
2025-09-30,VI-ZU99-SZ0B,1,17.18,17.18
2025-09-30,VV-VITA-101,1,20.72,25.9
2025-09-30,VV-VITA-122,7,133.75,146.29
2025-09-30,VV-VITA-124,6,130.96,143.09
2025-09-30,VV-VITA-127,1,22.72,22.72
2025-09-30,VV-VITA-151,1,21.06,21.06
2025-09-30,VV-VITA-155,1,18.41,18.41
2025-09-30,VV-VITA-165,1,22.76,22.76
2025-09-30,VV-VITA-173,1,17.53,17.53
2025-09-30,VV-VITA-198,2,34.53,36.33
2025-09-30,VV-VITA-202,1,18.17,18.17
2025-09-30,VV-VITA-203,1,19.91,19.91
2025-09-30,VV-VITA-216,1,20.9,20.9
2025-09-30,VV-VITA-222,2,45.41,47.8
2025-09-30,VV-VITA-223,10,192.98,236
2025-09-30,VV-VITA-224,6,95.52,119.4
2025-09-30,VV-VITA-225,2,45.31,45.31
2025-09-30,VV-VITA-228,2,43.62,43.62
2025-09-30,VV-VITA-231,2,51.11,53.8
2025-09-30,VV-VITA-243,1,23.63,23.63
2025-09-30,VV-VITA-248,-1,-22.4,0
2025-09-30,VV-VITA-257,2,53.8,53.8
2025-09-30,VV-VITA-277,1,16.35,16.35
2025-09-30,VV-VITA-287,3,56.45,60.61
2025-09-30,VV-VITA-304,1,11.92,14.9
2025-09-30,VV-VITA-311,2,32.71,36.34
2025-09-30,VV-VITA-313,1,20.82,20.82
2025-09-30,VV-VITA-320,4,92.81,107.6
2025-09-30,VV-VITA-329,1,19.08,19.08
2025-09-30,VV-VITA-345,4,87.19,89.68
2025-09-30,VV-VITA-351,2,33.2,33.2
2025-09-30,VV-VITA-352,3,67.7,69.99
2025-09-30,VV-VITA-355,1,20.61,22.9
2025-09-30,VV-VITA-356,1,16.35,16.35
2025-09-30,VV-VITA-358,3,45.36,56.7
2025-09-30,VV-VITA-361,1,19,19
2025-09-30,VV-VITA-364,3,68.98,68.98
2025-09-30,VV-VITA-366,1,13.91,15.44
2025-09-30,VV-VITA-367,1,18.17,18.17
2025-09-30,VV-VITA-38,1,13.63,13.63
2025-09-30,VV-VITA-381,1,14.9,14.9
2025-09-30,VV-VITA-49,1,17.99,19.98
2025-09-30,VV-VITA-63,1,22.9,22.9
2025-09-30,VV-VITA-86,1,20.9,20.9
2025-09-30,VV-VITA-94,1,20.72,25.9
2025-10-01,,9,170.37,174.15
2025-10-01,BJ-E223-8EKW,2,41.47,53.43
2025-10-01,TU-QNYD-JRRX,1,12.35,18.99
2025-10-01,VV-VITA-101,1,22.64,22.64
2025-10-01,VV-VITA-111,1,14.95,22.99
2025-10-01,VV-VITA-119,3,54.52,54.52
2025-10-01,VV-VITA-122,6,119.73,134.77
2025-10-01,VV-VITA-124,1,20.95,23.54
2025-10-01,VV-VITA-127,4,93.42,98.66
2025-10-01,VV-VITA-136,1,16.25,24.99
2025-10-01,VV-VITA-197,51,950.59,1270.9
2025-10-01,VV-VITA-203,1,17.91,17.91
2025-10-01,VV-VITA-223,9,150.59,203.64
2025-10-01,VV-VITA-224,3,62.7,62.7
2025-10-01,VV-VITA-225,1,20.9,20.9
2025-10-01,VV-VITA-228,2,35.01,45.8
2025-10-01,VV-VITA-230,3,65.79,69.51
2025-10-01,VV-VITA-243,1,16.9,25.99
2025-10-01,VV-VITA-247,2,30.73,39.82
2025-10-01,VV-VITA-248,1,20.82,20.82
2025-10-01,VV-VITA-249,1,16.9,25.99
2025-10-01,VV-VITA-287,1,19.9,19.9
2025-10-01,VV-VITA-295,1,19.11,20.9
2025-10-01,VV-VITA-308,2,45.27,45.27
2025-10-01,VV-VITA-311,3,56.01,58.78
2025-10-01,VV-VITA-316,1,14.95,16.34
2025-10-01,VV-VITA-320,8,192.11,203.24
2025-10-01,VV-VITA-329,1,19.08,19.08
2025-10-01,VV-VITA-339,4,90.54,90.54
2025-10-01,VV-VITA-342,10,177.47,219.78
2025-10-01,VV-VITA-349,1,18.17,18.17
2025-10-01,VV-VITA-361,2,31.17,38.16
2025-10-01,VV-VITA-363,4,55.25,69.06
2025-10-01,VV-VITA-364,4,94.5,94.5
2025-10-01,VV-VITA-367,2,30.59,34.17
2025-10-01,VV-VITA-369,1,13,19.99
2025-10-01,VV-VITA-377,2,29.87,32.06
2025-10-01,VV-VITA-379,3,47.58,54.92
2025-10-01,VV-VITA-381,1,14.9,14.9
2025-10-01,VV-VITA-382,1,16.98,19.07
2025-10-01,VV-VITA-383,1,18.17,18.17
2025-10-01,VV-VITA-386,2,43.65,53.44
2025-10-01,VV-VITA-387,1,25.9,25.9
2025-10-01,VV-VITA-39,1,13,19.99
2025-10-01,VV-VITA-49,1,14.3,21.99
2025-10-01,VV-VITA-86,6,117.84,147.3
2025-10-01,VV-VITA-93,2,27.04,33.8
2025-10-01,VV-VITA-94,2,44.75,54.89
2025-10-02,,7,109.02,117.82
2025-10-02,VV-VITA-119,4,69.65,69.65
2025-10-02,VV-VITA-124,1,23.55,23.55
2025-10-02,VV-VITA-151,3,72.61,72.61
2025-10-02,VV-VITA-158,4,101.34,103.93
2025-10-02,VV-VITA-159,1,18.95,21.05
2025-10-02,VV-VITA-202,1,11.63,12.92
2025-10-02,VV-VITA-215,1,19.08,19.08
2025-10-02,VV-VITA-216,1,19.9,19.9
2025-10-02,VV-VITA-222,1,19.12,23.9
2025-10-02,VV-VITA-223,1,17.49,19.43
2025-10-02,VV-VITA-225,1,21.39,21.39
2025-10-02,VV-VITA-228,4,80.21,82.07
2025-10-02,VV-VITA-231,2,54.79,54.79
2025-10-02,VV-VITA-237,2,31.84,39.8
2025-10-02,VV-VITA-243,4,77.99,84.15
2025-10-02,VV-VITA-247,1,17.35,19.91
2025-10-02,VV-VITA-287,1,19.9,19.9
2025-10-02,VV-VITA-298,1,20.82,20.82
2025-10-02,VV-VITA-301,2,34.36,34.36
2025-10-02,VV-VITA-31,1,19.71,21.9
2025-10-02,VV-VITA-320,5,116.12,116.12
2025-10-02,VV-VITA-329,8,137.61,151.17
2025-10-02,VV-VITA-338,3,57,57
2025-10-02,VV-VITA-339,4,68.44,79.88
2025-10-02,VV-VITA-345,1,25.5,25.5
2025-10-02,VV-VITA-354,1,17.52,21.9
2025-10-02,VV-VITA-355,1,16.76,18.62
2025-10-02,VV-VITA-359,3,50.88,59.97
2025-10-02,VV-VITA-363,3,50.7,50.7
2025-10-02,VV-VITA-380,1,10.17,11.3
2025-10-02,VV-VITA-387,1,18.95,21.05
2025-10-02,VV-VITA-57-V,1,35.45,35.45
2025-10-02,VV-VITA-86,2,39.8,39.8
2025-10-02,VV-VITA-88,5,115.9,122.42
2025-10-03,,7,134.37,136.16
2025-10-03,TU-QNYD-JRRX,1,17.91,17.91
2025-10-03,VV-VITA-107,1,17.18,17.18
2025-10-03,VV-VITA-111,1,20.32,20.32
2025-10-03,VV-VITA-122,1,18.81,20.9
2025-10-03,VV-VITA-136,1,22.72,22.72
2025-10-03,VV-VITA-146,1,17.91,19.9
2025-10-03,VV-VITA-151,1,24.6,24.6
2025-10-03,VV-VITA-155,1,22.72,22.72
2025-10-03,VV-VITA-158,1,23.65,26.27
2025-10-03,VV-VITA-165,1,26.51,26.51
2025-10-03,VV-VITA-170,1,17.01,18.9
2025-10-03,VV-VITA-171,2,54.53,54.53
2025-10-03,VV-VITA-198,1,18.17,18.17
2025-10-03,VV-VITA-223,1,24.45,24.45
2025-10-03,VV-VITA-225,2,39.43,39.43
2025-10-03,VV-VITA-228,4,87.24,87.24
2025-10-03,VV-VITA-243,1,20.82,20.82
2025-10-03,VV-VITA-247,1,18.26,18.26
2025-10-03,VV-VITA-249,1,23.9,23.9
2025-10-03,VV-VITA-259,1,26.74,26.74
2025-10-03,VV-VITA-276,1,22.41,24.9
2025-10-03,VV-VITA-298,2,44.42,44.42
2025-10-03,VV-VITA-303,1,18.17,18.17
2025-10-03,VV-VITA-31,3,65.7,65.7
2025-10-03,VV-VITA-313,2,38.73,40.81
2025-10-03,VV-VITA-320,1,21.73,21.73
2025-10-03,VV-VITA-329,1,17.91,19.9
2025-10-03,VV-VITA-339,2,45.28,45.28
2025-10-03,VV-VITA-355,1,22.9,22.9
2025-10-03,VV-VITA-356,1,19.81,19.81
2025-10-03,VV-VITA-358,1,17.01,18.9
2025-10-03,VV-VITA-363,1,16.9,16.9
2025-10-03,VV-VITA-367,1,18.17,18.17
2025-10-03,VV-VITA-371,3,43.76,43.76
2025-10-03,VV-VITA-379,2,35.8,35.8
2025-10-03,VV-VITA-38,3,50.62,50.62
2025-10-03,VV-VITA-381,3,43.21,44.7
2025-10-03,VV-VITA-387,2,55.26,58.15
2025-10-03,VV-VITA-86,1,17.1,19
2025-10-03,VV-VITA-94,3,62.16,62.16
2025-10-04,,9,143.57,143.57
2025-10-04,CW-KVIN-V39Y,1,27.39,27.39
2025-10-04,VV-VITA-106,1,18.7,21.8
2025-10-04,VV-VITA-109,1,15.12,18.9
2025-10-04,VV-VITA-119,1,18.17,18.17
2025-10-04,VV-VITA-124,1,21.2,23.54
2025-10-04,VV-VITA-127,2,45.44,45.44
2025-10-04,VV-VITA-142,1,25.9,25.9
2025-10-04,VV-VITA-158,1,31.9,31.9
2025-10-04,VV-VITA-159,2,51.8,51.8
2025-10-04,VV-VITA-171,1,24.54,27.26
2025-10-04,VV-VITA-188,1,17.99,19.98
2025-10-04,VV-VITA-222,1,21.34,21.34
2025-10-04,VV-VITA-223,1,23.9,23.9
2025-10-04,VV-VITA-225,1,22.65,22.65
2025-10-04,VV-VITA-228,4,85.21,88.32
2025-10-04,VV-VITA-230,3,70.6,70.6
2025-10-04,VV-VITA-231,2,50.75,50.75
2025-10-04,VV-VITA-247,2,37.67,37.67
2025-10-04,VV-VITA-249,1,23.9,23.9
2025-10-04,VV-VITA-258,1,17.13,19.99
2025-10-04,VV-VITA-287,1,19.9,19.9
2025-10-04,VV-VITA-298,1,21.26,23.62
2025-10-04,VV-VITA-301,1,18.86,18.86
2025-10-04,VV-VITA-311,1,18.17,18.17
2025-10-04,VV-VITA-316,1,19.9,19.9
2025-10-04,VV-VITA-320,3,82.58,82.58
2025-10-04,VV-VITA-329,2,34.35,38.16
2025-10-04,VV-VITA-339,1,19.81,19.81
2025-10-04,VV-VITA-355,1,22.72,22.72
2025-10-04,VV-VITA-364,2,43.8,43.8
2025-10-04,VV-VITA-367,1,17.9,17.9
2025-10-04,VV-VITA-368,1,21.71,21.71
2025-10-04,VV-VITA-39,1,16.36,18.16
2025-10-04,VV-VITA-49,2,38.89,38.89
2025-10-05,,9,132.02,136.45
2025-10-05,BJ-E223-8EKW,2,57.8,57.8
2025-10-05,VV-VITA-119,2,37.8,37.8
2025-10-05,VV-VITA-127,2,49.8,49.8
2025-10-05,VV-VITA-129,1,15.12,15.12
2025-10-05,VV-VITA-151,2,40.17,49.25
2025-10-05,VV-VITA-155,1,22.72,22.72
2025-10-05,VV-VITA-188,2,35.8,35.8
2025-10-05,VV-VITA-223,3,66.03,73.36
2025-10-05,VV-VITA-225,1,16.46,16.46
2025-10-05,VV-VITA-237,1,19.9,19.9
2025-10-05,VV-VITA-243,2,37.37,39.56
2025-10-05,VV-VITA-247,1,17.7,20.81
2025-10-05,VV-VITA-252,3,70.88,70.88
2025-10-05,VV-VITA-259,2,50.9,50.9
2025-10-05,VV-VITA-287,1,19.9,19.9
2025-10-05,VV-VITA-308,1,22.64,22.64
2025-10-05,VV-VITA-31,1,16.02,17.8
2025-10-05,VV-VITA-310,1,21.71,21.71
2025-10-05,VV-VITA-313,2,34.01,39.98
2025-10-05,VV-VITA-320,2,53.8,53.8
2025-10-05,VV-VITA-329,1,19.9,19.9
2025-10-05,VV-VITA-331,1,14.56,16.17
2025-10-05,VV-VITA-338,3,46.4,48.01
2025-10-05,VV-VITA-341,1,17.26,17.26
2025-10-05,VV-VITA-342,1,18.17,18.17
2025-10-05,VV-VITA-355,3,53.11,64.06
2025-10-05,VV-VITA-366,2,26.96,28.45
2025-10-05,VV-VITA-367,1,16.42,16.42
2025-10-05,VV-VITA-373,1,10.9,12.11
2025-10-05,VV-VITA-38,2,33.78,33.78
2025-10-05,VV-VITA-381,1,16.06,16.06
2025-10-05,VV-VITA-49,4,71.02,76.69
2025-10-05,VV-VITA-50,1,19.9,19.9
2025-10-06,,26,402.48,533.69
2025-10-06,VI-ZU99-SZ0B,1,17.9,17.9
2025-10-06,VV-VITA-106,2,34.9,43.61
2025-10-06,VV-VITA-111,4,51.74,79.6
2025-10-06,VV-VITA-116,1,18.17,18.17
2025-10-06,VV-VITA-121,3,42.71,65.7
2025-10-06,VV-VITA-122,7,131.64,147.97
2025-10-06,VV-VITA-127,1,21.14,23.48
2025-10-06,VV-VITA-151,3,71.7,71.7
2025-10-06,VV-VITA-155,6,96.14,125.4
2025-10-06,VV-VITA-158,2,40.8,51
2025-10-06,VV-VITA-159,13,224.74,333.52
2025-10-06,VV-VITA-170,4,49.14,75.6
2025-10-06,VV-VITA-173,4,51.74,79.6
2025-10-06,VV-VITA-183,2,42.38,47.08
2025-10-06,VV-VITA-188,1,11.64,17.9
2025-10-06,VV-VITA-202,2,27.46,28.9
2025-10-06,VV-VITA-203,1,19.9,19.9
2025-10-06,VV-VITA-215,2,37.8,37.8
2025-10-06,VV-VITA-222,4,62.14,95.6
2025-10-06,VV-VITA-223,12,246.8,281.45
2025-10-06,VV-VITA-224,2,37.51,41.66
2025-10-06,VV-VITA-228,5,108.52,112.88
2025-10-06,VV-VITA-230,3,50.51,77.7
2025-10-06,VV-VITA-237,1,17.91,19.9
2025-10-06,VV-VITA-243,27,410.25,594.21
2025-10-06,VV-VITA-247,1,19.9,19.9
2025-10-06,VV-VITA-252,4,59.54,91.6
2025-10-06,VV-VITA-287,3,45.77,59.7
2025-10-06,VV-VITA-298,3,53.4,69.43
2025-10-06,VV-VITA-308,6,105.15,150.85
2025-10-06,VV-VITA-31,1,21.9,21.9
2025-10-06,VV-VITA-310,8,148.84,192.41
2025-10-06,VV-VITA-311,5,93.12,96.73
2025-10-06,VV-VITA-313,5,61.43,94.5
2025-10-06,VV-VITA-320,2,44.28,48.62
2025-10-06,VV-VITA-329,2,30.54,38.16
2025-10-06,VV-VITA-331,3,38.81,59.7
2025-10-06,VV-VITA-339,2,45.27,45.27
2025-10-06,VV-VITA-342,1,19.91,19.91
2025-10-06,VV-VITA-349,2,36.35,36.35
2025-10-06,VV-VITA-351,1,15.99,19.98
2025-10-06,VV-VITA-352,1,18.84,23.55
2025-10-06,VV-VITA-354,12,170.82,262.8
2025-10-06,VV-VITA-355,1,22.72,22.72
2025-10-06,VV-VITA-356,3,49.06,49.06
2025-10-06,VV-VITA-361,1,18.17,18.17
2025-10-06,VV-VITA-363,4,43.94,67.6
2025-10-06,VV-VITA-366,6,69.63,90.49
2025-10-06,VV-VITA-368,1,19.28,19.28
2025-10-06,VV-VITA-378,3,46.34,46.34
2025-10-06,VV-VITA-38,3,42.32,42.32
2025-10-06,VV-VITA-380,2,22.75,25.27
2025-10-06,VV-VITA-381,1,14.9,14.9
2025-10-06,VV-VITA-383,1,14.32,17.9
2025-10-06,VV-VITA-50,3,38.81,59.7
2025-10-06,VV-VITA-88,5,77.68,119.5
2025-10-06,VV-VITA-93,4,43.94,67.6
2025-10-06,VV-VITA-94,6,116.89,158.95
2025-10-07,,15,231.09,255.45
2025-10-07,VV-VITA-101,1,25.9,25.9
2025-10-07,VV-VITA-106,1,18.32,22.9
2025-10-07,VV-VITA-107,1,14.45,14.45
2025-10-07,VV-VITA-119,1,18.9,18.9
2025-10-07,VV-VITA-121,1,22.72,22.72
2025-10-07,VV-VITA-122,3,61.83,68.7
2025-10-07,VV-VITA-127,2,45.27,45.27
2025-10-07,VV-VITA-142,9,182.2,202.42
2025-10-07,VV-VITA-146,1,16.35,18.16
2025-10-07,VV-VITA-151,1,23.9,23.9
2025-10-07,VV-VITA-155,1,16.72,20.9
2025-10-07,VV-VITA-158,1,22.91,25.44
2025-10-07,VV-VITA-166,3,53.73,59.7
2025-10-07,VV-VITA-173,1,15.92,19.9
2025-10-07,VV-VITA-186,1,25.9,25.9
2025-10-07,VV-VITA-189,1,17.95,17.95
2025-10-07,VV-VITA-203,3,55.72,59.7
2025-10-07,VV-VITA-204,1,15.49,15.49
2025-10-07,VV-VITA-222,6,134.71,137.07
2025-10-07,VV-VITA-223,6,112.82,137.4
2025-10-07,VV-VITA-224,5,109.41,111.5
2025-10-07,VV-VITA-243,1,21.9,21.9
2025-10-07,VV-VITA-250,4,69.7,79.17
2025-10-07,VV-VITA-252,1,18.77,18.77
2025-10-07,VV-VITA-256,1,23.64,23.64
2025-10-07,VV-VITA-287,2,39.8,39.8
2025-10-07,VV-VITA-298,1,22.9,22.9
2025-10-07,VV-VITA-304,2,26.82,29.8
2025-10-07,VV-VITA-308,6,139.86,155.4
2025-10-07,VV-VITA-313,1,14.95,15.88
2025-10-07,VV-VITA-320,6,142.76,142.76
2025-10-07,VV-VITA-342,5,98.55,109.5
2025-10-07,VV-VITA-345,2,41.8,41.8
2025-10-07,VV-VITA-355,1,18.32,22.9
2025-10-07,VV-VITA-376,1,15.9,15.9
2025-10-07,VV-VITA-377,1,15.25,18.17
2025-10-07,VV-VITA-379,1,14.67,14.67
2025-10-07,VV-VITA-39,1,18.17,18.17
2025-10-07,VV-VITA-86,1,19.9,19.9
2025-10-07,VV-VITA-94,4,81.95,87.05
2025-10-08,,23,316.18,422.19
2025-10-08,BJ-E223-8EKW,6,116.83,169.94
2025-10-08,TU-QNYD-JRRX,2,24.69,37.98
2025-10-08,VI-ZU99-SZ0B,3,45.15,51.78
2025-10-08,VV-VITA-101,7,115.37,177.48
2025-10-08,VV-VITA-109,3,50.75,50.75
2025-10-08,VV-VITA-121,3,55.21,72.7
2025-10-08,VV-VITA-122,2,29.89,45.98
2025-10-08,VV-VITA-127,2,43.41,43.41
2025-10-08,VV-VITA-136,2,32.49,49.98
2025-10-08,VV-VITA-142,5,74.43,114.5
2025-10-08,VV-VITA-151,1,16.9,25.99
2025-10-08,VV-VITA-155,1,20.45,22.72
2025-10-08,VV-VITA-158,4,72.78,111.96
2025-10-08,VV-VITA-159,18,305.47,461.2
2025-10-08,VV-VITA-168,1,23.9,23.9
2025-10-08,VV-VITA-171,2,47.6,51.15
2025-10-08,VV-VITA-183,5,84.18,129.5
2025-10-08,VV-VITA-202,4,62.34,76.33
2025-10-08,VV-VITA-203,10,154.1,195.91
2025-10-08,VV-VITA-204,2,24.69,37.98
2025-10-08,VV-VITA-215,7,88.72,136.48
2025-10-08,VV-VITA-223,5,100.34,104.5
2025-10-08,VV-VITA-224,1,20.9,20.9
2025-10-08,VV-VITA-228,6,115.45,126.15
2025-10-08,VV-VITA-230,1,21.73,21.73
2025-10-08,VV-VITA-237,5,82.29,82.29
2025-10-08,VV-VITA-243,6,109.93,137.21
2025-10-08,VV-VITA-247,5,74.43,114.5
2025-10-08,VV-VITA-249,6,97.6,139.42
2025-10-08,VV-VITA-257,5,87.43,134.5
2025-10-08,VV-VITA-259,1,25.9,25.9
2025-10-08,VV-VITA-262,2,34.73,39.8
2025-10-08,VV-VITA-264,1,23.98,23.98
2025-10-08,VV-VITA-277,1,12.9,12.9
2025-10-08,VV-VITA-298,3,50.69,77.97
2025-10-08,VV-VITA-301,5,68.09,95.86
2025-10-08,VV-VITA-303,1,13,19.99
2025-10-08,VV-VITA-310,3,65.12,65.12
2025-10-08,VV-VITA-311,1,19.9,19.9
2025-10-08,VV-VITA-313,2,28.59,43.98
2025-10-08,VV-VITA-317,3,59.7,59.7
2025-10-08,VV-VITA-320,16,273.95,399.93
2025-10-08,VV-VITA-341,2,28.5,31.8
2025-10-08,VV-VITA-342,2,40.56,43.8
2025-10-08,VV-VITA-350,1,13,19.99
2025-10-08,VV-VITA-354,3,55.69,73.88
2025-10-08,VV-VITA-355,1,20.31,22.71
2025-10-08,VV-VITA-358,5,61.43,94.5
2025-10-08,VV-VITA-363,2,32.55,32.55
2025-10-08,VV-VITA-364,1,21.11,23.62
2025-10-08,VV-VITA-365,1,14.9,14.9
2025-10-08,VV-VITA-367,6,74.53,107.66
2025-10-08,VV-VITA-369,1,17.9,17.9
2025-10-08,VV-VITA-373,1,12.35,18.99
2025-10-08,VV-VITA-376,1,14.96,15.9
2025-10-08,VV-VITA-38,4,38.98,59.96
2025-10-08,VV-VITA-381,1,14.9,14.9
2025-10-08,VV-VITA-386,1,18.2,27.99
2025-10-08,VV-VITA-387,1,23.31,25.9
2025-10-08,VV-VITA-39,2,25.99,39.98
2025-10-08,VV-VITA-57-V,3,109.78,116.7
2025-10-08,VV-VITA-94,1,23.72,26.35
2025-10-09,,7,121.92,121.92
2025-10-09,TU-QNYD-JRRX,1,17.26,17.26
2025-10-09,VV-VITA-101,2,39.62,39.62
2025-10-09,VV-VITA-106,1,22.9,22.9
2025-10-09,VV-VITA-119,4,63.6,72.69
2025-10-09,VV-VITA-121,1,20.76,20.76
2025-10-09,VV-VITA-122,1,18.17,20.89
2025-10-09,VV-VITA-124,1,20.49,23.54
2025-10-09,VV-VITA-127,5,101.96,118.11
2025-10-09,VV-VITA-151,2,50.08,50.08
2025-10-09,VV-VITA-155,1,22.72,22.72
2025-10-09,VV-VITA-158,1,25.45,25.45
2025-10-09,VV-VITA-159,3,80.14,80.14
2025-10-09,VV-VITA-165,2,54.53,54.53
2025-10-09,VV-VITA-171,3,69.75,69.75
2025-10-09,VV-VITA-183,1,25.5,25.5
2025-10-09,VV-VITA-197,50,933.75,1245
2025-10-09,VV-VITA-223,4,84.61,86.8
2025-10-09,VV-VITA-228,3,60.08,64.43
2025-10-09,VV-VITA-230,2,43.62,43.62
2025-10-09,VV-VITA-243,4,85.44,85.44
2025-10-09,VV-VITA-264,1,25.9,25.9
2025-10-09,VV-VITA-276,1,23.49,23.49
2025-10-09,VV-VITA-287,1,19.9,19.9
2025-10-09,VV-VITA-297,2,31.84,31.84
2025-10-09,VV-VITA-304,4,63.96,63.96
2025-10-09,VV-VITA-308,4,88.06,103.6
2025-10-09,VV-VITA-310,3,56.34,65.43
2025-10-09,VV-VITA-311,2,36.35,36.35
2025-10-09,VV-VITA-313,1,19.99,19.99
2025-10-09,VV-VITA-320,3,63.15,65.05
2025-10-09,VV-VITA-329,3,54.26,54.26
2025-10-09,VV-VITA-338,4,69.05,69.05
2025-10-09,VV-VITA-345,2,41.8,41.8
2025-10-09,VV-VITA-354,1,21.9,21.9
2025-10-09,VV-VITA-364,2,47.25,47.25
2025-10-09,VV-VITA-379,3,57.24,57.24
2025-10-09,VV-VITA-38,1,18.9,18.9
2025-10-09,VV-VITA-381,2,34.53,34.53
2025-10-09,VV-VITA-50,3,48.79,50.61
2025-10-09,VV-VITA-88,1,22.14,25.44
2025-10-09,VV-VITA-94,1,25.9,25.9
2025-10-10,,6,83.76,97.34
2025-10-10,BJ-E223-8EKW,2,51.77,51.77
2025-10-10,VV-VITA-101,1,15.85,19.81
2025-10-10,VV-VITA-106,1,23.59,23.59
2025-10-10,VV-VITA-155,1,20.9,20.9
2025-10-10,VV-VITA-158,1,31.9,31.9
2025-10-10,VV-VITA-165,4,113.35,120.4
2025-10-10,VV-VITA-203,1,18.17,18.17
2025-10-10,VV-VITA-223,3,73,73
2025-10-10,VV-VITA-225,1,18.12,22.65
2025-10-10,VV-VITA-228,1,24.55,24.55
2025-10-10,VV-VITA-230,2,50.61,53.76
2025-10-10,VV-VITA-264,1,22.65,22.65
2025-10-10,VV-VITA-287,1,17.36,21.7
2025-10-10,VV-VITA-301,1,17.26,17.26
2025-10-10,VV-VITA-304,1,16.35,16.35
2025-10-10,VV-VITA-320,1,19.08,19.08
2025-10-10,VV-VITA-326,1,21.14,23.48
2025-10-10,VV-VITA-329,1,16.9,18.77
2025-10-10,VV-VITA-338,1,19.9,19.9
2025-10-10,VV-VITA-339,2,38.16,38.16
2025-10-10,VV-VITA-341,1,17.26,17.26
2025-10-10,VV-VITA-355,3,68.16,68.16
2025-10-10,VV-VITA-361,1,18.17,18.17
2025-10-10,VV-VITA-364,1,21.73,21.73
2025-10-10,VV-VITA-367,1,21.71,21.71
2025-10-10,VV-VITA-376,2,31.8,31.8
2025-10-10,VV-VITA-379,2,36.98,36.98
2025-10-10,VV-VITA-381,3,44.7,44.7
2025-10-10,VV-VITA-49,3,57,57
2025-10-10,VV-VITA-93,1,16.9,16.9
2025-10-10,VV-VITA-94,1,29,29
2025-10-11,,3,60.21,60.21
2025-10-11,BJ-E223-8EKW,1,25.45,25.45
2025-10-11,VV-VITA-119,1,18.17,18.17
2025-10-11,VV-VITA-121,2,42.66,42.66
2025-10-11,VV-VITA-122,1,18.86,18.86
2025-10-11,VV-VITA-127,1,24.9,24.9
2025-10-11,VV-VITA-198,1,9.9,19.9
2025-10-11,VV-VITA-222,1,23.9,23.9
2025-10-11,VV-VITA-223,2,38.24,47.8
2025-10-11,VV-VITA-228,1,24.55,24.55
2025-10-11,VV-VITA-287,1,19.99,19.99
2025-10-11,VV-VITA-311,1,18.17,18.17
2025-10-11,VV-VITA-316,1,15.92,19.9
2025-10-11,VV-VITA-320,4,94.4,99.78
2025-10-11,VV-VITA-341,1,15.27,16.96
2025-10-11,VV-VITA-343,1,18.68,20.75
2025-10-11,VV-VITA-365,1,14.9,14.9
2025-10-11,VV-VITA-381,1,14.9,14.9
2025-10-11,VV-VITA-39,1,16.61,20.76
2025-10-11,VV-VITA-93,2,28.83,32.03
2025-10-12,,16,282.23,292.8
2025-10-12,BJ-E223-8EKW,1,25.45,25.45
2025-10-12,CW-KVIN-V39Y,1,18.81,20.9
2025-10-12,VI-ZU99-SZ0B,1,16.97,16.97
2025-10-12,VV-VITA-116,1,18.17,18.17
2025-10-12,VV-VITA-119,1,14.77,15.87
2025-10-12,VV-VITA-124,4,76.98,78.37
2025-10-12,VV-VITA-142,5,95,104.09
2025-10-12,VV-VITA-146,2,36.34,36.34
2025-10-12,VV-VITA-151,1,23.9,23.9
2025-10-12,VV-VITA-158,1,25.45,25.45
2025-10-12,VV-VITA-190,1,20.9,20.9
2025-10-12,VV-VITA-203,3,51.74,59.7
2025-10-12,VV-VITA-223,10,210.52,217.69
2025-10-12,VV-VITA-224,5,81.59,99.5
2025-10-12,VV-VITA-225,1,13.18,22.66
2025-10-12,VV-VITA-230,4,88.42,103.6
2025-10-12,VV-VITA-243,1,21.9,21.9
2025-10-12,VV-VITA-249,1,23.9,23.9
2025-10-12,VV-VITA-259,1,25.45,25.45
2025-10-12,VV-VITA-287,3,53.73,59.7
2025-10-12,VV-VITA-298,2,37.24,37.24
2025-10-12,VV-VITA-301,1,15.92,19.9
2025-10-12,VV-VITA-311,2,36.35,36.35
2025-10-12,VV-VITA-313,2,35.4,41.63
2025-10-12,VV-VITA-317,5,87.67,87.67
2025-10-12,VV-VITA-320,2,51.11,53.8
2025-10-12,VV-VITA-326,1,21.71,21.71
2025-10-12,VV-VITA-338,4,64.43,71.26
2025-10-12,VV-VITA-339,1,19.81,19.81
2025-10-12,VV-VITA-341,3,46.09,46.09
2025-10-12,VV-VITA-342,2,40.07,40.07
2025-10-12,VV-VITA-355,1,22.72,22.72
2025-10-12,VV-VITA-356,1,17.9,17.9
2025-10-12,VV-VITA-361,1,18.17,18.17
2025-10-12,VV-VITA-364,5,104.59,104.59
2025-10-12,VV-VITA-367,2,43.46,43.46
2025-10-12,VV-VITA-38,5,70.43,72.64
2025-10-12,VV-VITA-383,2,32.16,33.21
2025-10-12,VV-VITA-49,2,33.77,34.87
2025-10-12,VV-VITA-57-V,1,38.9,38.9
2025-10-12,VV-VITA-94,1,20.24,21.76
2025-10-13,,11,172.88,174.37
2025-10-13,BJ-E223-8EKW,3,75.14,86.7
2025-10-13,TU-QNYD-JRRX,1,17.26,17.26
2025-10-13,VV-VITA-116,2,28.64,35.8
2025-10-13,VV-VITA-127,1,19.91,19.91
2025-10-13,VV-VITA-136,1,20.45,22.72
2025-10-13,VV-VITA-146,1,19.9,19.9
2025-10-13,VV-VITA-155,1,20.9,20.9
2025-10-13,VV-VITA-158,1,22.9,25.44
2025-10-13,VV-VITA-159,5,84.18,129.5
2025-10-13,VV-VITA-183,5,84.18,129.5
2025-10-13,VV-VITA-188,2,35.8,35.8
2025-10-13,VV-VITA-203,1,18.09,18.09
2025-10-13,VV-VITA-215,1,18.9,18.9
2025-10-13,VV-VITA-223,8,166.02,182.75
2025-10-13,VV-VITA-224,5,84.58,100.5
2025-10-13,VV-VITA-228,8,137.67,180.03
2025-10-13,VV-VITA-230,1,25.9,25.9
2025-10-13,VV-VITA-243,9,147.86,194.94
2025-10-13,VV-VITA-247,1,13.16,16.45
2025-10-13,VV-VITA-249,2,47.8,47.8
2025-10-13,VV-VITA-256,2,41.22,45.8
2025-10-13,VV-VITA-259,1,25.45,25.45
2025-10-13,VV-VITA-276,4,99.06,101.41
2025-10-13,VV-VITA-298,1,23.63,23.63
2025-10-13,VV-VITA-301,1,17.26,17.26
2025-10-13,VV-VITA-303,1,16.35,18.16
2025-10-13,VV-VITA-311,3,54.54,54.54
2025-10-13,VV-VITA-316,1,18.09,18.09
2025-10-13,VV-VITA-317,6,80.86,115.68
2025-10-13,VV-VITA-320,7,136.09,185.85
2025-10-13,VV-VITA-326,5,80.93,124.5
2025-10-13,VV-VITA-329,6,82.77,117.59
2025-10-13,VV-VITA-338,1,19,19
2025-10-13,VV-VITA-355,6,97.98,138.05
2025-10-13,VV-VITA-358,6,83.16,116.23
2025-10-13,VV-VITA-364,2,36.21,39.83
2025-10-13,VV-VITA-368,2,34.01,35.8
2025-10-13,VV-VITA-379,1,17.17,19.07
2025-10-13,VV-VITA-381,5,71.79,71.79
2025-10-13,VV-VITA-382,1,15.12,18.9
2025-10-13,VV-VITA-383,1,17.9,17.9
2025-10-13,VV-VITA-387,1,25.9,25.9
2025-10-13,VV-VITA-49,2,35.91,37.8
2025-10-13,VV-VITA-86,1,17.91,19.9
2025-10-13,VV-VITA-90,3,55.24,55.24
2025-10-13,VV-VITA-94,2,52.31,54.9
2025-10-14,,11,180.01,196.29
2025-10-14,CW-KVIN-V39Y,2,27.17,41.8
2025-10-14,VV-VITA-101,1,23.31,25.9
2025-10-14,VV-VITA-102,1,19.9,19.9
2025-10-14,VV-VITA-106,3,68.7,68.7
2025-10-14,VV-VITA-111,1,19.9,19.9
2025-10-14,VV-VITA-116,2,32.55,32.55
2025-10-14,VV-VITA-122,1,20.9,20.9
2025-10-14,VV-VITA-127,4,94.62,99.6
2025-10-14,VV-VITA-142,3,77.7,77.7
2025-10-14,VV-VITA-155,4,54.34,83.6
2025-10-14,VV-VITA-159,2,48.62,48.62
2025-10-14,VV-VITA-165,1,27.18,27.18
2025-10-14,VV-VITA-166,2,31.35,41.8
2025-10-14,VV-VITA-171,1,27.26,27.26
2025-10-14,VV-VITA-172,2,25.87,39.8
2025-10-14,VV-VITA-173,7,118,131.93
2025-10-14,VV-VITA-197,1,19.91,19.91
2025-10-14,VV-VITA-202,3,39.03,43.36
2025-10-14,VV-VITA-203,2,39.8,39.8
2025-10-14,VV-VITA-222,3,73.84,73.84
2025-10-14,VV-VITA-223,1,20.9,20.9
2025-10-14,VV-VITA-224,3,59.7,59.7
2025-10-14,VV-VITA-225,2,39.31,39.31
2025-10-14,VV-VITA-228,2,46.56,46.56
2025-10-14,VV-VITA-230,1,21.73,21.73
2025-10-14,VV-VITA-237,4,76.96,76.96
2025-10-14,VV-VITA-247,3,59.7,59.7
2025-10-14,VV-VITA-252,2,29.77,45.8
2025-10-14,VV-VITA-258,8,139.47,154.96
2025-10-14,VV-VITA-259,5,112.12,127.68
2025-10-14,VV-VITA-276,5,85.03,123.22
2025-10-14,VV-VITA-284,2,31.07,47.8
2025-10-14,VV-VITA-308,12,202.02,310.8
2025-10-14,VV-VITA-31,1,21.9,21.9
2025-10-14,VV-VITA-311,1,18.18,18.18
2025-10-14,VV-VITA-319,1,20.44,20.44
2025-10-14,VV-VITA-320,3,82.8,82.8
2025-10-14,VV-VITA-329,3,51.56,55.17
2025-10-14,VV-VITA-342,1,15.62,18.17
2025-10-14,VV-VITA-352,1,24.54,24.54
2025-10-14,VV-VITA-354,1,19.91,19.91
2025-10-14,VV-VITA-355,1,19.52,22.72
2025-10-14,VV-VITA-358,1,18.9,18.9
2025-10-14,VV-VITA-364,6,104.19,134.85
2025-10-14,VV-VITA-367,1,17.9,17.9
2025-10-14,VV-VITA-368,1,17.9,17.9
2025-10-14,VV-VITA-371,9,106.79,155.1
2025-10-14,VV-VITA-50,5,71.65,99.51
2025-10-14,VV-VITA-88,2,31.07,47.8
2025-10-14,VV-VITA-94,1,26.89,26.89
2025-10-15,,16,211.44,268.64
2025-10-15,CW-KVIN-V39Y,2,45.31,54.78
2025-10-15,NX-CVPF-VCEZ,4,54.36,83.6
2025-10-15,VV-VITA-107,5,61.45,94.5
2025-10-15,VV-VITA-109,2,24.58,37.8
2025-10-15,VV-VITA-111,1,12.94,19.9
2025-10-15,VV-VITA-119,5,61.45,94.5
2025-10-15,VV-VITA-121,2,36.35,45.44
2025-10-15,VV-VITA-124,7,125.15,166.95
2025-10-15,VV-VITA-127,10,161.9,249
2025-10-15,VV-VITA-142,5,84.2,129.5
2025-10-15,VV-VITA-146,1,16.31,18.17
2025-10-15,VV-VITA-151,1,19.12,23.9
2025-10-15,VV-VITA-155,1,20.9,20.9
2025-10-15,VV-VITA-158,9,214.85,280.65
2025-10-15,VV-VITA-159,2,45.44,45.44
2025-10-15,VV-VITA-165,1,22.67,28.33
2025-10-15,VV-VITA-170,1,19.39,19.39
2025-10-15,VV-VITA-183,10,168.4,259
2025-10-15,VV-VITA-190,1,19.9,19.9
2025-10-15,VV-VITA-197,55,1014.45,1369.5
2025-10-15,VV-VITA-202,2,23.34,31.8
2025-10-15,VV-VITA-203,1,18.17,18.17
2025-10-15,VV-VITA-216,5,64.7,99.5
2025-10-15,VV-VITA-222,7,116.58,164.46
2025-10-15,VV-VITA-223,5,111.27,113.66
2025-10-15,VV-VITA-224,3,49.37,57.33
2025-10-15,VV-VITA-225,1,15.86,21.5
2025-10-15,VV-VITA-228,10,175.18,227.91
2025-10-15,VV-VITA-230,10,168.4,259
2025-10-15,VV-VITA-237,1,19.9,19.9
2025-10-15,VV-VITA-243,32,489.62,698.84
2025-10-15,VV-VITA-249,8,163.75,181.94
2025-10-15,VV-VITA-257,2,53.8,53.8
2025-10-15,VV-VITA-259,1,25.9,25.9
2025-10-15,VV-VITA-264,1,22.65,22.65
2025-10-15,VV-VITA-276,10,180.56,249
2025-10-15,VV-VITA-287,2,34.78,39.8
2025-10-15,VV-VITA-301,1,17.91,19.9
2025-10-15,VV-VITA-303,2,31.84,39.8
2025-10-15,VV-VITA-307,2,19.98,29.07
2025-10-15,VV-VITA-308,9,158.35,230.83
2025-10-15,VV-VITA-31,3,59.73,59.73
2025-10-15,VV-VITA-310,5,80.95,124.5
2025-10-15,VV-VITA-311,3,55.6,55.6
2025-10-15,VV-VITA-317,5,64.7,99.5
2025-10-15,VV-VITA-320,9,194.79,205.43
2025-10-15,VV-VITA-326,5,80.95,124.5
2025-10-15,VV-VITA-329,7,92.22,136.11
2025-10-15,VV-VITA-338,1,19.9,19.9
2025-10-15,VV-VITA-339,5,64.7,99.5
2025-10-15,VV-VITA-341,2,28.57,33.1
2025-10-15,VV-VITA-342,8,133.17,171.47
2025-10-15,VV-VITA-352,3,53.33,69.35
2025-10-15,VV-VITA-354,4,75,85
2025-10-15,VV-VITA-355,5,74.45,114.5
2025-10-15,VV-VITA-359,8,103.87,151.2
2025-10-15,VV-VITA-361,1,12.67,16.9
2025-10-15,VV-VITA-364,9,152.38,196.23
2025-10-15,VV-VITA-367,1,17.9,17.9
2025-10-15,VV-VITA-378,1,9.36,10.4
2025-10-15,VV-VITA-380,5,45.2,69.5
2025-10-15,VV-VITA-383,1,18.17,18.17
2025-10-15,VV-VITA-385,1,13.52,16.9
2025-10-15,VV-VITA-386,1,25.45,25.45
2025-10-15,VV-VITA-395,1,12.29,18.9
2025-10-15,VV-VITA-49,6,78.79,111.84
2025-10-15,VV-VITA-50,9,141.18,182.09
2025-10-15,VV-VITA-63,2,29.78,45.8
2025-10-15,VV-VITA-86,1,14.88,19.9
2025-10-15,VV-VITA-94,11,220.54,272.69
2025-10-16,,5,97.22,99.49
2025-10-16,VI-ZU99-SZ0B,6,101.72,101.72
2025-10-16,VV-VITA-101,2,43.62,43.62
2025-10-16,VV-VITA-106,3,67.91,67.91
2025-10-16,VV-VITA-109,3,56.7,56.7
2025-10-16,VV-VITA-111,1,20.9,20.9
2025-10-16,VV-VITA-119,3,53.37,55.96
2025-10-16,VV-VITA-124,1,21.73,21.73
2025-10-16,VV-VITA-127,3,71.51,71.51
2025-10-16,VV-VITA-129,1,18.9,18.9
2025-10-16,VV-VITA-136,1,19.47,22.71
2025-10-16,VV-VITA-142,2,38.84,51.8
2025-10-16,VV-VITA-155,1,19.76,22.71
2025-10-16,VV-VITA-159,1,19.47,22.71
2025-10-16,VV-VITA-171,4,83.68,111.6
2025-10-16,VV-VITA-189,3,65.7,65.7
2025-10-16,VV-VITA-202,1,18.17,18.17
2025-10-16,VV-VITA-223,5,102.55,115.15
2025-10-16,VV-VITA-224,2,39.8,39.8
2025-10-16,VV-VITA-225,1,20.34,21.56
2025-10-16,VV-VITA-228,3,59.54,68.7
2025-10-16,VV-VITA-237,1,19.9,19.9
2025-10-16,VV-VITA-243,3,62.68,69.15
2025-10-16,VV-VITA-249,4,83.08,92.52
2025-10-16,VV-VITA-252,2,41.12,47.25
2025-10-16,VV-VITA-257,1,26.9,26.9
2025-10-16,VV-VITA-287,2,35.82,39.8
2025-10-16,VV-VITA-298,2,42.42,42.42
2025-10-16,VV-VITA-301,3,59.03,59.03
2025-10-16,VV-VITA-304,2,30.5,32.34
2025-10-16,VV-VITA-308,8,190.09,190.09
2025-10-16,VV-VITA-311,1,19.3,20.48
2025-10-16,VV-VITA-313,3,57.79,57.79
2025-10-16,VV-VITA-320,1,19.08,19.08
2025-10-16,VV-VITA-329,3,52.9,58.05
2025-10-16,VV-VITA-336,1,18.17,18.17
2025-10-16,VV-VITA-341,1,16.26,17.25
2025-10-16,VV-VITA-342,2,43.25,44.54
2025-10-16,VV-VITA-345,1,25.5,25.5
2025-10-16,VV-VITA-355,3,63.81,70.2
2025-10-16,VV-VITA-356,1,16.89,16.89
2025-10-16,VV-VITA-361,1,16.9,16.9
2025-10-16,VV-VITA-364,11,242.63,242.63
2025-10-16,VV-VITA-366,4,61,64.68
2025-10-16,VV-VITA-367,1,17.9,17.9
2025-10-16,VV-VITA-371,1,15.9,15.9
2025-10-16,VV-VITA-376,3,46.02,46.02
2025-10-16,VV-VITA-378,1,9.29,12.9
2025-10-16,VV-VITA-379,2,29.07,38.16
2025-10-16,VV-VITA-38,1,13.63,13.63
2025-10-16,VV-VITA-395,1,20.9,20.9
2025-10-16,VV-VITA-50,1,20.9,20.9
2025-10-16,VV-VITA-57-V,1,35.45,35.45
2025-10-16,VV-VITA-57-V2,2,45.44,45.44
2025-10-16,VV-VITA-93,2,28.27,33.8
2025-10-17,,3,52.76,76.63
2025-10-17,NX-CVPF-VCEZ,1,19.15,21.8
2025-10-17,VV-VITA-101,1,22.64,22.64
2025-10-17,VV-VITA-102,1,13.75,17.18
2025-10-17,VV-VITA-109,1,20.9,20.9
2025-10-17,VV-VITA-121,1,21.9,21.9
2025-10-17,VV-VITA-122,1,22.9,22.9
2025-10-17,VV-VITA-142,2,41.64,41.64
2025-10-17,VV-VITA-153,1,19.91,19.91
2025-10-17,VV-VITA-155,2,45.44,45.44
2025-10-17,VV-VITA-158,2,63.8,63.8
2025-10-17,VV-VITA-159,1,20.45,22.72
2025-10-17,VV-VITA-171,3,66.91,81.62
2025-10-17,VV-VITA-202,1,15.95,18.16
2025-10-17,VV-VITA-222,2,47.8,47.8
2025-10-17,VV-VITA-223,3,66.19,69.7
2025-10-17,VV-VITA-228,4,89.42,89.42
2025-10-17,VV-VITA-231,3,72.45,81.54
2025-10-17,VV-VITA-237,-3,-59.7,0
2025-10-17,VV-VITA-243,1,19.67,47.24
2025-10-17,VV-VITA-247,-4,-79.6,0
2025-10-17,VV-VITA-264,1,25.9,25.9
2025-10-17,VV-VITA-277,1,14.35,16.34
2025-10-17,VV-VITA-295,1,20.9,20.9
2025-10-17,VV-VITA-298,1,21.26,23.62
2025-10-17,VV-VITA-301,1,19.9,19.9
2025-10-17,VV-VITA-303,1,15.95,18.16
2025-10-17,VV-VITA-304,-1,-14.9,0
2025-10-17,VV-VITA-311,0,0,19.9
2025-10-17,VV-VITA-317,5,96.77,98.67
2025-10-17,VV-VITA-320,3,72.88,72.88
2025-10-17,VV-VITA-339,1,19.08,19.08
2025-10-17,VV-VITA-342,3,59.73,59.73
2025-10-17,VV-VITA-345,1,24.9,24.9
2025-10-17,VV-VITA-356,3,48.82,48.82
2025-10-17,VV-VITA-359,1,19.99,19.99
2025-10-17,VV-VITA-363,2,33.8,33.8
2025-10-17,VV-VITA-379,1,19.08,19.08
2025-10-17,VV-VITA-38,1,11.71,13.62
2025-10-17,VV-VITA-386,1,25.45,25.45
2025-10-17,VV-VITA-49,-1,-18.9,0
2025-10-17,VV-VITA-63,1,18.12,22.65
2025-10-17,VV-VITA-88,1,19.59,19.59
2025-10-17,VV-VITA-94,1,25.9,25.9
2025-10-18,,1,19.9,19.9
2025-10-18,VV-VITA-116,1,17.9,17.9
2025-10-18,VV-VITA-158,1,29,29
2025-10-18,VV-VITA-166,1,17.83,19.81
2025-10-18,VV-VITA-197,1,22.09,24.54
2025-10-18,VV-VITA-203,3,59.7,59.7
2025-10-18,VV-VITA-222,1,21.93,21.93
2025-10-18,VV-VITA-223,1,19.12,23.9
2025-10-18,VV-VITA-224,3,57.72,61.7
2025-10-18,VV-VITA-225,4,83.6,83.6
2025-10-18,VV-VITA-231,1,26.9,26.9
2025-10-18,VV-VITA-250,10,179,179
2025-10-18,VV-VITA-257,2,49.36,49.36
2025-10-18,VV-VITA-259,1,25.45,25.45
2025-10-18,VV-VITA-276,2,49.8,49.8
2025-10-18,VV-VITA-303,1,18.17,18.17
2025-10-18,VV-VITA-308,1,21.77,25.9
2025-10-18,VV-VITA-31,1,18.4,21.9
2025-10-18,VV-VITA-313,1,17.18,17.18
2025-10-18,VV-VITA-329,2,38.98,38.98
2025-10-18,VV-VITA-343,1,20.9,20.9
2025-10-18,VV-VITA-364,2,47.26,47.26
2025-10-18,VV-VITA-367,1,14.32,17.9
2025-10-18,VV-VITA-377,1,12.53,14.9
2025-10-18,VV-VITA-38,2,27.25,27.25
2025-10-18,VV-VITA-383,1,18.17,18.17
2025-10-18,VV-VITA-49,1,18.9,18.9
2025-10-18,VV-VITA-57-V2,4,94.42,94.42
2025-10-19,,9,142.25,153.66
2025-10-19,BJ-E223-8EKW,2,52.02,57.8
2025-10-19,NX-CVPF-VCEZ,4,87.24,87.24
2025-10-19,VV-VITA-101,1,20.72,20.72
2025-10-19,VV-VITA-106,52,902.12,1188.62
2025-10-19,VV-VITA-124,1,23.9,23.9
2025-10-19,VV-VITA-136,1,18.85,20.82
2025-10-19,VV-VITA-142,1,25.9,25.9
2025-10-19,VV-VITA-146,1,18.17,18.17
2025-10-19,VV-VITA-158,3,79.28,88.08
2025-10-19,VV-VITA-171,3,80.41,82.98
2025-10-19,VV-VITA-186,1,25.45,25.45
2025-10-19,VV-VITA-198,5,97.77,97.77
2025-10-19,VV-VITA-223,5,110.54,113.5
2025-10-19,VV-VITA-225,3,68.86,68.86
2025-10-19,VV-VITA-228,3,59.76,66.52
2025-10-19,VV-VITA-231,8,202.34,212.79
2025-10-19,VV-VITA-243,5,108.57,112.95
2025-10-19,VV-VITA-247,2,41.64,41.64
2025-10-19,VV-VITA-252,1,22.9,22.9
2025-10-19,VV-VITA-276,1,23.79,26.27
2025-10-19,VV-VITA-298,1,23.8,23.8
2025-10-19,VV-VITA-307,1,14.54,14.54
2025-10-19,VV-VITA-311,2,36.34,36.34
2025-10-19,VV-VITA-320,5,104.66,114.87
2025-10-19,VV-VITA-329,1,19.08,19.08
2025-10-19,VV-VITA-339,2,42.54,42.54
2025-10-19,VV-VITA-341,1,15.9,15.9
2025-10-19,VV-VITA-352,1,24.54,24.54
2025-10-19,VV-VITA-354,1,19.55,19.55
2025-10-19,VV-VITA-358,1,15.46,17.17
2025-10-19,VV-VITA-361,2,29.88,35.06
2025-10-19,VV-VITA-377,1,13.05,14.9
2025-10-19,VV-VITA-381,5,68.54,74.5
2025-10-19,VV-VITA-395,1,20.9,20.9
2025-10-19,VV-VITA-49,3,53.26,54.97
2025-10-19,VV-VITA-50,1,20.9,20.9
2025-10-19,VV-VITA-90,1,16.72,20.9
2025-10-20,,7,102.24,137.04
2025-10-20,BJ-E223-8EKW,1,26.01,28.9
2025-10-20,CP-DQMG-RVN9,2,44.66,44.66
2025-10-20,NX-CVPF-VCEZ,1,20.9,20.9
2025-10-20,VV-VITA-104,3,49.29,65.97
2025-10-20,VV-VITA-116,1,18.42,18.42
2025-10-20,VV-VITA-119,1,18.17,18.17
2025-10-20,VV-VITA-124,3,56.51,70.63
2025-10-20,VV-VITA-127,2,49.8,49.8
2025-10-20,VV-VITA-136,2,39.8,39.8
2025-10-20,VV-VITA-146,3,45.43,54.52
2025-10-20,VV-VITA-153,4,65.21,80.56
2025-10-20,VV-VITA-155,1,20.9,20.9
2025-10-20,VV-VITA-158,1,28.71,31.9
2025-10-20,VV-VITA-159,1,23.31,25.9
2025-10-20,VV-VITA-171,1,28.34,28.34
2025-10-20,VV-VITA-172,5,64.7,99.5
2025-10-20,VV-VITA-173,5,64.7,99.5
2025-10-20,VV-VITA-188,2,36.18,36.18
2025-10-20,VV-VITA-189,5,71.2,109.5
2025-10-20,VV-VITA-190,5,64.7,99.5
2025-10-20,VV-VITA-203,3,45.96,59.88
2025-10-20,VV-VITA-206,5,58.2,89.5
2025-10-20,VV-VITA-215,5,61.45,94.5
2025-10-20,VV-VITA-223,11,188.23,250.88
2025-10-20,VV-VITA-224,4,63.68,79.6
2025-10-20,VV-VITA-228,6,112,138.04
2025-10-20,VV-VITA-231,15,336.55,398.59
2025-10-20,VV-VITA-243,3,69.16,69.16
2025-10-20,VV-VITA-250,5,58.2,89.5
2025-10-20,VV-VITA-259,2,44.2,50.89
2025-10-20,VV-VITA-276,1,26.01,26.01
2025-10-20,VV-VITA-277,2,25.36,28.18
2025-10-20,VV-VITA-303,1,20.59,20.59
2025-10-20,VV-VITA-304,3,36.62,47.79
2025-10-20,VV-VITA-31,5,71.2,109.5
2025-10-20,VV-VITA-311,1,15.77,18.16
2025-10-20,VV-VITA-317,5,64.7,99.5
2025-10-20,VV-VITA-320,7,145.7,161.19
2025-10-20,VV-VITA-329,5,81.26,97.31
2025-10-20,VV-VITA-331,2,37.55,37.55
2025-10-20,VV-VITA-338,1,17.26,17.26
2025-10-20,VV-VITA-342,1,18.17,18.17
2025-10-20,VV-VITA-343,1,14.75,16.18
2025-10-20,VV-VITA-345,1,22.64,22.64
2025-10-20,VV-VITA-354,16,229.83,346.3
2025-10-20,VV-VITA-355,1,23.08,45.8
2025-10-20,VV-VITA-356,1,17.9,17.9
2025-10-20,VV-VITA-359,1,15.99,19.98
2025-10-20,VV-VITA-361,2,28.16,39.98
2025-10-20,VV-VITA-363,5,54.95,84.5
2025-10-20,VV-VITA-366,5,48.45,74.5
2025-10-20,VV-VITA-368,3,48.82,48.82
2025-10-20,VV-VITA-371,1,18.17,18.17
2025-10-20,VV-VITA-375,1,14.89,14.89
2025-10-20,VV-VITA-376,1,16.26,16.26
2025-10-20,VV-VITA-38,1,13.73,15.07
2025-10-20,VV-VITA-386,1,20.33,27.99
2025-10-20,VV-VITA-49,2,30.76,43.98
2025-10-20,VV-VITA-50,3,51.1,58.06
2025-10-20,VV-VITA-57-V2,1,24.55,24.55
2025-10-20,VV-VITA-63,1,20.61,22.9
2025-10-20,VV-VITA-88,1,21.51,23.9
2025-10-20,VV-VITA-90,5,67.95,104.5
2025-10-20,VV-VITA-94,1,29,29
2025-10-21,,7,141.29,163.77
2025-10-21,BJ-E223-8EKW,4,91.28,112.97
2025-10-21,NX-CVPF-VCEZ,1,17.42,17.42
2025-10-21,VI-ZU99-SZ0B,2,26.86,35.8
2025-10-21,VV-VITA-106,3,51.51,68.7
2025-10-21,VV-VITA-119,3,42.54,56.7
2025-10-21,VV-VITA-127,4,74.68,99.6
2025-10-21,VV-VITA-136,7,111.22,130.25
2025-10-21,VV-VITA-142,2,38.84,51.8
2025-10-21,VV-VITA-146,3,44.79,59.7
2025-10-21,VV-VITA-153,1,19.9,19.9
2025-10-21,VV-VITA-159,1,25.9,25.9
2025-10-21,VV-VITA-165,3,65.01,86.7
2025-10-21,VV-VITA-166,1,19,19
2025-10-21,VV-VITA-171,3,75.55,85.02
2025-10-21,VV-VITA-172,1,18.18,22.71
2025-10-21,VV-VITA-173,5,86.31,101.22
2025-10-21,VV-VITA-183,2,51.8,51.8
2025-10-21,VV-VITA-203,2,39.8,39.8
2025-10-21,VV-VITA-204,2,37.8,37.8
2025-10-21,VV-VITA-216,3,59.7,59.7
2025-10-21,VV-VITA-222,1,22.09,24.54
2025-10-21,VV-VITA-223,9,174.47,215.1
2025-10-21,VV-VITA-224,6,106.47,119.4
2025-10-21,VV-VITA-228,1,24.55,24.55
2025-10-21,VV-VITA-231,5,129.61,134.99
2025-10-21,VV-VITA-243,6,112.79,130.32
2025-10-21,VV-VITA-247,2,40.72,40.72
2025-10-21,VV-VITA-276,4,79.68,99.6
2025-10-21,VV-VITA-284,1,18.17,22.71
2025-10-21,VV-VITA-287,2,29.86,39.8
2025-10-21,VV-VITA-298,2,34.34,45.8
2025-10-21,VV-VITA-310,2,37.34,49.8
2025-10-21,VV-VITA-311,1,15.92,19.9
2025-10-21,VV-VITA-320,7,132.68,156.14
2025-10-21,VV-VITA-329,1,15.92,19.9
2025-10-21,VV-VITA-342,1,17.52,21.9
2025-10-21,VV-VITA-352,1,17.17,22.9
2025-10-21,VV-VITA-354,3,60.05,69.15
2025-10-21,VV-VITA-355,2,39.89,45.62
2025-10-21,VV-VITA-359,1,19.99,19.99
2025-10-21,VV-VITA-364,1,16.42,21.9
2025-10-21,VV-VITA-377,4,57.67,64.07
2025-10-21,VV-VITA-379,2,28.64,35.8
2025-10-21,VV-VITA-38,1,18.9,18.9
2025-10-21,VV-VITA-381,3,44.7,44.7
2025-10-21,VV-VITA-382,1,18.9,18.9
2025-10-21,VV-VITA-387,1,25.9,25.9
2025-10-21,VV-VITA-39,2,34.34,45.8
2025-10-21,VV-VITA-49,1,17.01,18.9
2025-10-21,VV-VITA-50,3,44.79,59.7
2025-10-21,VV-VITA-57-V,3,87.51,116.7
2025-10-21,VV-VITA-57-V2,2,35.84,47.8
2025-10-21,VV-VITA-88,7,136.57,168.85
2025-10-22,,4,58.29,77.68
2025-10-22,CP-DQMG-RVN9,1,21.9,21.9
2025-10-22,CW-KVIN-V39Y,2,27.18,41.8
2025-10-22,NX-CVPF-VCEZ,1,21.81,21.81
2025-10-22,TU-QNYD-JRRX,1,15.88,15.88
2025-10-22,VV-VITA-101,1,25.9,25.9
2025-10-22,VV-VITA-106,2,45.8,45.8
2025-10-22,VV-VITA-109,1,16.73,20.9
2025-10-22,VV-VITA-111,4,66.91,83.6
2025-10-22,VV-VITA-116,2,35.8,35.8
2025-10-22,VV-VITA-124,1,23.55,23.55
2025-10-22,VV-VITA-142,4,87.49,95.81
2025-10-22,VV-VITA-151,1,23.9,23.9
2025-10-22,VV-VITA-153,5,71.66,99.5
2025-10-22,VV-VITA-155,2,27.18,41.8
2025-10-22,VV-VITA-158,1,31.9,31.9
2025-10-22,VV-VITA-165,3,79.07,81.79
2025-10-22,VV-VITA-166,3,56.73,70.88
2025-10-22,VV-VITA-172,1,19.9,19.9
2025-10-22,VV-VITA-173,2,25.88,39.8
2025-10-22,VV-VITA-186,1,25.9,25.9
2025-10-22,VV-VITA-204,1,15.12,18.9
2025-10-22,VV-VITA-215,1,19.08,19.08
2025-10-22,VV-VITA-222,2,47.8,47.8
2025-10-22,VV-VITA-225,6,134.17,134.17
2025-10-22,VV-VITA-231,1,26.9,26.9
2025-10-22,VV-VITA-237,1,19.9,19.9
2025-10-22,VV-VITA-243,1,19.91,19.91
2025-10-22,VV-VITA-252,3,44.67,68.7
2025-10-22,VV-VITA-259,10,245.5,245.5
2025-10-22,VV-VITA-262,2,37.82,47.25
2025-10-22,VV-VITA-276,4,85.11,99.79
2025-10-22,VV-VITA-284,1,22.72,22.72
2025-10-22,VV-VITA-287,4,69.6,79.6
2025-10-22,VV-VITA-301,3,51.74,59.7
2025-10-22,VV-VITA-304,2,31.25,31.25
2025-10-22,VV-VITA-307,1,13.09,14.53
2025-10-22,VV-VITA-308,3,50.52,77.7
2025-10-22,VV-VITA-311,1,18.17,18.17
2025-10-22,VV-VITA-313,2,24.58,37.8
2025-10-22,VV-VITA-316,1,13.09,16.35
2025-10-22,VV-VITA-320,5,118.98,118.98
2025-10-22,VV-VITA-338,4,61.35,71.68
2025-10-22,VV-VITA-342,3,61.72,61.72
2025-10-22,VV-VITA-354,2,47.26,47.26
2025-10-22,VV-VITA-356,3,50.84,50.84
2025-10-22,VV-VITA-364,3,70.88,70.88
2025-10-22,VV-VITA-377,3,43.64,54.52
2025-10-22,VV-VITA-49,1,18.9,18.9
2025-10-22,VV-VITA-57-V,2,70.02,77.8
2025-10-22,VV-VITA-63,1,19.08,19.08
2025-10-22,VV-VITA-88,3,46.62,71.7
2025-10-23,,7,122.79,122.79
2025-10-23,BJ-E223-8EKW,1,28.9,28.9
2025-10-23,TU-QNYD-JRRX,50,567,945
2025-10-23,VI-ZU99-SZ0B,1,17.26,17.26
2025-10-23,VV-VITA-101,2,52.96,52.96
2025-10-23,VV-VITA-106,50,858.5,1145
2025-10-23,VV-VITA-121,1,22.72,22.72
2025-10-23,VV-VITA-124,1,23.55,23.55
2025-10-23,VV-VITA-153,1,19.9,19.9
2025-10-23,VV-VITA-158,3,86.06,89.25
2025-10-23,VV-VITA-171,1,28.34,28.34
2025-10-23,VV-VITA-172,30,447.9,597
2025-10-23,VV-VITA-173,1,18.68,20.75
2025-10-23,VV-VITA-186,1,21.24,23.6
2025-10-23,VV-VITA-188,1,17.9,17.9
2025-10-23,VV-VITA-197,50,933.5,1245
2025-10-23,VV-VITA-202,1,16.82,18.17
2025-10-23,VV-VITA-215,1,19.08,19.08
2025-10-23,VV-VITA-223,3,72.25,72.25
2025-10-23,VV-VITA-224,4,63.68,79.6
2025-10-23,VV-VITA-225,1,21.02,22.72
2025-10-23,VV-VITA-228,4,89.52,89.52
2025-10-23,VV-VITA-243,5,112.96,112.96
2025-10-23,VV-VITA-249,1,23.9,23.9
2025-10-23,VV-VITA-257,1,26.9,26.9
2025-10-23,VV-VITA-287,1,19.9,19.9
2025-10-23,VV-VITA-295,1,20.9,20.9
2025-10-23,VV-VITA-304,1,14.9,14.9
2025-10-23,VV-VITA-308,1,23.63,23.63
2025-10-23,VV-VITA-311,1,18.17,18.17
2025-10-23,VV-VITA-320,1,26.9,26.9
2025-10-23,VV-VITA-329,1,20.76,20.76
2025-10-23,VV-VITA-338,2,35.09,37.07
2025-10-23,VV-VITA-339,2,38.98,38.98
2025-10-23,VV-VITA-341,2,31.26,31.26
2025-10-23,VV-VITA-342,3,55.54,58.24
2025-10-23,VV-VITA-345,1,19.35,20.9
2025-10-23,VV-VITA-351,1,20.39,22.65
2025-10-23,VV-VITA-354,1,23.63,23.63
2025-10-23,VV-VITA-361,3,53.25,53.25
2025-10-23,VV-VITA-364,5,114.63,116.4
2025-10-23,VV-VITA-367,1,18.17,18.17
2025-10-23,VV-VITA-368,1,18.17,18.17
2025-10-23,VV-VITA-371,1,15.9,15.9
2025-10-23,VV-VITA-375,1,16.9,16.9
2025-10-23,VV-VITA-377,1,18.17,18.17
2025-10-23,VV-VITA-379,3,53.7,53.7
2025-10-23,VV-VITA-386,1,24.45,24.45
2025-10-23,VV-VITA-39,2,38.49,38.49
2025-10-23,VV-VITA-49,2,37.8,37.8
2025-10-23,VV-VITA-50,1,20.9,20.9
2025-10-23,VV-VITA-94,4,103.45,106.04
2025-10-24,,7,130.26,139.62
2025-10-24,BJ-E223-8EKW,1,28.9,28.9
2025-10-24,CP-DQMG-RVN9,1,17.52,21.9
2025-10-24,CW-KVIN-V39Y,1,29.99,29.99
2025-10-24,TU-QNYD-JRRX,1,17.91,17.91
2025-10-24,VV-VITA-101,1,25.9,25.9
2025-10-24,VV-VITA-102,1,18.17,18.17
2025-10-24,VV-VITA-116,6,107.9,107.9
2025-10-24,VV-VITA-127,6,147.34,147.34
2025-10-24,VV-VITA-142,3,77.7,77.7
2025-10-24,VV-VITA-146,2,32.28,38.06
2025-10-24,VV-VITA-153,4,75.07,79.04
2025-10-24,VV-VITA-186,1,20.72,25.9
2025-10-24,VV-VITA-188,3,53.7,53.7
2025-10-24,VV-VITA-203,5,99.5,99.5
2025-10-24,VV-VITA-215,1,19.08,19.08
2025-10-24,VV-VITA-222,3,52.15,65.18
2025-10-24,VV-VITA-223,5,107.27,116.83
2025-10-24,VV-VITA-224,3,58.06,58.06
2025-10-24,VV-VITA-225,5,111.27,111.27
2025-10-24,VV-VITA-228,7,148.1,149.96
2025-10-24,VV-VITA-231,5,135.49,135.49
2025-10-24,VV-VITA-243,6,128.65,133.03
2025-10-24,VV-VITA-247,1,14.56,16.17
2025-10-24,VV-VITA-258,5,94.5,94.5
2025-10-24,VV-VITA-284,1,21.71,21.71
2025-10-24,VV-VITA-287,3,59.7,59.7
2025-10-24,VV-VITA-304,2,26.64,31.25
2025-10-24,VV-VITA-308,3,76.35,76.35
2025-10-24,VV-VITA-311,7,132.23,133.84
2025-10-24,VV-VITA-320,3,67.72,78.48
2025-10-24,VV-VITA-329,2,30.48,36.07
2025-10-24,VV-VITA-339,2,39.22,39.22
2025-10-24,VV-VITA-341,1,12.72,15.9
2025-10-24,VV-VITA-342,1,21.26,21.26
2025-10-24,VV-VITA-350,1,16.35,18.16
2025-10-24,VV-VITA-356,2,38.21,38.21
2025-10-24,VV-VITA-357,2,38.98,38.98
2025-10-24,VV-VITA-361,2,36.35,36.35
2025-10-24,VV-VITA-367,2,27.42,32.45
2025-10-24,VV-VITA-368,2,35.8,35.8
2025-10-24,VV-VITA-373,1,10.9,12.11
2025-10-24,VV-VITA-379,1,17.38,17.38
2025-10-24,VV-VITA-38,1,18.9,18.9
2025-10-24,VV-VITA-381,7,98.34,104.3
2025-10-24,VV-VITA-49,1,15.12,18.9
2025-10-24,VV-VITA-50,5,99.5,99.5
2025-10-24,VV-VITA-88,4,95.6,95.6
2025-10-24,VV-VITA-94,1,23.76,23.76
2025-10-25,,10,183.39,190.99
2025-10-25,BJ-E223-8EKW,2,54.4,54.4
2025-10-25,CP-DQMG-RVN9,2,43.8,43.8
2025-10-25,NX-CVPF-VCEZ,1,21.62,21.62
2025-10-25,VV-VITA-101,1,25.9,25.9
2025-10-25,VV-VITA-127,4,94.97,102.75
2025-10-25,VV-VITA-153,1,20.82,20.82
2025-10-25,VV-VITA-159,3,77.8,77.8
2025-10-25,VV-VITA-183,1,21.99,24.43
2025-10-25,VV-VITA-186,1,25.45,25.45
2025-10-25,VV-VITA-198,3,54.52,54.52
2025-10-25,VV-VITA-215,5,75.59,87.81
2025-10-25,VV-VITA-223,2,45.35,45.35
2025-10-25,VV-VITA-225,1,20.9,20.9
2025-10-25,VV-VITA-231,3,78.48,78.48
2025-10-25,VV-VITA-243,2,41.64,41.64
2025-10-25,VV-VITA-247,1,19.91,19.91
2025-10-25,VV-VITA-249,1,23.9,23.9
2025-10-25,VV-VITA-259,1,25.45,25.45
2025-10-25,VV-VITA-287,2,40.81,40.81
2025-10-25,VV-VITA-308,2,46.62,51.8
2025-10-25,VV-VITA-31,1,19.71,21.9
2025-10-25,VV-VITA-310,3,71.61,71.61
2025-10-25,VV-VITA-311,2,38.07,38.07
2025-10-25,VV-VITA-317,1,19.08,19.08
2025-10-25,VV-VITA-320,6,156.23,156.23
2025-10-25,VV-VITA-329,3,53.97,62.27
2025-10-25,VV-VITA-336,2,30.39,36.34
2025-10-25,VV-VITA-341,1,15.36,15.36
2025-10-25,VV-VITA-345,3,70.07,77.85
2025-10-25,VV-VITA-364,1,21.9,21.9
2025-10-25,VV-VITA-369,2,37.73,37.73
2025-10-25,VV-VITA-376,1,17.26,17.26
2025-10-25,VV-VITA-379,1,16.27,16.27
2025-10-25,VV-VITA-381,1,14.9,14.9
2025-10-25,VV-VITA-382,1,18.9,18.9
2025-10-25,VV-VITA-386,1,26.45,26.45
2025-10-25,VV-VITA-395,1,18.09,18.09
2025-10-26,,9,133.06,133.06
2025-10-26,BJ-E223-8EKW,1,26.51,26.51
2025-10-26,CP-DQMG-RVN9,1,21.9,21.9
2025-10-26,VV-VITA-101,2,52.88,52.88
2025-10-26,VV-VITA-106,50,858.75,1145
2025-10-26,VV-VITA-109,1,19.46,19.46
2025-10-26,VV-VITA-111,1,20.54,20.54
2025-10-26,VV-VITA-119,1,18.17,18.17
2025-10-26,VV-VITA-124,2,47.1,47.1
2025-10-26,VV-VITA-127,3,68.31,68.31
2025-10-26,VV-VITA-142,2,39.66,44.37
2025-10-26,VV-VITA-151,1,26.45,26.45
2025-10-26,VV-VITA-158,5,151.57,164.33
2025-10-26,VV-VITA-159,3,66.8,71.33
2025-10-26,VV-VITA-165,1,27.26,27.26
2025-10-26,VV-VITA-183,1,25.9,25.9
2025-10-26,VV-VITA-189,1,21.9,21.9
2025-10-26,VV-VITA-197,50,933.75,1245
2025-10-26,VV-VITA-203,1,19.91,19.91
2025-10-26,VV-VITA-204,1,19.46,19.46
2025-10-26,VV-VITA-215,1,18.9,18.9
2025-10-26,VV-VITA-223,3,65.01,69.9
2025-10-26,VV-VITA-224,2,40.8,40.8
2025-10-26,VV-VITA-225,1,20.9,20.9
2025-10-26,VV-VITA-228,3,67.36,67.36
2025-10-26,VV-VITA-231,6,163.97,163.97
2025-10-26,VV-VITA-237,3,54.27,54.27
2025-10-26,VV-VITA-243,1,23.63,23.63
2025-10-26,VV-VITA-252,1,22.9,22.9
2025-10-26,VV-VITA-259,1,25.45,25.45
2025-10-26,VV-VITA-276,3,70.41,70.41
2025-10-26,VV-VITA-287,3,59.7,59.7
2025-10-26,VV-VITA-301,2,33.71,37.16
2025-10-26,VV-VITA-308,2,45.93,50.65
2025-10-26,VV-VITA-311,1,19.9,19.9
2025-10-26,VV-VITA-320,1,26.9,26.9
2025-10-26,VV-VITA-329,2,38.16,38.16
2025-10-26,VV-VITA-338,1,17.26,17.26
2025-10-26,VV-VITA-351,1,19.99,19.99
2025-10-26,VV-VITA-361,1,15.2,19
2025-10-26,VV-VITA-364,6,134.4,136.59
2025-10-26,VV-VITA-378,1,14.12,14.12
2025-10-26,VV-VITA-379,4,57.28,71.6
2025-10-26,VV-VITA-38,1,13.63,13.63
2025-10-26,VV-VITA-380,1,13.9,13.9
2025-10-26,VV-VITA-39,1,18.77,18.77
2025-10-26,VV-VITA-49,1,18.9,18.9
2025-10-26,VV-VITA-57-V2,1,23.9,23.9
2025-10-26,VV-VITA-94,1,25.9,25.9
2025-10-27,,10,89.67,206.5
2025-10-27,BJ-E223-8EKW,3,76.12,84.57
2025-10-27,NX-CVPF-VCEZ,1,19.63,21.81
2025-10-27,TU-QNYD-JRRX,50,614.25,945
2025-10-27,VV-VITA-02,3,54.52,54.52
2025-10-27,VV-VITA-104,2,35.99,39.98
2025-10-27,VV-VITA-109,-1,-14.33,0
2025-10-27,VV-VITA-116,1,17.9,17.9
2025-10-27,VV-VITA-121,-1,-16.61,0
2025-10-27,VV-VITA-122,1,18.81,20.9
2025-10-27,VV-VITA-124,1,21.19,23.54
2025-10-27,VV-VITA-127,4,99.6,99.6
2025-10-27,VV-VITA-136,1,20.45,22.72
2025-10-27,VV-VITA-146,3,45.43,54.52
2025-10-27,VV-VITA-153,1,17.92,19.91
2025-10-27,VV-VITA-159,1,25.9,25.9
2025-10-27,VV-VITA-171,3,81.79,81.79
2025-10-27,VV-VITA-172,1,22.72,22.72
2025-10-27,VV-VITA-173,1,16.72,16.72
2025-10-27,VV-VITA-197,4,76.95,95.62
2025-10-27,VV-VITA-203,1,20.52,20.52
2025-10-27,VV-VITA-215,6,80.51,113.58
2025-10-27,VV-VITA-223,5,99.74,176.2
2025-10-27,VV-VITA-224,3,53.73,59.7
2025-10-27,VV-VITA-225,2,41.8,41.8
2025-10-27,VV-VITA-228,2,44.71,44.71
2025-10-27,VV-VITA-231,1,45.5,157.58
2025-10-27,VV-VITA-237,6,77.61,119.4
2025-10-27,VV-VITA-257,3,70.31,70.31
2025-10-27,VV-VITA-287,2,36,37.99
2025-10-27,VV-VITA-295,-1,-18.88,0
2025-10-27,VV-VITA-310,2,44.82,49.8
2025-10-27,VV-VITA-313,2,41.64,41.64
2025-10-27,VV-VITA-320,2,48.42,53.8
2025-10-27,VV-VITA-329,3,50.17,50.17
2025-10-27,VV-VITA-342,5,71.18,109.5
2025-10-27,VV-VITA-349,1,16.9,16.9
2025-10-27,VV-VITA-356,2,37.71,37.71
2025-10-27,VV-VITA-364,3,65.7,65.7
2025-10-27,VV-VITA-365,1,13.41,14.9
2025-10-27,VV-VITA-367,1,17.9,17.9
2025-10-27,VV-VITA-371,1,15.9,15.9
2025-10-27,VV-VITA-376,1,15.36,15.36
2025-10-27,VV-VITA-38,1,12.26,13.62
2025-10-27,VV-VITA-380,1,17.26,17.26
2025-10-27,VV-VITA-381,12,116.22,178.8
2025-10-27,VV-VITA-383,20,232.7,358
2025-10-27,VV-VITA-46,2,39.8,39.8
2025-10-27,VV-VITA-49,1,17.01,18.9
2025-10-27,VV-VITA-57-V,1,29.74,39.94
2025-10-27,VV-VITA-63,-1,-18.12,0
2025-10-27,VV-VITA-93,1,15.21,16.9
2025-10-27,VV-VITA-94,1,29,29
2025-10-28,,24,315.35,392.68
2025-10-28,BJ-E223-8EKW,1,28.9,28.9
2025-10-28,VV-VITA-102,17,249.53,333.11
2025-10-28,VV-VITA-122,1,18.81,20.9
2025-10-28,VV-VITA-124,3,67.48,71.34
2025-10-28,VV-VITA-127,4,88.85,88.85
2025-10-28,VV-VITA-146,1,18.17,18.17
2025-10-28,VV-VITA-158,1,28.71,31.9
2025-10-28,VV-VITA-159,2,46.62,51.8
2025-10-28,VV-VITA-166,2,39.8,39.8
2025-10-28,VV-VITA-173,1,18.17,18.17
2025-10-28,VV-VITA-189,1,19.91,19.91
2025-10-28,VV-VITA-197,3,53.78,59.75
2025-10-28,VV-VITA-203,2,39.82,39.82
2025-10-28,VV-VITA-222,2,40.46,44.95
2025-10-28,VV-VITA-223,6,124.95,129.43
2025-10-28,VV-VITA-224,1,18.82,20.9
2025-10-28,VV-VITA-225,2,43.28,43.28
2025-10-28,VV-VITA-228,15,256.31,340.77
2025-10-28,VV-VITA-231,6,158.96,161.67
2025-10-28,VV-VITA-243,6,125.59,127.78
2025-10-28,VV-VITA-250,1,17.9,17.9
2025-10-28,VV-VITA-259,5,84.18,129.5
2025-10-28,VV-VITA-284,1,20.45,22.72
2025-10-28,VV-VITA-287,4,80.24,83.26
2025-10-28,VV-VITA-303,1,15.18,18.17
2025-10-28,VV-VITA-304,2,29.36,30.8
2025-10-28,VV-VITA-311,1,16.36,18.17
2025-10-28,VV-VITA-313,2,35.57,41.63
2025-10-28,VV-VITA-320,3,64.63,64.63
2025-10-28,VV-VITA-326,1,24.9,24.9
2025-10-28,VV-VITA-329,3,56.24,58.88
2025-10-28,VV-VITA-339,1,19.9,19.9
2025-10-28,VV-VITA-341,1,17.26,17.26
2025-10-28,VV-VITA-355,1,19.55,22.71
2025-10-28,VV-VITA-361,2,35.36,37.16
2025-10-28,VV-VITA-364,5,101.08,108.27
2025-10-28,VV-VITA-365,1,12.42,12.42
2025-10-28,VV-VITA-367,1,16.11,17.9
2025-10-28,VV-VITA-369,1,16.11,17.9
2025-10-28,VV-VITA-372,12,147.42,226.8
2025-10-28,VV-VITA-375,1,14.08,14.08
2025-10-28,VV-VITA-379,1,17.17,19.07
2025-10-28,VV-VITA-38,1,11.39,13.62
2025-10-28,VV-VITA-380,1,11.58,11.58
2025-10-28,VV-VITA-382,1,19.08,19.08
2025-10-28,VV-VITA-383,2,35.8,35.8
2025-10-28,VV-VITA-386,1,21.9,21.9
2025-10-28,VV-VITA-395,13,164.43,245.7
2025-10-28,VV-VITA-46,2,37.9,39.89
2025-10-28,VV-VITA-57-V,1,34.27,34.27
2025-10-28,VV-VITA-86,1,19.9,19.9
2025-10-28,VV-VITA-90,1,20.9,20.9
2025-10-28,VV-VITA-93,13,148.72,219.7
2025-10-29,,5,95.27,98.99
2025-10-29,NX-CVPF-VCEZ,1,21.81,21.81
2025-10-29,VI-ZU99-SZ0B,6,85.51,103.41
2025-10-29,VV-VITA-104,1,19.99,19.99
2025-10-29,VV-VITA-119,1,17.47,19.41
2025-10-29,VV-VITA-121,1,22.72,22.72
2025-10-29,VV-VITA-127,2,39.78,41.95
2025-10-29,VV-VITA-146,2,38.32,40.37
2025-10-29,VV-VITA-153,7,136.67,138.75
2025-10-29,VV-VITA-165,4,109.62,112.16
2025-10-29,VV-VITA-166,1,19,19
2025-10-29,VV-VITA-168,1,22.72,22.72
2025-10-29,VV-VITA-170,4,56.7,75.6
2025-10-29,VV-VITA-183,1,25.9,25.9
2025-10-29,VV-VITA-203,7,107.47,139.31
2025-10-29,VV-VITA-204,1,14.17,15.74
2025-10-29,VV-VITA-215,2,37.8,37.8
2025-10-29,VV-VITA-222,2,45.99,48.44
2025-10-29,VV-VITA-223,3,65.04,69.6
2025-10-29,VV-VITA-228,5,102.14,111.23
2025-10-29,VV-VITA-231,3,81.79,81.79
2025-10-29,VV-VITA-237,2,32.36,32.36
2025-10-29,VV-VITA-243,8,144.18,174.84
2025-10-29,VV-VITA-247,2,39.8,39.8
2025-10-29,VV-VITA-250,1,15.36,15.36
2025-10-29,VV-VITA-256,1,18.16,20.17
2025-10-29,VV-VITA-257,1,19.54,21.71
2025-10-29,VV-VITA-276,2,37.35,41.5
2025-10-29,VV-VITA-287,4,64.68,79.6
2025-10-29,VV-VITA-298,3,50.59,66.62
2025-10-29,VV-VITA-304,1,11.73,11.73
2025-10-29,VV-VITA-31,5,100.74,109.5
2025-10-29,VV-VITA-311,1,14.93,19.9
2025-10-29,VV-VITA-313,3,56.7,56.7
2025-10-29,VV-VITA-320,3,69.29,73.99
2025-10-29,VV-VITA-329,3,57.08,57.08
2025-10-29,VV-VITA-341,3,39.37,49.05
2025-10-29,VV-VITA-342,1,20.39,22.65
2025-10-29,VV-VITA-351,1,19.9,19.9
2025-10-29,VV-VITA-352,2,36.06,36.06
2025-10-29,VV-VITA-354,2,40.05,41.87
2025-10-29,VV-VITA-359,1,14.17,15.74
2025-10-29,VV-VITA-363,2,25.35,28.16
2025-10-29,VV-VITA-366,1,14.9,14.9
2025-10-29,VV-VITA-371,16,190.8,254.4
2025-10-29,VV-VITA-373,2,22.35,24.83
2025-10-29,VV-VITA-377,2,29.8,29.8
2025-10-29,VV-VITA-38,1,13.63,13.63
2025-10-29,VV-VITA-395,5,71.58,90.48
2025-10-29,VV-VITA-46,3,59.88,59.88
2025-10-29,VV-VITA-50,3,54.74,61.7
2025-10-29,VV-VITA-57-V,1,29.17,32.41
2025-10-29,VV-VITA-57-V2,1,22.72,22.72
2025-10-29,VV-VITA-63,1,19.08,19.08
2025-10-29,VV-VITA-86,2,29.85,39.8
2025-10-29,VV-VITA-90,3,62.7,62.7
2025-10-29,VV-VITA-93,4,54.93,67.6
2025-10-29,VV-VITA-94,1,26.35,26.35
2025-10-30,,6,104.95,114.43
2025-10-30,BJ-E223-8EKW,1,28.9,28.9
2025-10-30,CP-DQMG-RVN9,1,14.3,21.99
2025-10-30,NX-CVPF-VCEZ,1,18.81,20.9
2025-10-30,VI-ZU99-SZ0B,2,35.16,35.16
2025-10-30,VV-VITA-101,3,63.37,69.51
2025-10-30,VV-VITA-102,2,37.73,37.73
2025-10-30,VV-VITA-111,4,74.65,82.69
2025-10-30,VV-VITA-122,3,44.84,68.97
2025-10-30,VV-VITA-151,2,42.53,47.25
2025-10-30,VV-VITA-159,3,68.75,71.34
2025-10-30,VV-VITA-171,2,52.88,55.6
2025-10-30,VV-VITA-186,3,72.07,77.25
2025-10-30,VV-VITA-189,1,19.71,21.9
2025-10-30,VV-VITA-197,1,16.84,25.9
2025-10-30,VV-VITA-203,1,19.91,19.91
2025-10-30,VV-VITA-223,8,150.87,186.77
2025-10-30,VV-VITA-224,3,57.71,59.7
2025-10-30,VV-VITA-225,2,37.15,45.89
2025-10-30,VV-VITA-228,4,76.18,95.42
2025-10-30,VV-VITA-237,1,19,19
2025-10-30,VV-VITA-243,11,218.97,248
2025-10-30,VV-VITA-247,1,17.87,20.81
2025-10-30,VV-VITA-249,2,47.8,47.8
2025-10-30,VV-VITA-276,1,16.9,25.99
2025-10-30,VV-VITA-284,1,21.34,21.34
2025-10-30,VV-VITA-298,1,22.9,22.9
2025-10-30,VV-VITA-301,1,15.54,17.26
2025-10-30,VV-VITA-308,1,23.63,23.63
2025-10-30,VV-VITA-320,3,55.03,66.96
2025-10-30,VV-VITA-329,2,31.56,40.89
2025-10-30,VV-VITA-339,1,19.9,19.9
2025-10-30,VV-VITA-341,1,14.31,15.9
2025-10-30,VV-VITA-342,1,19.71,21.9
2025-10-30,VV-VITA-351,1,17.91,19.9
2025-10-30,VV-VITA-354,1,20.39,22.65
2025-10-30,VV-VITA-361,1,13,19.99
2025-10-30,VV-VITA-363,1,16.9,16.9
2025-10-30,VV-VITA-364,2,40.53,49.62
2025-10-30,VV-VITA-367,1,13,19.99
2025-10-30,VV-VITA-377,1,14.9,14.9
2025-10-30,VV-VITA-383,1,18.68,20.75
2025-10-30,VV-VITA-86,2,38.81,40.8
2025-10-31,,14,217.58,269.33
2025-10-31,BJ-E223-8EKW,1,28.9,28.9
2025-10-31,NX-CVPF-VCEZ,2,31.19,47.98
2025-10-31,TU-QNYD-JRRX,51,626.6,963.99
2025-10-31,VI-ZU99-SZ0B,1,17.9,17.9
2025-10-31,VV-VITA-101,3,57.09,73.88
2025-10-31,VV-VITA-106,50,858.75,1145
2025-10-31,VV-VITA-116,2,26,39.98
2025-10-31,VV-VITA-119,1,18.17,18.17
2025-10-31,VV-VITA-122,2,29.89,45.98
2025-10-31,VV-VITA-124,15,312.83,364.95
2025-10-31,VV-VITA-136,2,32.49,49.98
2025-10-31,VV-VITA-146,4,58.72,76.32
2025-10-31,VV-VITA-153,1,19.9,19.9
2025-10-31,VV-VITA-158,2,53.68,55.96
2025-10-31,VV-VITA-159,1,16.25,24.99
2025-10-31,VV-VITA-165,4,101.29,111.78
2025-10-31,VV-VITA-166,1,19.9,19.9
2025-10-31,VV-VITA-171,2,50.65,51.64
2025-10-31,VV-VITA-173,1,18.17,18.17
2025-10-31,VV-VITA-197,51,958.65,1269.9
2025-10-31,VV-VITA-198,1,16.35,18.16
2025-10-31,VV-VITA-203,2,26,39.98
2025-10-31,VV-VITA-223,8,156.25,182.47
2025-10-31,VV-VITA-228,7,115.38,165.75
2025-10-31,VV-VITA-243,5,107.12,110.26
2025-10-31,VV-VITA-249,1,23.9,23.9
2025-10-31,VV-VITA-264,1,25.9,25.9
2025-10-31,VV-VITA-276,2,33.79,51.98
2025-10-31,VV-VITA-287,5,81.33,101.41
2025-10-31,VV-VITA-298,2,33.79,51.98
2025-10-31,VV-VITA-303,1,13,19.99
2025-10-31,VV-VITA-304,1,14.72,16.35
2025-10-31,VV-VITA-31,2,43.8,43.8
2025-10-31,VV-VITA-317,1,13.65,20.99
2025-10-31,VV-VITA-320,4,80.65,89.91
2025-10-31,VV-VITA-329,1,17.17,19.07
2025-10-31,VV-VITA-339,1,19.9,19.9
2025-10-31,VV-VITA-341,1,13.38,13.95
2025-10-31,VV-VITA-342,1,21.9,21.9
2025-10-31,VV-VITA-343,1,19.9,19.9
2025-10-31,VV-VITA-355,1,22.72,22.72
2025-10-31,VV-VITA-356,2,35.8,35.8
2025-10-31,VV-VITA-364,9,185.49,190.23
2025-10-31,VV-VITA-367,3,39,59.97
2025-10-31,VV-VITA-38,3,38.16,40.87
2025-10-31,VV-VITA-395,2,37.91,39.8
2025-10-31,VV-VITA-46,8,114.35,175.92
2025-10-31,VV-VITA-50,9,146.22,195.2
2025-10-31,VV-VITA-86,1,18.81,20.9
2025-10-31,VV-VITA-90,1,18.81,20.9
2025-10-31,VV-VITA-93,1,14.3,21.99
2025-10-31,VV-VITA-94,5,114.47,137.04
2025-11-01,,18,277.03,301.67
2025-11-01,TU-QNYD-JRRX,1,17.91,17.91
2025-11-01,VV-VITA-101,2,51.8,51.8
2025-11-01,VV-VITA-109,1,18.9,18.9
2025-11-01,VV-VITA-142,1,25.9,25.9
2025-11-01,VV-VITA-151,1,21.51,23.9
2025-11-01,VV-VITA-159,2,40.9,45.43
2025-11-01,VV-VITA-171,2,56.68,56.68
2025-11-01,VV-VITA-222,4,93.21,95.6
2025-11-01,VV-VITA-223,3,69.31,71.7
2025-11-01,VV-VITA-224,2,37.81,39.8
2025-11-01,VV-VITA-228,5,108.94,113.41
2025-11-01,VV-VITA-237,2,37.73,37.73
2025-11-01,VV-VITA-243,2,43.8,43.8
2025-11-01,VV-VITA-247,1,19.9,19.9
2025-11-01,VV-VITA-257,2,48.04,48.04
2025-11-01,VV-VITA-277,1,12.9,12.9
2025-11-01,VV-VITA-295,1,23.6,23.6
2025-11-01,VV-VITA-301,1,19.9,19.9
2025-11-01,VV-VITA-307,1,4.5,13.68
2025-11-01,VV-VITA-31,1,21.9,21.9
2025-11-01,VV-VITA-310,1,24.9,24.9
2025-11-01,VV-VITA-316,2,39.8,39.8
2025-11-01,VV-VITA-317,1,17.17,19.07
2025-11-01,VV-VITA-320,2,38.91,40.8
2025-11-01,VV-VITA-342,4,86.92,89.11
2025-11-01,VV-VITA-354,3,62.24,69.15
2025-11-01,VV-VITA-355,2,49.1,49.1
2025-11-01,VV-VITA-356,1,17.9,17.9
2025-11-01,VV-VITA-364,2,43.17,45.52
2025-11-01,VV-VITA-375,1,17.18,17.18
2025-11-01,VV-VITA-376,5,72.27,72.27
2025-11-01,VV-VITA-38,1,17.01,18.9
2025-11-01,VV-VITA-387,1,26.17,29.07
2025-11-01,VV-VITA-46,1,19.9,19.9
2025-11-01,VV-VITA-50,1,19.91,19.91
2025-11-02,,11,157.81,171.8
2025-11-02,BJ-E223-8EKW,2,54.32,60.36
2025-11-02,VI-ZU99-SZ0B,4,68.8,68.8
2025-11-02,VV-VITA-119,1,17.01,18.9
2025-11-02,VV-VITA-124,2,47.09,47.09
2025-11-02,VV-VITA-146,2,31.41,34.88
2025-11-02,VV-VITA-151,2,43.02,47.8
2025-11-02,VV-VITA-153,1,17.92,19.91
2025-11-02,VV-VITA-158,1,22.9,25.44
2025-11-02,VV-VITA-165,3,69.36,69.36
2025-11-02,VV-VITA-168,1,21.51,23.9
2025-11-02,VV-VITA-171,1,28.34,28.34
2025-11-02,VV-VITA-173,1,16.35,18.16
2025-11-02,VV-VITA-186,1,19.59,21.76
2025-11-02,VV-VITA-188,2,35.8,35.8
2025-11-02,VV-VITA-198,1,16.35,18.16
2025-11-02,VV-VITA-206,1,16.11,17.9
2025-11-02,VV-VITA-215,5,90.72,94.5
2025-11-02,VV-VITA-223,12,252.68,275.44
2025-11-02,VV-VITA-224,2,36.73,40.8
2025-11-02,VV-VITA-225,1,20.9,20.9
2025-11-02,VV-VITA-228,4,82.66,89.42
2025-11-02,VV-VITA-243,4,77.85,82.56
2025-11-02,VV-VITA-249,1,23.9,23.9
2025-11-02,VV-VITA-252,1,21.27,23.62
2025-11-02,VV-VITA-259,1,22.9,25.44
2025-11-02,VV-VITA-262,1,18.68,20.75
2025-11-02,VV-VITA-287,1,18,19.99
2025-11-02,VV-VITA-301,2,35.82,39.8
2025-11-02,VV-VITA-320,3,61.25,65.04
2025-11-02,VV-VITA-326,1,17.17,19.07
2025-11-02,VV-VITA-329,14,255.35,283.69
2025-11-02,VV-VITA-338,3,48.92,54.33
2025-11-02,VV-VITA-339,1,19.9,19.9
2025-11-02,VV-VITA-341,5,76.3,77.89
2025-11-02,VV-VITA-342,2,43.8,43.8
2025-11-02,VV-VITA-343,1,16.28,18.08
2025-11-02,VV-VITA-352,1,20.61,22.9
2025-11-02,VV-VITA-354,3,56.75,66.88
2025-11-02,VV-VITA-355,3,69.99,69.99
2025-11-02,VV-VITA-359,1,18,19.99
2025-11-02,VV-VITA-361,2,35.21,37.02
2025-11-02,VV-VITA-364,4,76.96,85.51
2025-11-02,VV-VITA-367,1,16.35,18.16
2025-11-02,VV-VITA-368,2,35.8,35.8
2025-11-02,VV-VITA-387,1,25.51,28.34
2025-11-02,VV-VITA-39,2,45.8,45.8
2025-11-02,VV-VITA-395,3,48.31,53.67
2025-11-02,VV-VITA-46,5,99.32,101.49
2025-11-02,VV-VITA-63,1,22.9,22.9
2025-11-02,VV-VITA-94,2,47.45,52.7
2025-11-03,,8,121.77,135.11
2025-11-03,CP-DQMG-RVN9,3,65.7,65.7
2025-11-03,NX-CVPF-VCEZ,6,125.4,125.4
2025-11-03,VV-VITA-106,50,858.75,1145
2025-11-03,VV-VITA-121,1,20.45,22.72
2025-11-03,VV-VITA-151,2,43.02,47.8
2025-11-03,VV-VITA-158,1,31.9,31.9
2025-11-03,VV-VITA-159,1,20.45,22.72
2025-11-03,VV-VITA-165,3,82.34,85.06
2025-11-03,VV-VITA-197,150,2427.75,3735
2025-11-03,VV-VITA-206,4,71.6,71.6
2025-11-03,VV-VITA-222,8,181.14,190.64
2025-11-03,VV-VITA-223,3,69.31,71.7
2025-11-03,VV-VITA-225,2,45.31,45.31
2025-11-03,VV-VITA-228,4,83.75,90.51
2025-11-03,VV-VITA-237,1,17.91,19.9
2025-11-03,VV-VITA-243,4,80,88.87
2025-11-03,VV-VITA-252,1,20.61,22.9
2025-11-03,VV-VITA-257,6,148.5,153.03
2025-11-03,VV-VITA-258,4,67.5,67.5
2025-11-03,VV-VITA-259,4,91.61,101.78
2025-11-03,VV-VITA-276,1,24.9,24.9
2025-11-03,VV-VITA-287,1,17.99,19.98
2025-11-03,VV-VITA-298,2,41.89,45.8
2025-11-03,VV-VITA-304,1,14.72,16.35
2025-11-03,VV-VITA-31,1,19.71,21.9
2025-11-03,VV-VITA-320,2,44.07,45.97
2025-11-03,VV-VITA-338,5,97.51,99.5
2025-11-03,VV-VITA-339,1,17.91,19.9
2025-11-03,VV-VITA-349,1,16.9,16.9
2025-11-03,VV-VITA-352,5,114.5,114.5
2025-11-03,VV-VITA-354,1,19.71,21.9
2025-11-03,VV-VITA-355,2,44.09,46.44
2025-11-03,VV-VITA-356,1,14.55,14.55
2025-11-03,VV-VITA-358,1,17.01,18.9
2025-11-03,VV-VITA-361,1,16.35,18.16
2025-11-03,VV-VITA-364,9,195.84,200.55
2025-11-03,VV-VITA-368,2,35.8,35.8
2025-11-03,VV-VITA-372,1,17.01,18.9
2025-11-03,VV-VITA-379,2,29.71,35.8
2025-11-03,VV-VITA-38,2,29.27,32.52
2025-11-03,VV-VITA-395,1,18.9,18.9
2025-11-03,VV-VITA-46,1,17.91,19.9
2025-11-03,VV-VITA-50,1,18.81,20.9
2025-11-03,VV-VITA-57-V,2,77.8,77.8
2025-11-03,VV-VITA-63,2,38.16,38.16
2025-11-03,VV-VITA-86,4,82.08,93.54
2025-11-03,VV-VITA-93,35,462.07,590.75
2025-11-03,VV-VITA-94,2,42.77,47.52
2025-11-04,,5,94.37,100
2025-11-04,BJ-E223-8EKW,1,27.07,30.08
2025-11-04,CP-DQMG-RVN9,2,45.16,45.16
2025-11-04,CW-KVIN-V39Y,2,27.17,41.8
2025-11-04,NX-CVPF-VCEZ,3,47.54,52.82
2025-11-04,TU-QNYD-JRRX,2,34.96,36.15
2025-11-04,VV-VITA-101,1,20.37,22.63
2025-11-04,VV-VITA-109,1,19.35,19.35
2025-11-04,VV-VITA-119,2,38.7,38.7
2025-11-04,VV-VITA-121,3,47.06,64.45
2025-11-04,VV-VITA-122,3,58.87,64.69
2025-11-04,VV-VITA-124,1,19.55,21.72
2025-11-04,VV-VITA-151,4,97.7,100.17
2025-11-04,VV-VITA-153,3,56.26,60.24
2025-11-04,VV-VITA-158,1,31.9,31.9
2025-11-04,VV-VITA-159,3,50.51,77.7
2025-11-04,VV-VITA-166,1,19.9,19.9
2025-11-04,VV-VITA-170,2,24.57,37.8
2025-11-04,VV-VITA-171,1,19.77,21.96
2025-11-04,VV-VITA-173,4,62.13,77.86
2025-11-04,VV-VITA-183,2,51.8,51.8
2025-11-04,VV-VITA-188,1,11.64,17.9
2025-11-04,VV-VITA-203,8,159.2,159.2
2025-11-04,VV-VITA-222,9,164.91,215.1
2025-11-04,VV-VITA-223,11,221.51,260.72
2025-11-04,VV-VITA-224,5,86.29,95.87
2025-11-04,VV-VITA-225,1,20.39,22.65
2025-11-04,VV-VITA-228,2,41.22,45.8
2025-11-04,VV-VITA-243,13,221.27,286.42
2025-11-04,VV-VITA-247,1,18.74,20.82
2025-11-04,VV-VITA-259,2,36.71,40.78
2025-11-04,VV-VITA-276,5,120.1,130.67
2025-11-04,VV-VITA-277,1,11.61,12.9
2025-11-04,VV-VITA-287,1,19.9,19.9
2025-11-04,VV-VITA-298,3,44.66,68.7
2025-11-04,VV-VITA-301,1,19.9,19.9
2025-11-04,VV-VITA-308,1,21.19,23.54
2025-11-04,VV-VITA-31,1,22.58,22.58
2025-11-04,VV-VITA-310,1,24.9,24.9
2025-11-04,VV-VITA-313,1,17.99,19.98
2025-11-04,VV-VITA-316,2,35.82,39.8
2025-11-04,VV-VITA-317,3,61.29,61.29
2025-11-04,VV-VITA-318,5,68.49,94.95
2025-11-04,VV-VITA-320,5,119.2,126.46
2025-11-04,VV-VITA-329,1,17.18,19.07
2025-11-04,VV-VITA-338,2,35.44,37.16
2025-11-04,VV-VITA-346,1,13.9,13.9
2025-11-04,VV-VITA-352,2,45.66,49.06
2025-11-04,VV-VITA-354,2,47.25,47.25
2025-11-04,VV-VITA-356,2,33,34.63
2025-11-04,VV-VITA-358,1,17.01,18.9
2025-11-04,VV-VITA-359,1,18.6,19.99
2025-11-04,VV-VITA-361,3,49.84,53.34
2025-11-04,VV-VITA-364,2,40.01,44.46
2025-11-04,VV-VITA-367,1,16.11,17.9
2025-11-04,VV-VITA-368,3,51.76,53.93
2025-11-04,VV-VITA-372,1,14.99,16.65
2025-11-04,VV-VITA-377,1,14.9,14.9
2025-11-04,VV-VITA-379,1,14.19,15.76
2025-11-04,VV-VITA-380,1,15.54,17.26
2025-11-04,VV-VITA-382,2,34.18,37.97
2025-11-04,VV-VITA-383,1,14.19,15.76
2025-11-04,VV-VITA-386,1,22.58,22.58
2025-11-04,VV-VITA-387,1,26.17,29.07
2025-11-04,VV-VITA-395,1,17.01,18.9
2025-11-04,VV-VITA-46,12,155.22,238.8
2025-11-04,VV-VITA-57-V,2,70.02,77.8
2025-11-04,VV-VITA-63,1,18.74,20.82
2025-11-04,VV-VITA-93,3,32.96,50.7
2025-11-04,VV-VITA-94,27,519.3,699.3
2025-11-05,,16,238.35,324.86
2025-11-05,BJ-E223-8EKW,4,106.71,112.14
2025-11-05,CW-KVIN-V39Y,3,76.49,95.97
2025-11-05,NX-CVPF-VCEZ,1,21.81,21.81
2025-11-05,TU-QNYD-JRRX,50,614.25,945
2025-11-05,VV-VITA-101,3,67.91,67.91
2025-11-05,VV-VITA-102,1,16.45,16.45
2025-11-05,VV-VITA-121,1,18.68,20.75
2025-11-05,VV-VITA-122,1,16.98,18.86
2025-11-05,VV-VITA-124,3,63.57,70.63
2025-11-05,VV-VITA-151,1,21.26,23.62
2025-11-05,VV-VITA-153,2,36.26,36.26
2025-11-05,VV-VITA-158,1,28.71,31.9
2025-11-05,VV-VITA-159,6,133.85,152.87
2025-11-05,VV-VITA-165,4,102.3,102.3
2025-11-05,VV-VITA-171,1,27.9,27.9
2025-11-05,VV-VITA-172,1,14.93,19.9
2025-11-05,VV-VITA-173,3,56.05,62.27
2025-11-05,VV-VITA-183,6,106.26,154.03
2025-11-05,VV-VITA-198,5,64.68,99.5
2025-11-05,VV-VITA-203,7,102.49,139.3
2025-11-05,VV-VITA-223,2,45.41,47.8
2025-11-05,VV-VITA-225,1,15.68,20.9
2025-11-05,VV-VITA-228,5,99.12,110.13
2025-11-05,VV-VITA-243,5,95.1,103.23
2025-11-05,VV-VITA-247,3,59.73,59.73
2025-11-05,VV-VITA-248,1,15.54,23.9
2025-11-05,VV-VITA-249,1,19.5,25.99
2025-11-05,VV-VITA-259,1,25.9,25.9
2025-11-05,VV-VITA-264,10,186.75,249
2025-11-05,VV-VITA-31,3,55.85,65.7
2025-11-05,VV-VITA-320,4,76.02,85.83
2025-11-05,VV-VITA-329,1,19.08,19.08
2025-11-05,VV-VITA-339,1,17.83,19.81
2025-11-05,VV-VITA-341,3,42.93,47.7
2025-11-05,VV-VITA-342,6,93.08,131.4
2025-11-05,VV-VITA-352,4,88.13,97.32
2025-11-05,VV-VITA-354,2,40.76,49.61
2025-11-05,VV-VITA-355,2,45.8,45.8
2025-11-05,VV-VITA-364,2,47.25,47.25
2025-11-05,VV-VITA-379,1,19.08,19.08
2025-11-05,VV-VITA-38,1,18.9,18.9
2025-11-05,VV-VITA-39,2,39.26,41.06
2025-11-05,VV-VITA-395,2,37.4,41.55
2025-11-05,VV-VITA-46,3,54.4,61.88
2025-11-05,VV-VITA-50,3,50.75,60.7
2025-11-05,VV-VITA-63,2,38.16,38.16
2025-11-05,VV-VITA-86,2,29.85,39.8
2025-11-05,VV-VITA-90,1,18.17,18.17
2025-11-05,VV-VITA-94,2,38.85,51.8
2025-11-06,,20,353.34,382.08
2025-11-06,CW-KVIN-V39Y,2,36.83,36.83
2025-11-06,NX-CVPF-VCEZ,3,52.25,52.25
2025-11-06,VV-VITA-109,1,20.9,20.9
2025-11-06,VV-VITA-119,1,19.91,19.91
2025-11-06,VV-VITA-122,4,80.23,84.61
2025-11-06,VV-VITA-124,1,23.55,23.55
2025-11-06,VV-VITA-151,1,23.63,23.63
2025-11-06,VV-VITA-153,1,18.74,20.82
2025-11-06,VV-VITA-158,4,101.79,101.79
2025-11-06,VV-VITA-159,1,22.83,25.36
2025-11-06,VV-VITA-188,2,35.8,35.8
2025-11-06,VV-VITA-189,1,21.9,21.9
2025-11-06,VV-VITA-222,1,23.9,23.9
2025-11-06,VV-VITA-223,2,43.02,47.8
2025-11-06,VV-VITA-224,2,47.29,52.54
2025-11-06,VV-VITA-225,1,21.47,21.47
2025-11-06,VV-VITA-228,6,132.4,136.87
2025-11-06,VV-VITA-237,3,53.08,57.06
2025-11-06,VV-VITA-243,4,78.6,82.87
2025-11-06,VV-VITA-247,1,19.91,19.91
2025-11-06,VV-VITA-276,1,23.63,23.63
2025-11-06,VV-VITA-301,2,35.82,39.8
2025-11-06,VV-VITA-304,2,29.8,29.8
2025-11-06,VV-VITA-313,1,18.74,20.82
2025-11-06,VV-VITA-320,4,85.14,94.59
2025-11-06,VV-VITA-326,1,20.75,20.75
2025-11-06,VV-VITA-329,7,127.46,135.07
2025-11-06,VV-VITA-338,2,37.81,39.8
2025-11-06,VV-VITA-341,3,50.9,50.9
2025-11-06,VV-VITA-342,3,58.27,62.72
2025-11-06,VV-VITA-355,1,22.72,22.72
2025-11-06,VV-VITA-356,1,16.11,17.9
2025-11-06,VV-VITA-359,1,19.99,19.99
2025-11-06,VV-VITA-361,2,36.35,36.35
2025-11-06,VV-VITA-364,6,116.83,124.96
2025-11-06,VV-VITA-367,1,19.55,21.72
2025-11-06,VV-VITA-371,1,18.17,18.17
2025-11-06,VV-VITA-376,1,17.18,17.18
2025-11-06,VV-VITA-38,1,18.9,18.9
2025-11-06,VV-VITA-385,1,17.1,19
2025-11-06,VV-VITA-395,2,37.71,39.8
2025-11-06,VV-VITA-46,3,61.18,63.35
2025-11-06,VV-VITA-86,2,41.99,44.44
2025-11-06,VV-VITA-94,1,23.31,25.9
2025-11-07,,16,153.76,312.08
2025-11-07,VI-ZU99-SZ0B,1,13.43,17.9
2025-11-07,VV-VITA-111,1,17.64,20.9
2025-11-07,VV-VITA-136,1,20.45,22.72
2025-11-07,VV-VITA-151,1,21.26,23.62
2025-11-07,VV-VITA-153,1,19.9,19.9
2025-11-07,VV-VITA-155,-1,-23.6,0
2025-11-07,VV-VITA-158,1,31.9,31.9
2025-11-07,VV-VITA-165,-1,-26.51,0
2025-11-07,VV-VITA-183,3,73.89,76.33
2025-11-07,VV-VITA-189,1,19.71,21.9
2025-11-07,VV-VITA-203,1,19.91,19.91
2025-11-07,VV-VITA-206,2,21.42,53.7
2025-11-07,VV-VITA-223,4,86.93,94.26
2025-11-07,VV-VITA-224,3,61.7,61.7
2025-11-07,VV-VITA-225,-2,-33.98,0
2025-11-07,VV-VITA-230,5,97.13,129.5
2025-11-07,VV-VITA-237,3,44.78,59.7
2025-11-07,VV-VITA-247,2,36.51,54.77
2025-11-07,VV-VITA-252,1,22.9,22.9
2025-11-07,VV-VITA-258,1,18.9,18.9
2025-11-07,VV-VITA-264,2,51.8,51.8
2025-11-07,VV-VITA-287,1,19.9,19.9
2025-11-07,VV-VITA-313,1,17.01,18.9
2025-11-07,VV-VITA-320,2,33.26,38.15
2025-11-07,VV-VITA-326,1,18.68,24.9
2025-11-07,VV-VITA-339,1,17.91,19.9
2025-11-07,VV-VITA-341,1,14.31,15.9
2025-11-07,VV-VITA-342,5,82.13,109.5
2025-11-07,VV-VITA-355,1,12.9,22.9
2025-11-07,VV-VITA-361,1,16.35,18.16
2025-11-07,VV-VITA-368,1,16.27,16.27
2025-11-07,VV-VITA-371,1,14.59,43.76
2025-11-07,VV-VITA-372,1,17.01,18.9
2025-11-07,VV-VITA-376,2,23.85,31.8
2025-11-07,VV-VITA-38,1,17.01,18.9
2025-11-07,VV-VITA-386,1,19.91,19.91
2025-11-07,VV-VITA-39,2,32.72,36.34
2025-11-07,VV-VITA-90,1,17.83,19.81
2025-11-08,,5,87.54,98.32
2025-11-08,BJ-E223-8EKW,1,26.01,28.9
2025-11-08,VV-VITA-122,1,20.61,22.9
2025-11-08,VV-VITA-146,1,17.91,19.9
2025-11-08,VV-VITA-151,5,114.09,118.8
2025-11-08,VV-VITA-153,1,19.91,19.91
2025-11-08,VV-VITA-158,2,58,58
2025-11-08,VV-VITA-165,4,102.65,117.6
2025-11-08,VV-VITA-166,2,31.35,41.8
2025-11-08,VV-VITA-170,3,54.98,54.98
2025-11-08,VV-VITA-171,1,25.36,25.36
2025-11-08,VV-VITA-186,1,23.31,25.9
2025-11-08,VV-VITA-197,1,22.41,24.9
2025-11-08,VV-VITA-198,1,18.09,18.09
2025-11-08,VV-VITA-203,1,18.17,18.17
2025-11-08,VV-VITA-215,1,18.9,18.9
2025-11-08,VV-VITA-223,5,108.9,111.29
2025-11-08,VV-VITA-224,4,80.61,82.6
2025-11-08,VV-VITA-228,4,85.68,90.14
2025-11-08,VV-VITA-230,3,68.43,73.61
2025-11-08,VV-VITA-243,7,146.09,155.02
2025-11-08,VV-VITA-247,1,18.09,18.09
2025-11-08,VV-VITA-259,1,19.43,25.9
2025-11-08,VV-VITA-264,1,25.9,25.9
2025-11-08,VV-VITA-284,5,113.59,113.59
2025-11-08,VV-VITA-287,5,99.5,99.5
2025-11-08,VV-VITA-301,1,20.4,20.4
2025-11-08,VV-VITA-313,1,17.18,17.18
2025-11-08,VV-VITA-320,3,79.02,81.71
2025-11-08,VV-VITA-329,3,51.52,57.23
2025-11-08,VV-VITA-336,1,20.4,20.4
2025-11-08,VV-VITA-338,1,18.09,18.09
2025-11-08,VV-VITA-341,1,13.83,15.36
2025-11-08,VV-VITA-342,3,62.09,68.98
2025-11-08,VV-VITA-351,5,99.95,99.95
2025-11-08,VV-VITA-359,1,19.32,19.32
2025-11-08,VV-VITA-367,1,17.9,17.9
2025-11-08,VV-VITA-371,2,29.85,39.8
2025-11-08,VV-VITA-377,1,14.9,14.9
2025-11-08,VV-VITA-378,3,46.34,46.34
2025-11-08,VV-VITA-38,1,12.26,13.62
2025-11-08,VV-VITA-46,1,19.9,19.9
2025-11-08,VV-VITA-49,1,19.99,19.99
2025-11-08,VV-VITA-57-V,1,35.36,35.36
2025-11-08,VV-VITA-63,1,17.18,19.07
2025-11-08,VV-VITA-94,1,26.35,26.35
2025-11-09,,14,247.75,264.53
2025-11-09,CW-KVIN-V39Y,2,41.8,41.8
2025-11-09,NX-CVPF-VCEZ,3,61.43,63.61
2025-11-09,TU-QNYD-JRRX,2,36.16,36.16
2025-11-09,VV-VITA-111,1,19.9,19.9
2025-11-09,VV-VITA-121,2,38.42,38.42
2025-11-09,VV-VITA-124,1,21.19,23.54
2025-11-09,VV-VITA-146,1,19.9,19.9
2025-11-09,VV-VITA-153,2,39.81,39.81
2025-11-09,VV-VITA-158,1,22.9,25.44
2025-11-09,VV-VITA-159,1,23.31,25.9
2025-11-09,VV-VITA-168,1,20.45,22.71
2025-11-09,VV-VITA-170,1,18.9,18.9
2025-11-09,VV-VITA-171,2,51.8,54.52
2025-11-09,VV-VITA-173,1,20.4,20.4
2025-11-09,VV-VITA-183,2,49.07,49.07
2025-11-09,VV-VITA-186,1,24.45,24.45
2025-11-09,VV-VITA-197,2,47.09,47.09
2025-11-09,VV-VITA-222,1,21.51,23.9
2025-11-09,VV-VITA-223,8,167,188.2
2025-11-09,VV-VITA-225,1,20.9,20.9
2025-11-09,VV-VITA-228,7,139.21,155.93
2025-11-09,VV-VITA-243,3,60.68,67.42
2025-11-09,VV-VITA-247,6,103.98,119.9
2025-11-09,VV-VITA-248,4,78.22,86.91
2025-11-09,VV-VITA-259,2,45.81,50.89
2025-11-09,VV-VITA-277,1,12.9,12.9
2025-11-09,VV-VITA-298,1,20.82,20.82
2025-11-09,VV-VITA-301,2,39.8,39.8
2025-11-09,VV-VITA-308,1,23.31,25.9
2025-11-09,VV-VITA-320,3,51.53,57.23
2025-11-09,VV-VITA-326,4,99.6,99.6
2025-11-09,VV-VITA-329,1,20.4,20.4
2025-11-09,VV-VITA-342,11,235.35,237.16
2025-11-09,VV-VITA-355,1,23.62,23.62
2025-11-09,VV-VITA-361,1,18.17,18.17
2025-11-09,VV-VITA-365,2,27.8,30.89
2025-11-09,VV-VITA-367,2,37.22,37.22
2025-11-09,VV-VITA-368,1,16.11,17.9
2025-11-09,VV-VITA-371,1,15.9,15.9
2025-11-09,VV-VITA-372,10,189,189
2025-11-09,VV-VITA-376,3,49.06,49.06
2025-11-09,VV-VITA-379,2,38.16,38.16
2025-11-09,VV-VITA-38,1,17.01,18.9
2025-11-09,VV-VITA-386,4,87.6,87.6
2025-11-09,VV-VITA-387,2,52.35,58.15
2025-11-09,VV-VITA-395,2,34.02,37.8
2025-11-09,VV-VITA-46,2,37.81,39.8
2025-11-09,VV-VITA-49,3,58.88,58.88
2025-11-09,VV-VITA-57-V2,1,21.51,23.9
2025-11-09,VV-VITA-90,1,16.35,18.16
2025-11-09,VV-VITA-93,3,50.1,53.78
2025-11-10,,2,37.8,40.34
2025-11-10,NX-CVPF-VCEZ,1,18.81,20.9
2025-11-10,TU-QNYD-JRRX,50,614.25,945
2025-11-10,VI-ZU99-SZ0B,2,31.57,35.07
2025-11-10,VV-VITA-101,1,19.81,19.81
2025-11-10,VV-VITA-109,1,17.01,18.9
2025-11-10,VV-VITA-122,2,37.63,41.8
2025-11-10,VV-VITA-146,2,29.85,39.8
2025-11-10,VV-VITA-151,3,66.15,70.87
2025-11-10,VV-VITA-153,2,36.08,36.08
2025-11-10,VV-VITA-158,2,45.81,50.89
2025-11-10,VV-VITA-159,1,25.9,25.9
2025-11-10,VV-VITA-173,1,17.91,19.9
2025-11-10,VV-VITA-183,1,25.9,25.9
2025-11-10,VV-VITA-186,2,38.85,51.8
2025-11-10,VV-VITA-203,1,17.92,19.91
2025-11-10,VV-VITA-204,2,31.08,34.52
2025-11-10,VV-VITA-223,6,134.08,140.95
2025-11-10,VV-VITA-224,1,18.82,20.9
2025-11-10,VV-VITA-225,4,82.58,87.11
2025-11-10,VV-VITA-230,1,25.9,25.9
2025-11-10,VV-VITA-243,7,147.11,151.49
2025-11-10,VV-VITA-259,1,21.06,21.06
2025-11-10,VV-VITA-262,2,41.52,41.52
2025-11-10,VV-VITA-297,-2,-36.51,0
2025-11-10,VV-VITA-301,2,39.8,39.8
2025-11-10,VV-VITA-304,1,14.72,16.35
2025-11-10,VV-VITA-317,2,39.8,39.8
2025-11-10,VV-VITA-318,1,18.09,18.09
2025-11-10,VV-VITA-320,5,114.01,126.67
2025-11-10,VV-VITA-326,1,20.37,22.63
2025-11-10,VV-VITA-329,2,39.8,39.8
2025-11-10,VV-VITA-338,2,35.35,37.07
2025-11-10,VV-VITA-341,3,43.48,45.07
2025-11-10,VV-VITA-342,5,85.34,105.76
2025-11-10,VV-VITA-354,2,47.25,47.25
2025-11-10,VV-VITA-355,3,60.22,113.58
2025-11-10,VV-VITA-356,1,17.9,17.9
2025-11-10,VV-VITA-361,2,34.53,36.33
2025-11-10,VV-VITA-364,-3,-60.66,21.9
2025-11-10,VV-VITA-368,5,95,95
2025-11-10,VV-VITA-395,4,68.04,75.6
2025-11-10,VV-VITA-49,1,17.01,18.9
2025-11-10,VV-VITA-57-V,1,31.9,35.44
2025-11-10,VV-VITA-57-V2,20,430.2,478
2025-11-10,VV-VITA-63,1,18.74,20.82
2025-11-11,,8,144.25,153.1
2025-11-11,BJ-E223-8EKW,4,106.37,112.15
2025-11-11,VI-ZU99-SZ0B,1,15.54,17.26
2025-11-11,VV-VITA-101,1,19.63,21.81
2025-11-11,VV-VITA-106,2,37.85,37.85
2025-11-11,VV-VITA-109,6,96.28,106.97
2025-11-11,VV-VITA-116,1,18.17,18.17
2025-11-11,VV-VITA-121,2,45.44,45.44
2025-11-11,VV-VITA-122,1,18.86,18.86
2025-11-11,VV-VITA-146,3,43.61,54.5
2025-11-11,VV-VITA-153,2,37.81,39.8
2025-11-11,VV-VITA-158,1,25.45,25.45
2025-11-11,VV-VITA-171,7,171.76,190.84
2025-11-11,VV-VITA-173,3,51.19,57.96
2025-11-11,VV-VITA-183,1,25.9,25.9
2025-11-11,VV-VITA-198,1,18.17,18.17
2025-11-11,VV-VITA-222,1,23.9,23.9
2025-11-11,VV-VITA-223,9,189.59,209.64
2025-11-11,VV-VITA-224,1,17.91,19.9
2025-11-11,VV-VITA-225,2,41.8,41.8
2025-11-11,VV-VITA-228,8,179.1,183.55
2025-11-11,VV-VITA-231,6,156.38,161.76
2025-11-11,VV-VITA-243,14,285.08,304.79
2025-11-11,VV-VITA-247,2,40.66,40.66
2025-11-11,VV-VITA-248,5,107.42,122.07
2025-11-11,VV-VITA-249,1,23.9,23.9
2025-11-11,VV-VITA-259,1,25.9,25.9
2025-11-11,VV-VITA-264,1,22.82,22.82
2025-11-11,VV-VITA-276,2,44.9,47.25
2025-11-11,VV-VITA-284,2,40.73,46.62
2025-11-11,VV-VITA-301,4,68.9,74.32
2025-11-11,VV-VITA-31,2,39.42,43.8
2025-11-11,VV-VITA-310,1,21.71,21.71
2025-11-11,VV-VITA-320,4,100.85,106.07
2025-11-11,VV-VITA-326,2,45.27,45.27
2025-11-11,VV-VITA-329,3,57.25,57.25
2025-11-11,VV-VITA-338,1,17.91,19.9
2025-11-11,VV-VITA-339,1,19.9,19.9
2025-11-11,VV-VITA-341,1,15.9,15.9
2025-11-11,VV-VITA-342,2,41.61,43.8
2025-11-11,VV-VITA-354,3,57.35,69.16
2025-11-11,VV-VITA-356,2,32.62,34.25
2025-11-11,VV-VITA-361,1,15.38,18.17
2025-11-11,VV-VITA-367,1,16.11,17.9
2025-11-11,VV-VITA-376,2,30.91,32.62
2025-11-11,VV-VITA-377,1,13.55,13.55
2025-11-11,VV-VITA-382,2,33.95,37.72
2025-11-11,VV-VITA-383,1,18.17,18.17
2025-11-11,VV-VITA-39,1,16.35,18.16
2025-11-11,VV-VITA-395,1,18.09,18.09
2025-11-11,VV-VITA-46,4,79.52,81.69
2025-11-11,VV-VITA-49,1,17.01,18.9
2025-11-11,VV-VITA-90,4,81.51,83.6
2025-11-12,,17,296.95,360.18
2025-11-12,BJ-E223-8EKW,6,117.58,170.77
2025-11-12,CW-KVIN-V39Y,4,54.34,83.6
2025-11-12,TU-QNYD-JRRX,1,18.9,18.9
2025-11-12,VV-VITA-101,2,35.66,39.62
2025-11-12,VV-VITA-109,1,20.82,20.82
2025-11-12,VV-VITA-111,3,40.82,62.79
2025-11-12,VV-VITA-122,3,56.44,62.7
2025-11-12,VV-VITA-124,1,19.55,21.72
2025-11-12,VV-VITA-136,1,16.25,24.99
2025-11-12,VV-VITA-153,3,49.75,59.7
2025-11-12,VV-VITA-155,12,163.02,250.8
2025-11-12,VV-VITA-158,10,221.66,287.66
2025-11-12,VV-VITA-159,5,100.2,119.95
2025-11-12,VV-VITA-170,1,12.29,18.9
2025-11-12,VV-VITA-173,1,19.9,19.9
2025-11-12,VV-VITA-186,1,22.01,24.45
2025-11-12,VV-VITA-188,5,58.18,89.5
2025-11-12,VV-VITA-197,1,16.84,25.9
2025-11-12,VV-VITA-203,8,140.4,149.38
2025-11-12,VV-VITA-215,1,18.9,18.9
2025-11-12,VV-VITA-222,5,77.68,119.5
2025-11-12,VV-VITA-223,12,207.64,284.13
2025-11-12,VV-VITA-224,5,64.68,99.5
2025-11-12,VV-VITA-225,3,62.7,62.7
2025-11-12,VV-VITA-228,3,51.8,70.88
2025-11-12,VV-VITA-230,8,151.4,196.72
2025-11-12,VV-VITA-231,21,503.97,567.18
2025-11-12,VV-VITA-237,1,17.91,19.9
2025-11-12,VV-VITA-243,17,260.46,380.48
2025-11-12,VV-VITA-247,20,289.8,393.83
2025-11-12,VV-VITA-248,12,196.8,289.89
2025-11-12,VV-VITA-250,1,15.36,15.36
2025-11-12,VV-VITA-259,2,41.02,50.81
2025-11-12,VV-VITA-262,1,19.9,19.9
2025-11-12,VV-VITA-276,7,114.72,176.48
2025-11-12,VV-VITA-287,2,25.87,39.8
2025-11-12,VV-VITA-298,3,52.67,68.7
2025-11-12,VV-VITA-301,7,131.34,139.3
2025-11-12,VV-VITA-304,5,48.43,74.5
2025-11-12,VV-VITA-310,2,49.8,49.8
2025-11-12,VV-VITA-313,1,19.99,19.99
2025-11-12,VV-VITA-318,5,61.43,94.5
2025-11-12,VV-VITA-320,12,243.34,302.46
2025-11-12,VV-VITA-342,1,18.08,20.08
2025-11-12,VV-VITA-349,3,50.7,50.7
2025-11-12,VV-VITA-352,2,35.09,53.98
2025-11-12,VV-VITA-355,1,20.45,22.72
2025-11-12,VV-VITA-356,2,41.64,41.64
2025-11-12,VV-VITA-358,2,31.21,34.67
2025-11-12,VV-VITA-361,3,49.07,54.51
2025-11-12,VV-VITA-363,7,82.82,118.3
2025-11-12,VV-VITA-367,1,16.35,18.16
2025-11-12,VV-VITA-368,1,16.11,17.9
2025-11-12,VV-VITA-369,2,35.8,35.8
2025-11-12,VV-VITA-372,1,17.01,18.9
2025-11-12,VV-VITA-375,1,13.95,15.5
2025-11-12,VV-VITA-376,2,28.83,32.03
2025-11-12,VV-VITA-377,5,48.43,74.5
2025-11-12,VV-VITA-382,1,17.18,19.07
2025-11-12,VV-VITA-385,3,53.49,59.43
2025-11-12,VV-VITA-39,6,87.43,134.49
2025-11-12,VV-VITA-395,1,17.01,18.9
2025-11-12,VV-VITA-46,5,64.68,99.5
2025-11-12,VV-VITA-49,10,160.29,193.36
2025-11-12,VV-VITA-50,11,142.29,218.9
2025-11-12,VV-VITA-57-V,5,126.43,194.5
2025-11-12,VV-VITA-86,1,24.55,24.55
2025-11-12,VV-VITA-90,1,18.81,20.9
2025-11-12,VV-VITA-93,2,33.8,33.8
2025-11-12,VV-VITA-94,8,155.14,208.34
2025-11-13,,17,280.07,311.05
2025-11-13,TU-QNYD-JRRX,3,48.14,53.48
2025-11-13,VI-ZU99-SZ0B,1,15.46,17.17
2025-11-13,VV-VITA-101,3,72.17,74.43
2025-11-13,VV-VITA-124,1,21.19,23.54
2025-11-13,VV-VITA-146,1,19.9,19.9
2025-11-13,VV-VITA-151,1,21.51,23.9
2025-11-13,VV-VITA-155,1,16.99,16.99
2025-11-13,VV-VITA-158,2,36.81,76.33
2025-11-13,VV-VITA-159,3,58.28,77.7
2025-11-13,VV-VITA-165,1,28.9,28.9
2025-11-13,VV-VITA-173,2,32.36,32.36
2025-11-13,VV-VITA-189,1,21.9,21.9
2025-11-13,VV-VITA-197,1,24.55,24.55
2025-11-13,VV-VITA-203,1,16.18,16.18
2025-11-13,VV-VITA-222,4,83.65,95.6
2025-11-13,VV-VITA-223,12,247.3,291.56
2025-11-13,VV-VITA-225,1,20.9,20.9
2025-11-13,VV-VITA-228,6,127.26,129.55
2025-11-13,VV-VITA-231,4,99.53,107.6
2025-11-13,VV-VITA-243,7,148.92,153.3
2025-11-13,VV-VITA-247,8,132.5,140.58
2025-11-13,VV-VITA-258,3,56.7,56.7
2025-11-13,VV-VITA-276,2,49.8,49.8
2025-11-13,VV-VITA-295,1,19.43,19.43
2025-11-13,VV-VITA-301,1,17.26,17.26
2025-11-13,VV-VITA-308,2,44.91,47.36
2025-11-13,VV-VITA-310,3,58.8,65.32
2025-11-13,VV-VITA-313,4,65.24,76.68
2025-11-13,VV-VITA-320,9,190.1,205.44
2025-11-13,VV-VITA-331,4,77.61,79.6
2025-11-13,VV-VITA-338,0,0,19.9
2025-11-13,VV-VITA-339,1,17.91,19.9
2025-11-13,VV-VITA-341,1,14.31,15.9
2025-11-13,VV-VITA-342,2,39.42,43.8
2025-11-13,VV-VITA-355,2,47.09,47.09
2025-11-13,VV-VITA-361,2,35.9,35.9
2025-11-13,VV-VITA-367,1,19.55,21.72
2025-11-13,VV-VITA-368,2,38.54,40.71
2025-11-13,VV-VITA-372,4,65,65
2025-11-13,VV-VITA-377,1,14.42,16.02
2025-11-13,VV-VITA-378,1,13.55,13.55
2025-11-13,VV-VITA-386,1,21.9,21.9
2025-11-13,VV-VITA-389,1,23.9,23.9
2025-11-13,VV-VITA-391,1,19.9,19.9
2025-11-13,VV-VITA-395,2,37.4,41.55
2025-11-13,VV-VITA-46,3,61.62,61.62
2025-11-13,VV-VITA-49,1,17.01,18.9
2025-11-13,VV-VITA-86,2,33.93,38.9
2025-11-13,VV-VITA-94,4,85.47,103.6
2025-11-14,,16,290.38,297.17
2025-11-14,BJ-E223-8EKW,1,28.9,28.9
2025-11-14,TU-QNYD-JRRX,50,614.25,945
2025-11-14,VV-VITA-109,1,18.9,18.9
2025-11-14,VV-VITA-124,1,21.19,23.54
2025-11-14,VV-VITA-127,1,19.91,19.91
2025-11-14,VV-VITA-153,5,82.51,99.41
2025-11-14,VV-VITA-155,2,40.9,45.43
2025-11-14,VV-VITA-158,2,51.66,57.4
2025-11-14,VV-VITA-171,1,25.11,27.9
2025-11-14,VV-VITA-172,30,447.75,597
2025-11-14,VV-VITA-173,1,16.35,18.16
2025-11-14,VV-VITA-197,50,933.75,1245
2025-11-14,VV-VITA-203,9,134.33,179.1
2025-11-14,VV-VITA-222,2,47.25,47.25
2025-11-14,VV-VITA-223,1,21.51,23.9
2025-11-14,VV-VITA-225,11,177.65,229.9
2025-11-14,VV-VITA-228,6,128.67,133.03
2025-11-14,VV-VITA-230,11,224.04,284.9
2025-11-14,VV-VITA-231,2,53.8,53.8
2025-11-14,VV-VITA-237,3,49.26,52.52
2025-11-14,VV-VITA-249,1,21.51,23.9
2025-11-14,VV-VITA-276,3,67.23,74.7
2025-11-14,VV-VITA-277,4,53.77,53.77
2025-11-14,VV-VITA-287,1,18,19.99
2025-11-14,VV-VITA-295,1,18.81,20.9
2025-11-14,VV-VITA-304,1,14.9,14.9
2025-11-14,VV-VITA-313,1,17.01,18.9
2025-11-14,VV-VITA-316,1,17.91,19.9
2025-11-14,VV-VITA-338,1,19.9,19.9
2025-11-14,VV-VITA-351,1,17.99,19.98
2025-11-14,VV-VITA-356,1,16.11,17.9
2025-11-14,VV-VITA-373,1,13.41,14.9
2025-11-14,VV-VITA-375,2,35.98,39.97
2025-11-14,VV-VITA-377,2,31.25,33.06
2025-11-14,VV-VITA-38,1,12.26,13.62
2025-11-14,VV-VITA-389,1,21.51,23.9
2025-11-14,VV-VITA-46,2,34.92,39.89
2025-11-14,VV-VITA-94,3,72.96,81.05
2025-11-15,,20,366.88,375.68
2025-11-15,CW-KVIN-V39Y,1,18.81,20.9
2025-11-15,NX-CVPF-VCEZ,1,17.92,19.91
2025-11-15,TU-QNYD-JRRX,1,18.9,18.9
2025-11-15,VV-VITA-105,1,18.09,18.09
2025-11-15,VV-VITA-116,1,17.91,19.8
2025-11-15,VV-VITA-155,2,44.5,44.5
2025-11-15,VV-VITA-166,1,23.63,23.63
2025-11-15,VV-VITA-170,3,48.82,48.82
2025-11-15,VV-VITA-172,1,19.9,19.9
2025-11-15,VV-VITA-173,4,80.46,80.46
2025-11-15,VV-VITA-198,1,16.35,18.16
2025-11-15,VV-VITA-203,1,19.9,19.9
2025-11-15,VV-VITA-222,1,23.9,23.9
2025-11-15,VV-VITA-223,7,157,169.06
2025-11-15,VV-VITA-224,3,65.2,72.44
2025-11-15,VV-VITA-225,2,34.83,34.83
2025-11-15,VV-VITA-228,2,42.54,44.71
2025-11-15,VV-VITA-230,2,47.2,47.2
2025-11-15,VV-VITA-231,2,51.36,54.07
2025-11-15,VV-VITA-237,1,17.1,19
2025-11-15,VV-VITA-243,3,60.34,62.53
2025-11-15,VV-VITA-248,1,21.51,23.9
2025-11-15,VV-VITA-249,4,88.16,95.33
2025-11-15,VV-VITA-252,2,37.24,37.24
2025-11-15,VV-VITA-276,3,76.54,79.16
2025-11-15,VV-VITA-277,1,11.61,12.9
2025-11-15,VV-VITA-284,1,21.71,21.71
2025-11-15,VV-VITA-286,1,21.9,21.9
2025-11-15,VV-VITA-301,1,17.91,19.9
2025-11-15,VV-VITA-31,4,87.6,87.6
2025-11-15,VV-VITA-310,3,68.31,68.31
2025-11-15,VV-VITA-320,4,99.53,107.6
2025-11-15,VV-VITA-336,1,19.9,19.9
2025-11-15,VV-VITA-338,1,17.26,17.26
2025-11-15,VV-VITA-342,2,44.55,44.55
2025-11-15,VV-VITA-355,1,20.45,22.72
2025-11-15,VV-VITA-367,1,19.55,21.72
2025-11-15,VV-VITA-372,2,36.01,37.9
2025-11-15,VV-VITA-377,1,16.35,18.16
2025-11-15,VV-VITA-379,2,32.22,35.8
2025-11-15,VV-VITA-382,1,19.91,19.91
2025-11-15,VV-VITA-385,4,71.66,79.24
2025-11-15,VV-VITA-39,1,22.9,22.9
2025-11-15,VV-VITA-390,2,47.09,47.09
2025-11-15,VV-VITA-49,1,18.9,18.9
2025-11-15,VV-VITA-50,1,19.91,19.91
2025-11-15,VV-VITA-63,1,19.08,19.08
2025-11-15,VV-VITA-86,1,19.9,19.9
2025-11-15,VV-VITA-90,3,54.52,54.52
2025-11-15,VV-VITA-93,1,16.02,16.02
2025-11-15,VV-VITA-94,3,69.93,77.7
2025-11-16,,21,343.45,371.01
2025-11-16,BJ-E223-8EKW,2,57.8,57.8
2025-11-16,CP-DQMG-RVN9,1,17.99,19.98
2025-11-16,CW-KVIN-V39Y,2,53.99,59.98
2025-11-16,NX-CVPF-VCEZ,1,18.81,20.9
2025-11-16,TU-QNYD-JRRX,2,28.59,31.76
2025-11-16,VI-ZU99-SZ0B,1,15.55,17.26
2025-11-16,VV-VITA-105,1,17.83,19.81
2025-11-16,VV-VITA-106,2,41.22,45.8
2025-11-16,VV-VITA-121,2,40.16,44.62
2025-11-16,VV-VITA-124,3,73.39,73.39
2025-11-16,VV-VITA-127,1,21.94,21.94
2025-11-16,VV-VITA-153,2,34.55,36.53
2025-11-16,VV-VITA-158,1,31.9,31.9
2025-11-16,VV-VITA-159,2,45.44,45.44
2025-11-16,VV-VITA-171,3,80.19,82.98
2025-11-16,VV-VITA-173,1,18.09,18.09
2025-11-16,VV-VITA-183,1,25.9,25.9
2025-11-16,VV-VITA-198,4,72.69,72.69
2025-11-16,VV-VITA-203,1,19.9,19.9
2025-11-16,VV-VITA-204,1,17.01,18.9
2025-11-16,VV-VITA-207,4,76.88,76.88
2025-11-16,VV-VITA-215,4,75.6,75.6
2025-11-16,VV-VITA-222,2,44.15,46.54
2025-11-16,VV-VITA-223,14,305.95,322.46
2025-11-16,VV-VITA-224,2,40.8,40.8
2025-11-16,VV-VITA-225,8,150.48,167.2
2025-11-16,VV-VITA-228,5,106.96,111.33
2025-11-16,VV-VITA-230,1,21.73,21.73
2025-11-16,VV-VITA-231,1,24.55,27.26
2025-11-16,VV-VITA-237,3,52.62,52.62
2025-11-16,VV-VITA-243,7,150.64,155.02
2025-11-16,VV-VITA-247,1,18.09,18.09
2025-11-16,VV-VITA-248,3,68.71,73.6
2025-11-16,VV-VITA-250,2,33.26,33.26
2025-11-16,VV-VITA-258,1,17.18,17.18
2025-11-16,VV-VITA-259,1,23.31,25.9
2025-11-16,VV-VITA-297,2,39.8,39.8
2025-11-16,VV-VITA-298,1,18.77,18.77
2025-11-16,VV-VITA-301,2,34.89,38.76
2025-11-16,VV-VITA-308,1,23.63,23.63
2025-11-16,VV-VITA-316,1,14.72,16.35
2025-11-16,VV-VITA-317,1,16.28,18.08
2025-11-16,VV-VITA-318,2,32.63,32.63
2025-11-16,VV-VITA-320,9,213.38,226.02
2025-11-16,VV-VITA-331,1,16.35,16.35
2025-11-16,VV-VITA-336,1,17.91,19.9
2025-11-16,VV-VITA-338,1,17.91,19.9
2025-11-16,VV-VITA-346,2,27.8,27.8
2025-11-16,VV-VITA-352,5,118.59,121.04
2025-11-16,VV-VITA-354,4,78.21,78.21
2025-11-16,VV-VITA-355,2,46.64,49.09
2025-11-16,VV-VITA-356,1,14.65,16.27
2025-11-16,VV-VITA-361,1,18.86,18.86
2025-11-16,VV-VITA-363,1,15.21,16.9
2025-11-16,VV-VITA-367,1,17.9,17.9
2025-11-16,VV-VITA-379,3,48.33,53.7
2025-11-16,VV-VITA-38,2,35.91,37.8
2025-11-16,VV-VITA-383,1,17.18,17.18
2025-11-16,VV-VITA-385,2,30.73,30.73
2025-11-16,VV-VITA-387,2,52.35,58.15
2025-11-16,VV-VITA-389,1,23.9,23.9
2025-11-16,VV-VITA-390,1,18.09,18.09
2025-11-16,VV-VITA-46,4,71.64,79.6
2025-11-16,VV-VITA-49,2,35.91,37.8
2025-11-16,VV-VITA-50,2,37.72,39.71
2025-11-16,VV-VITA-93,1,15.21,16.9
2025-11-17,,17,275.65,305.11
2025-11-17,BJ-E223-8EKW,2,59.24,59.24
2025-11-17,CP-DQMG-RVN9,1,0,21.9
2025-11-17,CW-KVIN-V39Y,2,54.79,54.79
2025-11-17,VV-VITA-101,1,23.31,25.9
2025-11-17,VV-VITA-106,1,24.9,24.9
2025-11-17,VV-VITA-116,1,0,17.9
2025-11-17,VV-VITA-121,1,19.71,21.9
2025-11-17,VV-VITA-122,1,20.61,22.9
2025-11-17,VV-VITA-127,8,143.33,193.82
2025-11-17,VV-VITA-136,1,22.72,22.72
2025-11-17,VV-VITA-146,1,16.35,18.16
2025-11-17,VV-VITA-151,1,0,23.9
2025-11-17,VV-VITA-153,4,57.73,79.62
2025-11-17,VV-VITA-155,3,62.35,64.61
2025-11-17,VV-VITA-158,3,31.9,95.7
2025-11-17,VV-VITA-159,1,20.45,22.71
2025-11-17,VV-VITA-170,5,61.43,94.5
2025-11-17,VV-VITA-171,1,27.26,27.26
2025-11-17,VV-VITA-172,1,0,19.9
2025-11-17,VV-VITA-173,4,34.45,76.05
2025-11-17,VV-VITA-198,1,16.27,16.27
2025-11-17,VV-VITA-199,5,64.68,99.5
2025-11-17,VV-VITA-206,1,0,17.9
2025-11-17,VV-VITA-207,5,64.68,99.5
2025-11-17,VV-VITA-222,2,47.8,47.8
2025-11-17,VV-VITA-223,8,140.4,188.2
2025-11-17,VV-VITA-224,2,38.71,40.8
2025-11-17,VV-VITA-225,1,20.9,20.9
2025-11-17,VV-VITA-228,5,89.7,115.05
2025-11-17,VV-VITA-231,7,153.33,188.3
2025-11-17,VV-VITA-237,1,17.91,19.9
2025-11-17,VV-VITA-243,3,62.43,64.62
2025-11-17,VV-VITA-248,2,21.51,47.8
2025-11-17,VV-VITA-249,1,23.9,23.9
2025-11-17,VV-VITA-258,5,61.43,94.5
2025-11-17,VV-VITA-259,1,25.45,25.45
2025-11-17,VV-VITA-284,5,77.68,119.5
2025-11-17,VV-VITA-286,5,71.18,109.5
2025-11-17,VV-VITA-287,11,218.9,218.9
2025-11-17,VV-VITA-297,6,84.58,119.4
2025-11-17,VV-VITA-301,2,37.81,39.8
2025-11-17,VV-VITA-308,6,84.18,155.4
2025-11-17,VV-VITA-313,3,59.97,59.97
2025-11-17,VV-VITA-316,12,169.15,238.8
2025-11-17,VV-VITA-317,3,53.75,59.72
2025-11-17,VV-VITA-319,5,64.68,99.5
2025-11-17,VV-VITA-320,7,141.34,157.01
2025-11-17,VV-VITA-341,2,34.53,34.53
2025-11-17,VV-VITA-342,5,103.68,110.25
2025-11-17,VV-VITA-354,1,0,21.9
2025-11-17,VV-VITA-358,1,23.9,23.9
2025-11-17,VV-VITA-361,1,16.35,18.16
2025-11-17,VV-VITA-363,1,0,16.9
2025-11-17,VV-VITA-364,6,90.89,131.4
2025-11-17,VV-VITA-365,1,0,14.9
2025-11-17,VV-VITA-367,1,18.17,18.17
2025-11-17,VV-VITA-372,10,122.85,189
2025-11-17,VV-VITA-377,1,14.9,14.9
2025-11-17,VV-VITA-378,5,58.05,64.5
2025-11-17,VV-VITA-38,1,18.9,18.9
2025-11-17,VV-VITA-387,1,23.31,25.9
2025-11-17,VV-VITA-390,6,84.58,119.4
2025-11-17,VV-VITA-391,5,64.68,99.5
2025-11-17,VV-VITA-393,0,0,20.9
2025-11-17,VV-VITA-395,2,37.8,37.8
2025-11-17,VV-VITA-49,5,70.91,95.58
2025-11-17,VV-VITA-50,1,20.9,20.9
2025-11-17,VV-VITA-86,2,45.45,45.45
2025-11-18,,18,316.64,330.61
2025-11-18,BJ-E223-8EKW,2,57.8,57.8
2025-11-18,TU-QNYD-JRRX,50,614.25,945
2025-11-18,VI-ZU99-SZ0B,2,35.8,35.8
2025-11-18,VV-VITA-105,1,15.2,16.88
2025-11-18,VV-VITA-116,1,17.83,19.81
2025-11-18,VV-VITA-121,1,20.45,22.72
2025-11-18,VV-VITA-122,1,20.61,22.9
2025-11-18,VV-VITA-127,2,49.8,49.8
2025-11-18,VV-VITA-146,4,67.62,76.23
2025-11-18,VV-VITA-151,5,114.42,127.13
2025-11-18,VV-VITA-153,4,66.68,79.61
2025-11-18,VV-VITA-155,4,72.61,87.24
2025-11-18,VV-VITA-158,2,57.42,63.8
2025-11-18,VV-VITA-159,1,23.31,25.9
2025-11-18,VV-VITA-165,3,88.14,88.14
2025-11-18,VV-VITA-170,2,24.57,37.8
2025-11-18,VV-VITA-171,2,48.93,54.36
2025-11-18,VV-VITA-172,3,68.15,68.15
2025-11-18,VV-VITA-173,6,82.85,117.67
2025-11-18,VV-VITA-183,4,99.69,102.13
2025-11-18,VV-VITA-190,1,17.91,19.9
2025-11-18,VV-VITA-203,1,18.17,18.17
2025-11-18,VV-VITA-207,3,38.81,59.7
2025-11-18,VV-VITA-215,3,36.86,56.7
2025-11-18,VV-VITA-222,6,141.48,146.12
2025-11-18,VV-VITA-223,7,130.85,183.95
2025-11-18,VV-VITA-224,2,37.81,39.8
2025-11-18,VV-VITA-225,1,18.81,20.9
2025-11-18,VV-VITA-228,2,45.8,45.8
2025-11-18,VV-VITA-230,3,57.27,75.4
2025-11-18,VV-VITA-231,5,135.49,135.49
2025-11-18,VV-VITA-243,2,39.42,43.8
2025-11-18,VV-VITA-248,7,152.41,157.05
2025-11-18,VV-VITA-249,2,43.02,47.8
2025-11-18,VV-VITA-250,2,35.8,35.8
2025-11-18,VV-VITA-258,1,15.37,15.37
2025-11-18,VV-VITA-276,1,24.9,24.9
2025-11-18,VV-VITA-298,3,49.27,71.79
2025-11-18,VV-VITA-301,2,29.79,56.15
2025-11-18,VV-VITA-308,-1,-25.9,0
2025-11-18,VV-VITA-313,1,12.29,18.9
2025-11-18,VV-VITA-317,2,34.35,38.15
2025-11-18,VV-VITA-320,2,53.8,53.8
2025-11-18,VV-VITA-331,2,34.62,36.25
2025-11-18,VV-VITA-336,3,53.73,59.7
2025-11-18,VV-VITA-338,1,17.26,17.26
2025-11-18,VV-VITA-341,1,14.31,15.9
2025-11-18,VV-VITA-342,3,56.47,60.72
2025-11-18,VV-VITA-352,1,22.9,22.9
2025-11-18,VV-VITA-354,2,38.99,51.98
2025-11-18,VV-VITA-356,1,14.65,16.27
2025-11-18,VV-VITA-357,1,18.9,18.9
2025-11-18,VV-VITA-359,3,51.03,56.7
2025-11-18,VV-VITA-361,1,16.36,18.16
2025-11-18,VV-VITA-364,3,52.1,67.43
2025-11-18,VV-VITA-367,2,30.76,34.17
2025-11-18,VV-VITA-371,4,72.69,72.69
2025-11-18,VV-VITA-372,2,34.02,37.8
2025-11-18,VV-VITA-376,1,16.02,16.02
2025-11-18,VV-VITA-38,1,13.63,13.63
2025-11-18,VV-VITA-382,2,32.47,36.07
2025-11-18,VV-VITA-386,2,36.95,39.14
2025-11-18,VV-VITA-389,1,22.72,22.72
2025-11-18,VV-VITA-391,2,45.14,45.14
2025-11-18,VV-VITA-394,1,17.1,19
2025-11-18,VV-VITA-46,3,55.89,59.87
2025-11-18,VV-VITA-49,3,52.02,57.79
2025-11-18,VV-VITA-50,1,17.91,19.9
2025-11-18,VV-VITA-94,4,72.5,102.13
2025-11-19,,15,238.55,305.82
2025-11-19,BJ-E223-8EKW,7,190.56,193.45
2025-11-19,CW-KVIN-V39Y,1,27.18,27.18
2025-11-19,NX-CVPF-VCEZ,2,39.43,39.43
2025-11-19,TU-QNYD-JRRX,1,17.01,18.9
2025-11-19,VV-VITA-121,1,19.71,21.9
2025-11-19,VV-VITA-127,3,74.7,74.7
2025-11-19,VV-VITA-151,1,17.78,19.75
2025-11-19,VV-VITA-153,1,17.93,19.91
2025-11-19,VV-VITA-155,1,18.81,20.9
2025-11-19,VV-VITA-157,1,12.51,13.9
2025-11-19,VV-VITA-188,1,16.11,17.9
2025-11-19,VV-VITA-197,50,933.75,1245
2025-11-19,VV-VITA-198,1,19.9,19.9
2025-11-19,VV-VITA-203,1,18.17,18.17
2025-11-19,VV-VITA-206,1,15.04,15.04
2025-11-19,VV-VITA-207,1,17.91,19.9
2025-11-19,VV-VITA-215,1,17.83,17.83
2025-11-19,VV-VITA-223,4,86.66,86.66
2025-11-19,VV-VITA-224,5,86.32,93.58
2025-11-19,VV-VITA-225,2,45.44,45.44
2025-11-19,VV-VITA-228,6,127.68,129.85
2025-11-19,VV-VITA-230,2,45.12,47.71
2025-11-19,VV-VITA-231,2,46.22,51.35
2025-11-19,VV-VITA-237,2,37.81,39.8
2025-11-19,VV-VITA-243,2,37.51,39.7
2025-11-19,VV-VITA-248,1,21.51,23.9
2025-11-19,VV-VITA-249,1,23.63,23.63
2025-11-19,VV-VITA-250,1,17.17,19.07
2025-11-19,VV-VITA-257,1,22.61,22.61
2025-11-19,VV-VITA-277,1,12.9,12.9
2025-11-19,VV-VITA-284,1,22.64,22.64
2025-11-19,VV-VITA-287,1,19.99,19.99
2025-11-19,VV-VITA-295,2,45.27,45.27
2025-11-19,VV-VITA-301,1,17.26,17.26
2025-11-19,VV-VITA-308,2,47.17,49.52
2025-11-19,VV-VITA-320,4,91.71,99.78
2025-11-19,VV-VITA-341,3,44.81,46.25
2025-11-19,VV-VITA-342,6,123.99,128.17
2025-11-19,VV-VITA-346,1,15.45,15.45
2025-11-19,VV-VITA-349,4,60.84,67.6
2025-11-19,VV-VITA-352,1,22.9,22.9
2025-11-19,VV-VITA-354,2,47.25,47.25
2025-11-19,VV-VITA-355,6,129.51,136.31
2025-11-19,VV-VITA-356,1,17.9,17.9
2025-11-19,VV-VITA-358,1,17.01,18.9
2025-11-19,VV-VITA-361,3,49.01,50.7
2025-11-19,VV-VITA-364,3,55.32,57.51
2025-11-19,VV-VITA-372,1,17.01,18.9
2025-11-19,VV-VITA-38,2,27.25,27.25
2025-11-19,VV-VITA-389,2,45.44,45.44
2025-11-19,VV-VITA-394,1,21.26,23.62
2025-11-19,VV-VITA-46,6,94,102.22
2025-11-19,VV-VITA-49,1,17.01,18.9
2025-11-19,VV-VITA-86,3,57.71,59.7
2025-11-19,VV-VITA-93,1,19.99,19.99
2025-11-19,VV-VITA-94,1,25.9,25.9
2025-11-20,,22,342.34,386.68
2025-11-20,BJ-E223-8EKW,2,50.89,50.89
2025-11-20,CW-KVIN-V39Y,1,24.46,27.17
2025-11-20,NX-CVPF-VCEZ,1,19.64,21.81
2025-11-20,TU-QNYD-JRRX,2,38.74,38.74
2025-11-20,VV-VITA-107,1,17.18,17.18
2025-11-20,VV-VITA-109,1,17.01,18.9
2025-11-20,VV-VITA-122,1,20.9,20.9
2025-11-20,VV-VITA-124,2,48,48
2025-11-20,VV-VITA-151,3,21.26,71.42
2025-11-20,VV-VITA-153,0,0,20.25
2025-11-20,VV-VITA-155,3,62.7,62.7
2025-11-20,VV-VITA-165,1,26.01,28.9
2025-11-20,VV-VITA-166,1,19.9,19.9
2025-11-20,VV-VITA-173,4,77.61,79.6
2025-11-20,VV-VITA-183,2,49.21,51.8
2025-11-20,VV-VITA-197,1,25.83,25.83
2025-11-20,VV-VITA-203,1,19.9,40.16
2025-11-20,VV-VITA-206,3,38.06,42.28
2025-11-20,VV-VITA-223,12,266.07,283.01
2025-11-20,VV-VITA-224,5,100.5,100.5
2025-11-20,VV-VITA-225,1,18.81,20.9
2025-11-20,VV-VITA-228,2,46.36,46.36
2025-11-20,VV-VITA-231,3,79,81.69
2025-11-20,VV-VITA-237,3,42.31,47.01
2025-11-20,VV-VITA-243,1,0,21.9
2025-11-20,VV-VITA-249,3,63.37,67.75
2025-11-20,VV-VITA-252,3,63.14,70.15
2025-11-20,VV-VITA-259,2,45.8,50.89
2025-11-20,VV-VITA-262,2,42.54,47.25
2025-11-20,VV-VITA-276,1,21.27,23.62
2025-11-20,VV-VITA-277,1,11.61,12.9
2025-11-20,VV-VITA-284,6,133.04,139.85
2025-11-20,VV-VITA-286,2,36.17,40.18
2025-11-20,VV-VITA-298,5,98.58,106.9
2025-11-20,VV-VITA-301,2,35.17,37.16
2025-11-20,VV-VITA-304,2,31.25,31.25
2025-11-20,VV-VITA-31,3,65.7,65.7
2025-11-20,VV-VITA-313,1,19.99,19.99
2025-11-20,VV-VITA-320,7,155.03,170.13
2025-11-20,VV-VITA-338,2,32.86,36.51
2025-11-20,VV-VITA-341,2,34.53,34.53
2025-11-20,VV-VITA-342,2,42.36,44.55
2025-11-20,VV-VITA-354,1,19.71,21.9
2025-11-20,VV-VITA-355,2,41.22,45.8
2025-11-20,VV-VITA-356,1,17.9,17.9
2025-11-20,VV-VITA-364,5,97.77,108.62
2025-11-20,VV-VITA-375,1,0,16.9
2025-11-20,VV-VITA-390,2,45.9,51
2025-11-20,VV-VITA-391,1,17.91,19.9
2025-11-20,VV-VITA-57-V,2,65.29,72.54
2025-11-20,VV-VITA-63,2,34.35,38.16
2025-11-20,VV-VITA-86,1,24.55,24.55
2025-11-20,VV-VITA-90,1,18.41,18.41
2025-11-21,,31,384.61,499.9
2025-11-21,BJ-E223-8EKW,1,28.9,28.9
2025-11-21,CW-KVIN-V39Y,1,20.9,20.9
2025-11-21,NX-CVPF-VCEZ,2,43.62,43.62
2025-11-21,TU-QNYD-JRRX,3,44.96,49.95
2025-11-21,VI-ZU99-SZ0B,1,16.97,16.97
2025-11-21,VV-VITA-101,1,19.81,19.81
2025-11-21,VV-VITA-119,1,17.01,18.9
2025-11-21,VV-VITA-122,1,0,22.9
2025-11-21,VV-VITA-127,1,24.9,24.9
2025-11-21,VV-VITA-142,2,51.8,51.8
2025-11-21,VV-VITA-146,2,41.25,43.42
2025-11-21,VV-VITA-153,2,17.92,39.81
2025-11-21,VV-VITA-155,1,20.45,22.72
2025-11-21,VV-VITA-157,1,13.9,15.44
2025-11-21,VV-VITA-165,1,28.9,28.9
2025-11-21,VV-VITA-171,2,48.93,54.36
2025-11-21,VV-VITA-173,1,17.91,19.9
2025-11-21,VV-VITA-183,1,22.08,24.53
2025-11-21,VV-VITA-186,2,46.62,51.8
2025-11-21,VV-VITA-197,50,809.25,1245
2025-11-21,VV-VITA-198,3,49.06,54.5
2025-11-21,VV-VITA-199,1,19.9,19.9
2025-11-21,VV-VITA-203,5,68.27,93.54
2025-11-21,VV-VITA-206,1,17.9,17.9
2025-11-21,VV-VITA-222,1,21.51,23.9
2025-11-21,VV-VITA-223,7,127.84,161.3
2025-11-21,VV-VITA-228,4,62.25,89.52
2025-11-21,VV-VITA-230,2,45.45,47.62
2025-11-21,VV-VITA-231,4,108.09,108.09
2025-11-21,VV-VITA-237,3,59.7,59.7
2025-11-21,VV-VITA-243,1,19.71,21.9
2025-11-21,VV-VITA-248,1,21.51,23.9
2025-11-21,VV-VITA-252,-1,-20.61,0
2025-11-21,VV-VITA-264,-1,-25.9,0
2025-11-21,VV-VITA-284,2,41.96,46.61
2025-11-21,VV-VITA-287,2,36.65,40.72
2025-11-21,VV-VITA-298,1,23.63,23.63
2025-11-21,VV-VITA-318,1,13.9,15.44
2025-11-21,VV-VITA-320,3,34.16,64.83
2025-11-21,VV-VITA-326,1,22.41,24.9
2025-11-21,VV-VITA-351,1,22.65,22.65
2025-11-21,VV-VITA-354,2,32.31,35.9
2025-11-21,VV-VITA-356,2,32.22,35.8
2025-11-21,VV-VITA-361,2,16.36,35.06
2025-11-21,VV-VITA-372,-1,-17.01,0
2025-11-21,VV-VITA-376,2,32.04,32.04
2025-11-21,VV-VITA-38,-1,-17.01,0
2025-11-21,VV-VITA-380,1,15.54,17.26
2025-11-21,VV-VITA-387,1,0,25.9
2025-11-21,VV-VITA-389,1,20.45,22.71
2025-11-21,VV-VITA-395,1,17.01,18.9
2025-11-21,VV-VITA-46,1,18,19.99
2025-11-21,VV-VITA-86,1,19.9,19.9
2025-11-22,,12,219.23,229.41
2025-11-22,BJ-E223-8EKW,2,58.95,58.95
2025-11-22,TU-QNYD-JRRX,1,19.32,19.32
2025-11-22,VV-VITA-105,1,17.83,19.81
2025-11-22,VV-VITA-109,1,18.9,18.9
2025-11-22,VV-VITA-119,3,52.18,53.99
2025-11-22,VV-VITA-124,1,21.19,23.54
2025-11-22,VV-VITA-127,1,24.9,24.9
2025-11-22,VV-VITA-146,1,19.54,21.71
2025-11-22,VV-VITA-153,1,17.83,19.81
2025-11-22,VV-VITA-155,1,18.81,20.9
2025-11-22,VV-VITA-159,6,129.08,140.41
2025-11-22,VV-VITA-172,1,17.91,19.9
2025-11-22,VV-VITA-203,1,19.9,19.9
2025-11-22,VV-VITA-207,1,18.68,20.75
2025-11-22,VV-VITA-223,4,91.4,96.24
2025-11-22,VV-VITA-224,4,75.44,81.6
2025-11-22,VV-VITA-225,3,56.43,62.7
2025-11-22,VV-VITA-228,1,22.09,24.54
2025-11-22,VV-VITA-231,2,49.08,54.52
2025-11-22,VV-VITA-237,2,38.76,38.76
2025-11-22,VV-VITA-247,2,37.48,41.63
2025-11-22,VV-VITA-252,1,20.61,22.9
2025-11-22,VV-VITA-257,2,48.42,53.8
2025-11-22,VV-VITA-264,1,25.9,25.9
2025-11-22,VV-VITA-276,3,59.76,59.76
2025-11-22,VV-VITA-287,1,19.9,19.9
2025-11-22,VV-VITA-320,1,26.9,26.9
2025-11-22,VV-VITA-326,1,25.76,25.76
2025-11-22,VV-VITA-341,2,30.87,30.87
2025-11-22,VV-VITA-351,1,17.91,19.9
2025-11-22,VV-VITA-356,7,91.68,101.86
2025-11-22,VV-VITA-361,1,16.36,18.16
2025-11-22,VV-VITA-362,1,17.91,19.9
2025-11-22,VV-VITA-364,1,21.9,21.9
2025-11-22,VV-VITA-367,3,60.78,65.12
2025-11-22,VV-VITA-376,1,17.17,17.17
2025-11-22,VV-VITA-38,1,12.26,13.62
2025-11-22,VV-VITA-389,1,24.69,24.69
2025-11-22,VV-VITA-395,1,17.01,18.9
2025-11-22,VV-VITA-49,1,16.05,17.83
2025-11-22,VV-VITA-57-V,1,38.9,38.9
2025-11-22,VV-VITA-86,10,179.1,199
2025-11-22,VV-VITA-94,1,25.9,25.9
2025-11-23,,18,288.13,307.46
2025-11-23,BJ-E223-8EKW,1,23.65,26.27
2025-11-23,CP-DQMG-RVN9,1,21.9,21.9
2025-11-23,VV-VITA-106,1,18.74,20.82
2025-11-23,VV-VITA-116,1,14.65,16.27
2025-11-23,VV-VITA-121,1,19,19
2025-11-23,VV-VITA-127,1,22.72,22.72
2025-11-23,VV-VITA-136,1,17.91,19.9
2025-11-23,VV-VITA-142,3,62.45,62.45
2025-11-23,VV-VITA-155,3,68.16,68.16
2025-11-23,VV-VITA-165,1,23.65,26.27
2025-11-23,VV-VITA-168,2,45.41,47.8
2025-11-23,VV-VITA-171,1,25.51,28.34
2025-11-23,VV-VITA-173,1,18.17,18.17
2025-11-23,VV-VITA-183,1,22.82,22.82
2025-11-23,VV-VITA-189,1,21.9,21.9
2025-11-23,VV-VITA-197,1,17.92,19.91
2025-11-23,VV-VITA-199,2,39.8,39.8
2025-11-23,VV-VITA-203,1,16.35,18.16
2025-11-23,VV-VITA-207,1,20.76,20.76
2025-11-23,VV-VITA-215,1,19.08,19.08
2025-11-23,VV-VITA-222,3,69.31,71.7
2025-11-23,VV-VITA-223,14,295.24,322.72
2025-11-23,VV-VITA-224,5,100.76,106.73
2025-11-23,VV-VITA-225,3,55.1,58.9
2025-11-23,VV-VITA-230,4,88.12,93.06
2025-11-23,VV-VITA-231,7,179.21,181.9
2025-11-23,VV-VITA-237,5,81.41,90.44
2025-11-23,VV-VITA-243,2,41.61,43.8
2025-11-23,VV-VITA-252,2,44,46.26
2025-11-23,VV-VITA-262,1,16.28,18.08
2025-11-23,VV-VITA-277,1,11.61,12.9
2025-11-23,VV-VITA-287,1,18.74,20.82
2025-11-23,VV-VITA-297,1,17.91,19.9
2025-11-23,VV-VITA-298,1,23.63,23.63
2025-11-23,VV-VITA-307,2,29.07,29.07
2025-11-23,VV-VITA-31,1,21.9,21.9
2025-11-23,VV-VITA-311,3,52.18,57.96
2025-11-23,VV-VITA-316,1,17.91,19.9
2025-11-23,VV-VITA-318,4,61.85,68.72
2025-11-23,VV-VITA-319,1,19.08,19.08
2025-11-23,VV-VITA-326,1,19.66,21.84
2025-11-23,VV-VITA-338,2,32.56,36.17
2025-11-23,VV-VITA-339,1,19.9,19.9
2025-11-23,VV-VITA-342,3,58.9,63.01
2025-11-23,VV-VITA-346,1,11.37,12.63
2025-11-23,VV-VITA-354,2,41.55,43.54
2025-11-23,VV-VITA-358,3,51.03,56.7
2025-11-23,VV-VITA-361,4,60.84,67.6
2025-11-23,VV-VITA-364,5,93.4,101.34
2025-11-23,VV-VITA-365,2,26.82,29.8
2025-11-23,VV-VITA-377,1,13.41,14.9
2025-11-23,VV-VITA-379,1,14.13,15.7
2025-11-23,VV-VITA-390,1,19.9,19.9
2025-11-23,VV-VITA-395,1,14.92,16.57
2025-11-23,VV-VITA-46,1,15.71,17.45
2025-11-23,VV-VITA-49,1,19,19
2025-11-23,VV-VITA-86,2,39.8,39.8
2025-11-23,VV-VITA-94,1,23.31,25.9
2025-11-24,,28,380.31,598.08
2025-11-24,BJ-E223-8EKW,5,133.13,135.46
2025-11-24,TU-QNYD-JRRX,55,674.04,1056.76
2025-11-24,VV-VITA-101,7,128.63,173.95
2025-11-24,VV-VITA-105,1,19.99,19.99
2025-11-24,VV-VITA-116,2,25.98,28.86
2025-11-24,VV-VITA-122,1,18.82,20.9
2025-11-24,VV-VITA-124,4,69.39,77.1
2025-11-24,VV-VITA-127,3,67.23,74.7
2025-11-24,VV-VITA-142,11,189.17,279.82
2025-11-24,VV-VITA-172,2,28.89,32.1
2025-11-24,VV-VITA-188,3,48.33,53.7
2025-11-24,VV-VITA-199,6,82.85,117.67
2025-11-24,VV-VITA-203,1,19.9,19.9
2025-11-24,VV-VITA-215,6,102.06,113.4
2025-11-24,VV-VITA-223,5,106.57,111.05
2025-11-24,VV-VITA-224,1,20.9,20.9
2025-11-24,VV-VITA-225,1,22.65,22.65
2025-11-24,VV-VITA-231,3,56.98,78.25
2025-11-24,VV-VITA-237,6,84.58,119.4
2025-11-24,VV-VITA-243,2,39.42,43.8
2025-11-24,VV-VITA-248,4,86.91,86.91
2025-11-24,VV-VITA-258,3,51.03,56.7
2025-11-24,VV-VITA-259,3,69.93,77.7
2025-11-24,VV-VITA-264,1,25.9,25.9
2025-11-24,VV-VITA-276,5,80.93,124.5
2025-11-24,VV-VITA-284,2,34.69,38.54
2025-11-24,VV-VITA-287,12,165.17,238.8
2025-11-24,VV-VITA-297,2,43.62,43.62
2025-11-24,VV-VITA-301,2,32.36,32.36
2025-11-24,VV-VITA-304,2,20.52,36.04
2025-11-24,VV-VITA-311,17,247.11,300.16
2025-11-24,VV-VITA-320,2,43.29,45.98
2025-11-24,VV-VITA-329,6,107.58,115.27
2025-11-24,VV-VITA-338,1,14.44,16.04
2025-11-24,VV-VITA-341,2,31.44,33.16
2025-11-24,VV-VITA-342,8,125.78,167.72
2025-11-24,VV-VITA-346,1,11.37,12.63
2025-11-24,VV-VITA-349,1,18.17,18.17
2025-11-24,VV-VITA-352,1,20.61,22.9
2025-11-24,VV-VITA-356,3,47.01,47.01
2025-11-24,VV-VITA-359,1,17.99,19.98
2025-11-24,VV-VITA-363,2,29.04,32.26
2025-11-24,VV-VITA-364,11,200.66,218.07
2025-11-24,VV-VITA-367,3,56.01,57.8
2025-11-24,VV-VITA-368,1,16.11,17.9
2025-11-24,VV-VITA-376,5,51.68,79.5
2025-11-24,VV-VITA-38,5,72.72,78.67
2025-11-24,VV-VITA-389,5,77.68,119.5
2025-11-24,VV-VITA-46,2,32.36,32.36
2025-11-24,VV-VITA-49,3,51.03,56.7
2025-11-24,VV-VITA-50,1,19.9,19.9
2025-11-24,VV-VITA-63,1,17.17,19.07
2025-11-24,VV-VITA-90,1,20.9,20.9
2025-11-24,VV-VITA-94,1,23.31,25.9
2025-11-25,,16,290.48,301.08
2025-11-25,CW-KVIN-V39Y,4,68.15,90.09
2025-11-25,VV-VITA-101,5,105.29,111.23
2025-11-25,VV-VITA-116,1,16.35,18.16
2025-11-25,VV-VITA-119,1,18.17,18.17
2025-11-25,VV-VITA-122,3,44.66,68.7
2025-11-25,VV-VITA-124,10,209.58,218.99
2025-11-25,VV-VITA-136,1,20.45,22.72
2025-11-25,VV-VITA-142,2,51.8,51.8
2025-11-25,VV-VITA-153,2,37.83,39.81
2025-11-25,VV-VITA-155,3,40.76,62.7
2025-11-25,VV-VITA-158,1,25.45,25.45
2025-11-25,VV-VITA-170,3,40.84,54.07
2025-11-25,VV-VITA-171,3,69.75,83.7
2025-11-25,VV-VITA-173,3,53.99,57.97
2025-11-25,VV-VITA-189,1,21.9,21.9
2025-11-25,VV-VITA-198,1,18.77,18.77
2025-11-25,VV-VITA-199,4,57.67,64.07
2025-11-25,VV-VITA-203,2,34.26,38.06
2025-11-25,VV-VITA-215,1,19.08,19.08
2025-11-25,VV-VITA-223,7,135.08,149.42
2025-11-25,VV-VITA-224,3,53.73,59.7
2025-11-25,VV-VITA-225,1,23.55,23.55
2025-11-25,VV-VITA-230,7,132.09,173.12
2025-11-25,VV-VITA-237,1,19.9,19.9
2025-11-25,VV-VITA-243,10,151.07,216.52
2025-11-25,VV-VITA-248,1,22.09,24.53
2025-11-25,VV-VITA-252,2,29.77,45.8
2025-11-25,VV-VITA-259,3,69.55,74.43
2025-11-25,VV-VITA-277,1,11.61,12.9
2025-11-25,VV-VITA-284,1,22.72,22.72
2025-11-25,VV-VITA-287,4,65.76,79.69
2025-11-25,VV-VITA-298,2,29.77,45.8
2025-11-25,VV-VITA-31,3,64.46,64.46
2025-11-25,VV-VITA-310,3,48.56,74.7
2025-11-25,VV-VITA-313,2,35.66,39.62
2025-11-25,VV-VITA-316,4,71.64,79.6
2025-11-25,VV-VITA-318,1,17.01,18.9
2025-11-25,VV-VITA-320,2,44.07,45.97
2025-11-25,VV-VITA-326,2,37.35,49.8
2025-11-25,VV-VITA-329,9,155.36,170.48
2025-11-25,VV-VITA-336,3,53.99,57.97
2025-11-25,VV-VITA-342,2,39.99,44.43
2025-11-25,VV-VITA-354,1,21.26,23.62
2025-11-25,VV-VITA-355,4,81.78,90.87
2025-11-25,VV-VITA-356,3,52.66,56.52
2025-11-25,VV-VITA-364,5,106.49,106.49
2025-11-25,VV-VITA-369,1,14.32,15.91
2025-11-25,VV-VITA-371,1,14.31,15.9
2025-11-25,VV-VITA-377,1,14.9,14.9
2025-11-25,VV-VITA-38,1,13.63,13.63
2025-11-25,VV-VITA-386,2,32.85,43.8
2025-11-25,VV-VITA-39,2,37.11,38.92
2025-11-25,VV-VITA-390,1,18.34,20.38
2025-11-25,VV-VITA-46,1,18,19.99
2025-11-25,VV-VITA-49,0,0,18.9
2025-11-25,VV-VITA-94,2,33.67,51.8
2025-11-26,,8,108.43,211.22
2025-11-26,CW-KVIN-V39Y,4,83.6,83.6
2025-11-26,VI-ZU99-SZ0B,2,34.31,34.31
2025-11-26,VV-VITA-101,4,76.8,85.33
2025-11-26,VV-VITA-121,2,34.73,38.58
2025-11-26,VV-VITA-122,3,51.11,69.56
2025-11-26,VV-VITA-124,2,45.52,45.52
2025-11-26,VV-VITA-136,1,16.25,24.99
2025-11-26,VV-VITA-153,2,32.68,36.3
2025-11-26,VV-VITA-155,1,20.9,20.9
2025-11-26,VV-VITA-159,1,24.67,24.67
2025-11-26,VV-VITA-183,1,25.9,25.9
2025-11-26,VV-VITA-188,1,17.99,19.98
2025-11-26,VV-VITA-198,3,38.99,59.97
2025-11-26,VV-VITA-199,1,19.9,19.9
2025-11-26,VV-VITA-203,1,16.9,18.77
2025-11-26,VV-VITA-204,15,184.28,283.5
2025-11-26,VV-VITA-215,6,79.43,112.5
2025-11-26,VV-VITA-223,6,105.86,140.51
2025-11-26,VV-VITA-230,3,68.97,71.14
2025-11-26,VV-VITA-237,5,64.68,99.5
2025-11-26,VV-VITA-243,5,92.01,100.02
2025-11-26,VV-VITA-248,2,44.16,46.33
2025-11-26,VV-VITA-249,5,77.68,119.5
2025-11-26,VV-VITA-256,3,57.36,75.55
2025-11-26,VV-VITA-259,3,59.94,79.53
2025-11-26,VV-VITA-276,3,69.79,78.88
2025-11-26,VV-VITA-287,3,59.7,59.7
2025-11-26,VV-VITA-295,2,29.89,45.98
2025-11-26,VV-VITA-301,2,37.81,39.8
2025-11-26,VV-VITA-308,1,21.26,23.62
2025-11-26,VV-VITA-311,5,83.76,93.06
2025-11-26,VV-VITA-313,2,35.36,37.29
2025-11-26,VV-VITA-320,1,13.65,20.99
2025-11-26,VV-VITA-326,1,24.9,24.9
2025-11-26,VV-VITA-329,1,17.18,19.07
2025-11-26,VV-VITA-338,1,18.33,20.37
2025-11-26,VV-VITA-339,2,45.27,45.27
2025-11-26,VV-VITA-342,9,147.26,191.51
2025-11-26,VV-VITA-346,2,28.83,32.03
2025-11-26,VV-VITA-351,0,6.98,22.65
2025-11-26,VV-VITA-352,2,43.51,45.8
2025-11-26,VV-VITA-354,2,38.16,49.61
2025-11-26,VV-VITA-362,3,42.89,65.97
2025-11-26,VV-VITA-364,7,136.88,152.08
2025-11-26,VV-VITA-368,5,58.18,89.5
2025-11-26,VV-VITA-372,6,107.91,109.8
2025-11-26,VV-VITA-376,1,14.42,16.02
2025-11-26,VV-VITA-379,0,0,53.7
2025-11-26,VV-VITA-38,3,53.36,55.29
2025-11-26,VV-VITA-386,5,71.18,109.5
2025-11-26,VV-VITA-39,4,83.03,83.03
2025-11-26,VV-VITA-391,1,22.08,24.53
2025-11-26,VV-VITA-46,3,57.8,57.8
2025-11-26,VV-VITA-49,3,51.03,56.7
2025-11-26,VV-VITA-50,1,14.95,22.99
2025-11-26,VV-VITA-86,3,59.7,59.7
2025-11-26,VV-VITA-90,1,20.9,20.9
2025-11-26,VV-VITA-94,2,44.75,54.89
2025-11-27,,21,336.99,341.63
2025-11-27,BJ-E223-8EKW,6,157.94,157.94
2025-11-27,CW-KVIN-V39Y,2,41.8,41.8
2025-11-27,TU-QNYD-JRRX,2,35.83,35.83
2025-11-27,VV-VITA-104,1,17.18,17.18
2025-11-27,VV-VITA-105,1,19.3,19.3
2025-11-27,VV-VITA-106,1,22.42,22.42
2025-11-27,VV-VITA-116,1,16.11,17.9
2025-11-27,VV-VITA-119,1,18.9,18.9
2025-11-27,VV-VITA-121,1,19.42,21.58
2025-11-27,VV-VITA-122,1,16.49,18.32
2025-11-27,VV-VITA-127,1,24.9,24.9
2025-11-27,VV-VITA-142,2,46.62,51.8
2025-11-27,VV-VITA-151,1,17.01,18.9
2025-11-27,VV-VITA-155,2,43.32,43.32
2025-11-27,VV-VITA-159,2,42.62,45.21
2025-11-27,VV-VITA-172,9,114.15,152.19
2025-11-27,VV-VITA-183,1,23.55,23.55
2025-11-27,VV-VITA-197,150,2381.64,3175.5
2025-11-27,VV-VITA-198,2,37.81,39.8
2025-11-27,VV-VITA-199,1,16.02,16.02
2025-11-27,VV-VITA-204,2,34.7,38.56
2025-11-27,VV-VITA-224,2,35.82,39.8
2025-11-27,VV-VITA-225,2,39.71,41.8
2025-11-27,VV-VITA-230,4,81.46,85.66
2025-11-27,VV-VITA-237,1,14.76,16.39
2025-11-27,VV-VITA-248,3,65.34,72.6
2025-11-27,VV-VITA-249,1,23.9,23.9
2025-11-27,VV-VITA-256,4,81.99,84.28
2025-11-27,VV-VITA-276,1,21.17,21.17
2025-11-27,VV-VITA-284,4,81.79,90.87
2025-11-27,VV-VITA-287,1,17.91,19.9
2025-11-27,VV-VITA-307,3,41.43,41.43
2025-11-27,VV-VITA-308,2,46.62,51.8
2025-11-27,VV-VITA-31,2,40.51,40.51
2025-11-27,VV-VITA-311,6,101.63,108.77
2025-11-27,VV-VITA-313,3,51.71,57.46
2025-11-27,VV-VITA-320,4,82.35,89.24
2025-11-27,VV-VITA-329,3,54.13,55.72
2025-11-27,VV-VITA-331,1,7.36,8.16
2025-11-27,VV-VITA-338,7,135.8,135.8
2025-11-27,VV-VITA-341,2,24.32,27.02
2025-11-27,VV-VITA-342,2,39.82,41.81
2025-11-27,VV-VITA-352,2,46.9,46.9
2025-11-27,VV-VITA-354,1,23.63,23.63
2025-11-27,VV-VITA-356,1,17.7,17.7
2025-11-27,VV-VITA-358,1,10.22,11.35
2025-11-27,VV-VITA-359,5,92.95,96.94
2025-11-27,VV-VITA-361,3,47.5,52.77
2025-11-27,VV-VITA-364,4,81.62,88.05
2025-11-27,VV-VITA-367,2,34.44,34.44
2025-11-27,VV-VITA-368,2,31.85,33.38
2025-11-27,VV-VITA-371,2,35.83,35.83
2025-11-27,VV-VITA-373,1,7.76,8.62
2025-11-27,VV-VITA-375,1,16.9,16.9
2025-11-27,VV-VITA-377,1,12.66,12.66
2025-11-27,VV-VITA-387,1,23.31,25.9
2025-11-27,VV-VITA-390,1,24.54,24.54
2025-11-27,VV-VITA-395,2,30.85,34.27
2025-11-27,VV-VITA-46,1,19.9,19.9
2025-11-27,VV-VITA-49,2,36.08,36.08
2025-11-27,VV-VITA-57-V,4,127.6,141.78
2025-11-27,VV-VITA-63,1,22.9,22.9
2025-11-27,VV-VITA-86,1,17.91,19.9
2025-11-27,VV-VITA-90,4,80.99,80.99
2025-11-27,VV-VITA-94,3,66.68,71.47
2025-11-28,,38,509.72,526.12
2025-11-28,BJ-E223-8EKW,3,75.99,75.99
2025-11-28,CW-KVIN-V39Y,1,26.39,28.48
2025-11-28,TU-QNYD-JRRX,4,58.12,66.15
2025-11-28,VV-VITA-109,3,44.17,48.18
2025-11-28,VV-VITA-116,1,15.21,15.21
2025-11-28,VV-VITA-119,5,80.41,80.41
2025-11-28,VV-VITA-121,2,37.35,39.1
2025-11-28,VV-VITA-122,8,137.41,141.51
2025-11-28,VV-VITA-124,2,40.26,44.72
2025-11-28,VV-VITA-136,1,21.58,21.58
2025-11-28,VV-VITA-142,9,174.91,179.64
2025-11-28,VV-VITA-146,2,36.42,36.42
2025-11-28,VV-VITA-151,4,69.8,76.25
2025-11-28,VV-VITA-153,1,16.91,16.91
2025-11-28,VV-VITA-155,3,62.97,64.74
2025-11-28,VV-VITA-157,1,10.43,13.9
2025-11-28,VV-VITA-158,7,150.65,191.82
2025-11-28,VV-VITA-159,1,17,17.82
2025-11-28,VV-VITA-165,2,51.42,51.42
2025-11-28,VV-VITA-171,2,46.63,51.8
2025-11-28,VV-VITA-173,1,15.84,17.26
2025-11-28,VV-VITA-198,1,17.26,17.26
2025-11-28,VV-VITA-206,2,32.8,32.8
2025-11-28,VV-VITA-224,2,24.86,29.86
2025-11-28,VV-VITA-225,1,20.9,20.9
2025-11-28,VV-VITA-237,5,84.55,84.55
2025-11-28,VV-VITA-243,17,238,256.66
2025-11-28,VV-VITA-247,5,82.28,90.1
2025-11-28,VV-VITA-248,6,116.37,116.37
2025-11-28,VV-VITA-250,1,15.22,15.22
2025-11-28,VV-VITA-252,2,44.9,44.9
2025-11-28,VV-VITA-256,4,81.81,86.81
2025-11-28,VV-VITA-258,4,58.16,67.17
2025-11-28,VV-VITA-259,2,46.6,48.34
2025-11-28,VV-VITA-276,1,21.17,21.17
2025-11-28,VV-VITA-277,3,29.8,30.89
2025-11-28,VV-VITA-286,4,70.72,74.44
2025-11-28,VV-VITA-298,1,22.42,22.42
2025-11-28,VV-VITA-301,3,50.73,50.73
2025-11-28,VV-VITA-308,5,105.1,110.1
2025-11-28,VV-VITA-310,1,20.72,20.72
2025-11-28,VV-VITA-311,6,102.5,103.25
2025-11-28,VV-VITA-313,1,18.99,18.99
2025-11-28,VV-VITA-320,13,247.1,250.99
2025-11-28,VV-VITA-329,9,150.94,158.73
2025-11-28,VV-VITA-331,5,45.84,47.15
2025-11-28,VV-VITA-338,2,30.2,30.2
2025-11-28,VV-VITA-341,5,64.18,70.09
2025-11-28,VV-VITA-342,8,159.36,171.46
2025-11-28,VV-VITA-343,2,20.89,20.89
2025-11-28,VV-VITA-344,3,66.89,77.84
2025-11-28,VV-VITA-345,1,19.85,19.85
2025-11-28,VV-VITA-351,1,17.63,18.99
2025-11-28,VV-VITA-352,5,92.25,123
2025-11-28,VV-VITA-354,3,57.41,63.79
2025-11-28,VV-VITA-355,2,46.64,46.64
2025-11-28,VV-VITA-357,7,59.07,60.72
2025-11-28,VV-VITA-358,6,58.42,61.63
2025-11-28,VV-VITA-359,1,18.9,18.9
2025-11-28,VV-VITA-361,2,28.72,28.72
2025-11-28,VV-VITA-363,1,14.36,14.36
2025-11-28,VV-VITA-364,7,125.88,140.88
2025-11-28,VV-VITA-369,1,15.21,15.21
2025-11-28,VV-VITA-372,1,15.12,15.12
2025-11-28,VV-VITA-373,3,24.03,24.7
2025-11-28,VV-VITA-376,1,10.9,15.9
2025-11-28,VV-VITA-377,1,12.46,13.72
2025-11-28,VV-VITA-379,1,15.21,15.21
2025-11-28,VV-VITA-38,1,12.95,12.95
2025-11-28,VV-VITA-383,1,13.96,15.21
2025-11-28,VV-VITA-385,1,18.99,18.99
2025-11-28,VV-VITA-389,1,23.9,23.9
2025-11-28,VV-VITA-395,2,32.13,33.82
2025-11-28,VV-VITA-46,6,102.73,111.04
2025-11-28,VV-VITA-49,8,133.05,151.28
2025-11-28,VV-VITA-50,3,42.28,50.73
2025-11-28,VV-VITA-86,4,78.12,79.55
2025-11-28,VV-VITA-94,4,90.37,92.6
2025-11-29,,29,371.46,386.14
2025-11-29,TU-QNYD-JRRX,4,61.65,64.92
2025-11-29,VI-ZU99-SZ0B,1,13.93,16.1
2025-11-29,VV-VITA-101,3,59.7,63.45
2025-11-29,VV-VITA-116,1,10.21,15.21
2025-11-29,VV-VITA-122,3,50.29,50.29
2025-11-29,VV-VITA-124,3,62.49,66.77
2025-11-29,VV-VITA-127,9,173.03,178.66
2025-11-29,VV-VITA-142,2,40.04,40.04
2025-11-29,VV-VITA-146,1,20.62,20.62
2025-11-29,VV-VITA-151,1,18.9,18.9
2025-11-29,VV-VITA-153,2,32.32,33.8
2025-11-29,VV-VITA-155,3,53.28,53.28
2025-11-29,VV-VITA-157,2,22.05,24.49
2025-11-29,VV-VITA-158,1,25.05,27.12
2025-11-29,VV-VITA-159,1,19.31,19.31
2025-11-29,VV-VITA-170,1,16.06,16.06
2025-11-29,VV-VITA-171,6,155.53,160.53
2025-11-29,VV-VITA-190,7,118.44,118.44
2025-11-29,VV-VITA-203,1,15.37,15.37
2025-11-29,VV-VITA-206,5,71.6,71.6
2025-11-29,VV-VITA-207,2,23.65,28.05
2025-11-29,VV-VITA-225,1,20.9,20.9
2025-11-29,VV-VITA-230,5,97.85,103.95
2025-11-29,VV-VITA-243,8,112.89,126.58
2025-11-29,VV-VITA-247,1,19.77,19.77
2025-11-29,VV-VITA-248,2,35.4,35.4
2025-11-29,VV-VITA-249,1,20.32,20.32
2025-11-29,VV-VITA-256,5,108.79,112.22
2025-11-29,VV-VITA-258,1,18.99,18.99
2025-11-29,VV-VITA-276,1,20.9,20.9
2025-11-29,VV-VITA-277,1,8.2,8.9
2025-11-29,VV-VITA-286,1,18.61,18.61
2025-11-29,VV-VITA-287,1,15.61,16.91
2025-11-29,VV-VITA-301,5,83.01,83.01
2025-11-29,VV-VITA-304,1,12.36,13.72
2025-11-29,VV-VITA-308,1,17.02,22.02
2025-11-29,VV-VITA-311,2,32.81,34.53
2025-11-29,VV-VITA-313,4,61.42,70.02
2025-11-29,VV-VITA-316,1,16.93,18.81
2025-11-29,VV-VITA-318,1,16.06,16.06
2025-11-29,VV-VITA-319,1,14.9,14.9
2025-11-29,VV-VITA-320,3,43.81,45.78
2025-11-29,VV-VITA-326,1,19.03,20.63
2025-11-29,VV-VITA-329,3,52.05,53.46
2025-11-29,VV-VITA-331,6,53.53,54.37
2025-11-29,VV-VITA-338,5,80.56,82.43
2025-11-29,VV-VITA-339,2,29.66,33.7
2025-11-29,VV-VITA-341,3,34.79,38
2025-11-29,VV-VITA-343,1,10.45,10.45
2025-11-29,VV-VITA-344,2,44.77,49.5
2025-11-29,VV-VITA-345,1,20.4,20.99
2025-11-29,VV-VITA-351,1,20.38,20.38
2025-11-29,VV-VITA-352,6,129.7,132.91
2025-11-29,VV-VITA-355,4,76.8,83.8
2025-11-29,VV-VITA-357,2,16.47,17.26
2025-11-29,VV-VITA-358,8,82.15,86.96
2025-11-29,VV-VITA-359,6,109.4,113.94
2025-11-29,VV-VITA-364,4,76.14,82.38
2025-11-29,VV-VITA-372,3,35.29,38.93
2025-11-29,VV-VITA-373,1,8.63,8.63
2025-11-29,VV-VITA-375,1,14.36,14.36
2025-11-29,VV-VITA-378,3,38.7,38.7
2025-11-29,VV-VITA-38,1,12.74,14.14
2025-11-29,VV-VITA-383,1,12.72,17.26
2025-11-29,VV-VITA-386,1,21.63,21.63
2025-11-29,VV-VITA-390,1,17.66,19.62
2025-11-29,VV-VITA-391,1,15.78,17.53
2025-11-29,VV-VITA-393,1,22.45,22.45
2025-11-29,VV-VITA-395,3,46.83,53.32
2025-11-29,VV-VITA-46,1,16.43,16.91
2025-11-29,VV-VITA-49,2,35.92,37.8
2025-11-29,VV-VITA-50,2,37.13,39.7
2025-11-29,VV-VITA-57-V2,1,20.47,21.57
2025-11-29,VV-VITA-63,2,43.03,43.03
2025-11-29,VV-VITA-90,4,63.94,71.04
2025-11-29,VV-VITA-94,2,44.8,44.8
2025-11-30,,54,691.17,719.57
2025-11-30,BJ-E223-8EKW,1,24.22,24.22
2025-11-30,TU-QNYD-JRRX,106,1123.98,1690.62
2025-11-30,VI-ZU99-SZ0B,2,30.63,31.53
2025-11-30,VV-VITA-101,5,92.23,93.74
2025-11-30,VV-VITA-105,1,18.82,18.82
2025-11-30,VV-VITA-106,2,43.52,45.8
2025-11-30,VV-VITA-109,2,34.36,35.91
2025-11-30,VV-VITA-116,2,29.7,30.42
2025-11-30,VV-VITA-119,6,82.47,82.47
2025-11-30,VV-VITA-121,1,16.81,18.68
2025-11-30,VV-VITA-122,4,67.9,68.73
2025-11-30,VV-VITA-124,2,44.1,46.25
2025-11-30,VV-VITA-127,3,48.49,55.04
2025-11-30,VV-VITA-136,1,21.38,21.57
2025-11-30,VV-VITA-151,4,74.54,76.26
2025-11-30,VV-VITA-153,3,48.18,52.72
2025-11-30,VV-VITA-155,5,83.96,83.96
2025-11-30,VV-VITA-158,5,115.05,121.55
2025-11-30,VV-VITA-159,1,19.31,19.31
2025-11-30,VV-VITA-165,1,24.57,24.57
2025-11-30,VV-VITA-166,6,88.81,88.81
2025-11-30,VV-VITA-170,1,16.06,16.06
2025-11-30,VV-VITA-171,3,77,77.7
2025-11-30,VV-VITA-173,5,71.9,71.9
2025-11-30,VV-VITA-183,2,46.62,46.62
2025-11-30,VV-VITA-188,3,37.1,37.1
2025-11-30,VV-VITA-189,1,16.74,18.61
2025-11-30,VV-VITA-190,1,15.75,16.92
2025-11-30,VV-VITA-198,1,17.26,17.26
2025-11-30,VV-VITA-199,1,17.1,17.26
2025-11-30,VV-VITA-203,12,172.85,190.3
2025-11-30,VV-VITA-204,2,30.98,31.13
2025-11-30,VV-VITA-206,3,45.83,47.12
2025-11-30,VV-VITA-230,5,104.14,106.33
2025-11-30,VV-VITA-237,2,33.82,33.82
2025-11-30,VV-VITA-243,20,310.07,324.47
2025-11-30,VV-VITA-247,2,36.44,39.54
2025-11-30,VV-VITA-248,4,71.56,75.71
2025-11-30,VV-VITA-249,6,111.06,118.22
2025-11-30,VV-VITA-250,3,44.13,45.66
2025-11-30,VV-VITA-256,6,115.95,115.95
2025-11-30,VV-VITA-258,1,18.83,18.99
2025-11-30,VV-VITA-276,1,20.9,20.9
2025-11-30,VV-VITA-287,3,53.89,54.89
2025-11-30,VV-VITA-295,1,18.29,19.85
2025-11-30,VV-VITA-297,1,21.61,21.81
2025-11-30,VV-VITA-298,2,36.88,41.88
2025-11-30,VV-VITA-301,1,16.91,16.91
2025-11-30,VV-VITA-303,2,32.65,34.52
2025-11-30,VV-VITA-304,2,28.11,28.11
2025-11-30,VV-VITA-310,2,37.82,37.82
2025-11-30,VV-VITA-311,8,129.51,136.69
2025-11-30,VV-VITA-313,3,52.94,54.03
2025-11-30,VV-VITA-316,1,11.92,16.92
2025-11-30,VV-VITA-319,4,71.21,77.26
2025-11-30,VV-VITA-320,6,100.65,107.81
2025-11-30,VV-VITA-329,11,172.63,179.97
2025-11-30,VV-VITA-331,5,43.75,44.88
2025-11-30,VV-VITA-338,2,31.47,33.31
2025-11-30,VV-VITA-339,2,32.32,35.72
2025-11-30,VV-VITA-341,4,57.56,60.95
2025-11-30,VV-VITA-342,6,112.39,116.49
2025-11-30,VV-VITA-343,3,29.2,30.84
2025-11-30,VV-VITA-344,11,217.99,225.42
2025-11-30,VV-VITA-345,2,37.31,38.86
2025-11-30,VV-VITA-352,4,89.94,91.06
2025-11-30,VV-VITA-354,1,21.26,21.26
2025-11-30,VV-VITA-355,2,39.69,40.88
2025-11-30,VV-VITA-356,2,29.03,34.03
2025-11-30,VV-VITA-357,5,42.94,43.38
2025-11-30,VV-VITA-358,10,98.82,100.74
2025-11-30,VV-VITA-362,1,15.22,16.91
2025-11-30,VV-VITA-364,11,207.66,217.96
2025-11-30,VV-VITA-367,2,27.78,29.03
2025-11-30,VV-VITA-368,2,30.42,30.42
2025-11-30,VV-VITA-369,1,15.21,15.21
2025-11-30,VV-VITA-371,2,34.36,34.36
2025-11-30,VV-VITA-372,2,27.95,29.38
2025-11-30,VV-VITA-373,1,8.18,8.62
2025-11-30,VV-VITA-375,1,14.36,14.36
2025-11-30,VV-VITA-377,2,25.32,25.32
2025-11-30,VV-VITA-379,2,31.31,33.34
2025-11-30,VV-VITA-38,4,55.05,58.01
2025-11-30,VV-VITA-380,1,11.81,11.81
2025-11-30,VV-VITA-382,1,15.3,16.06
2025-11-30,VV-VITA-389,3,64.75,64.75
2025-11-30,VV-VITA-39,4,72.47,77.47
2025-11-30,VV-VITA-391,3,62.56,62.56
2025-11-30,VV-VITA-395,2,30.72,33.82
2025-11-30,VV-VITA-403,1,18.96,19.9
2025-11-30,VV-VITA-46,4,64.64,73.86
2025-11-30,VV-VITA-49,5,83.05,83.98
2025-11-30,VV-VITA-57-V,1,38.9,38.9
2025-11-30,VV-VITA-86,1,19.9,19.9
2025-11-30,VV-VITA-90,3,52.75,53.69
2025-11-30,VV-VITA-94,7,142.84,152.52
2025-12-01,,40,541.98,577.59
2025-12-01,CP-DQMG-RVN9,3,53.28,53.28
2025-12-01,CW-KVIN-V39Y,1,20.9,20.9
2025-12-01,TU-QNYD-JRRX,2,32.12,32.12
2025-12-01,VV-VITA-101,1,17.02,22.02
2025-12-01,VV-VITA-104,1,17.18,17.18
2025-12-01,VV-VITA-107,1,17.17,17.17
2025-12-01,VV-VITA-109,2,35.74,39.71
2025-12-01,VV-VITA-116,1,15.54,17.26
2025-12-01,VV-VITA-119,3,47.25,51.79
2025-12-01,VV-VITA-121,3,56.01,59.08
2025-12-01,VV-VITA-122,2,30.09,33.43
2025-12-01,VV-VITA-124,1,20.65,22.36
2025-12-01,VV-VITA-127,5,93.73,103.58
2025-12-01,VV-VITA-142,2,41.8,42.83
2025-12-01,VV-VITA-146,3,50.54,50.54
2025-12-01,VV-VITA-151,8,157.42,162.46
2025-12-01,VV-VITA-153,2,24.78,51.55
2025-12-01,VV-VITA-155,2,44.83,44.83
2025-12-01,VV-VITA-158,8,211.86,211.86
2025-12-01,VV-VITA-159,3,64.38,64.38
2025-12-01,VV-VITA-171,2,55.8,55.8
2025-12-01,VV-VITA-173,9,116.01,169.18
2025-12-01,VV-VITA-183,7,133.24,147.21
2025-12-01,VV-VITA-186,4,82.85,82.85
2025-12-01,VV-VITA-190,2,41.23,41.23
2025-12-01,VV-VITA-198,3,51.81,56.68
2025-12-01,VV-VITA-203,7,111.03,114.41
2025-12-01,VV-VITA-204,1,17.01,17.01
2025-12-01,VV-VITA-206,1,11.74,11.74
2025-12-01,VV-VITA-207,1,19.72,19.72
2025-12-01,VV-VITA-225,3,61.34,61.34
2025-12-01,VV-VITA-230,3,59.74,63.51
2025-12-01,VV-VITA-243,16,245.28,260.02
2025-12-01,VV-VITA-248,4,63.48,69.36
2025-12-01,VV-VITA-256,1,17.08,17.08
2025-12-01,VV-VITA-258,3,49.56,51.11
2025-12-01,VV-VITA-259,7,137.92,154.55
2025-12-01,VV-VITA-262,1,16.91,16.91
2025-12-01,VV-VITA-264,16,283.09,376.77
2025-12-01,VV-VITA-276,2,42.07,42.07
2025-12-01,VV-VITA-277,1,10.96,10.96
2025-12-01,VV-VITA-287,2,34.19,37.98
2025-12-01,VV-VITA-295,3,53.28,59.56
2025-12-01,VV-VITA-298,2,40.53,42.76
2025-12-01,VV-VITA-301,2,35.82,35.82
2025-12-01,VV-VITA-308,3,63.92,68.65
2025-12-01,VV-VITA-31,3,55.83,55.83
2025-12-01,VV-VITA-311,5,84.79,88.06
2025-12-01,VV-VITA-313,5,83.15,90.18
2025-12-01,VV-VITA-317,1,19.72,19.72
2025-12-01,VV-VITA-319,1,19.72,19.72
2025-12-01,VV-VITA-320,16,287.1,299.33
2025-12-01,VV-VITA-326,2,37.38,37.38
2025-12-01,VV-VITA-329,7,106.2,106.2
2025-12-01,VV-VITA-331,7,60.63,62.54
2025-12-01,VV-VITA-338,2,32.57,34.96
2025-12-01,VV-VITA-341,4,58.76,58.76
2025-12-01,VV-VITA-342,1,22.65,22.65
2025-12-01,VV-VITA-343,4,40.25,41.28
2025-12-01,VV-VITA-344,3,61.61,68.05
2025-12-01,VV-VITA-349,1,14.36,14.36
2025-12-01,VV-VITA-352,6,134.45,134.45
2025-12-01,VV-VITA-354,3,60.11,63.07
2025-12-01,VV-VITA-355,5,115.34,115.34
2025-12-01,VV-VITA-356,2,27.37,30.42
2025-12-01,VV-VITA-357,2,17.25,17.25
2025-12-01,VV-VITA-358,11,104.85,106.48
2025-12-01,VV-VITA-361,7,107.34,107.34
2025-12-01,VV-VITA-364,8,131.21,142.34
2025-12-01,VV-VITA-367,5,72.82,78.61
2025-12-01,VV-VITA-368,8,123.74,126.78
2025-12-01,VV-VITA-372,8,119.61,121.64
2025-12-01,VV-VITA-375,3,48.39,48.39
2025-12-01,VV-VITA-376,1,12.78,14.2
2025-12-01,VV-VITA-379,5,76.79,76.79
2025-12-01,VV-VITA-38,6,95.66,96.66
2025-12-01,VV-VITA-382,2,28.96,30.39
2025-12-01,VV-VITA-383,1,16.4,17.26
2025-12-01,VV-VITA-387,1,24.63,26.92
2025-12-01,VV-VITA-389,3,62.75,67.05
2025-12-01,VV-VITA-391,2,35.75,40.75
2025-12-01,VV-VITA-395,3,50.35,52.04
2025-12-01,VV-VITA-46,5,81.28,87.98
2025-12-01,VV-VITA-49,1,18.9,18.9
2025-12-01,VV-VITA-86,3,59.25,59.25
2025-12-01,VV-VITA-90,1,17.76,17.76
2025-12-01,VV-VITA-94,2,39.97,44.41
2025-12-02,,20,358.89,371.02
2025-12-02,CW-KVIN-V39Y,5,91.36,109.79
2025-12-02,NX-CVPF-VCEZ,1,19.63,21.81
2025-12-02,VI-ZU99-SZ0B,1,16.89,16.89
2025-12-02,VV-VITA-101,4,88.97,91.56
2025-12-02,VV-VITA-106,2,45.54,47.2
2025-12-02,VV-VITA-119,1,17.83,17.83
2025-12-02,VV-VITA-127,2,50.61,50.61
2025-12-02,VV-VITA-142,1,18.74,20.82
2025-12-02,VV-VITA-151,2,42.72,42.72
2025-12-02,VV-VITA-153,3,54.14,60.15
2025-12-02,VV-VITA-157,1,12.51,13.9
2025-12-02,VV-VITA-158,1,25.45,25.45
2025-12-02,VV-VITA-159,1,21.19,23.54
2025-12-02,VV-VITA-170,2,24.57,37.8
2025-12-02,VV-VITA-171,2,48.93,54.36
2025-12-02,VV-VITA-173,1,16.35,18.16
2025-12-02,VV-VITA-183,1,25.9,25.9
2025-12-02,VV-VITA-189,1,21.9,21.9
2025-12-02,VV-VITA-198,1,17.91,19.9
2025-12-02,VV-VITA-203,1,18.17,18.17
2025-12-02,VV-VITA-207,8,135.43,150.69
2025-12-02,VV-VITA-223,-1,-23.9,23.9
2025-12-02,VV-VITA-237,1,16.28,18.08
2025-12-02,VV-VITA-248,2,40.01,44.45
2025-12-02,VV-VITA-249,2,45.16,47.52
2025-12-02,VV-VITA-252,3,51.03,69.42
2025-12-02,VV-VITA-259,1,22.91,25.44
2025-12-02,VV-VITA-264,3,72.19,74.45
2025-12-02,VV-VITA-284,1,20.45,22.72
2025-12-02,VV-VITA-287,3,56.08,56.08
2025-12-02,VV-VITA-297,1,18.74,20.82
2025-12-02,VV-VITA-298,1,22.9,22.9
2025-12-02,VV-VITA-301,1,15.54,17.26
2025-12-02,VV-VITA-304,1,14.9,14.9
2025-12-02,VV-VITA-308,1,24.07,26.75
2025-12-02,VV-VITA-31,2,39.42,43.8
2025-12-02,VV-VITA-311,4,67.32,70.45
2025-12-02,VV-VITA-317,1,17.18,19.07
2025-12-02,VV-VITA-320,4,73.46,81.6
2025-12-02,VV-VITA-326,2,49.8,49.8
2025-12-02,VV-VITA-329,1,19.08,19.08
2025-12-02,VV-VITA-339,2,37.73,39.71
2025-12-02,VV-VITA-341,2,31.8,31.8
2025-12-02,VV-VITA-342,7,139.63,147.82
2025-12-02,VV-VITA-344,1,24.9,24.9
2025-12-02,VV-VITA-345,1,20.9,20.9
2025-12-02,VV-VITA-356,1,17.9,17.9
2025-12-02,VV-VITA-357,1,9.45,9.45
2025-12-02,VV-VITA-358,1,15.61,17.34
2025-12-02,VV-VITA-359,2,40.06,41.51
2025-12-02,VV-VITA-364,2,41.61,43.8
2025-12-02,VV-VITA-366,2,19.37,29.8
2025-12-02,VV-VITA-368,6,104,115.56
2025-12-02,VV-VITA-371,5,75.19,86.32
2025-12-02,VV-VITA-372,2,35.91,37.8
2025-12-02,VV-VITA-373,1,15.54,17.26
2025-12-02,VV-VITA-38,2,34.02,37.8
2025-12-02,VV-VITA-386,1,17.24,17.24
2025-12-02,VV-VITA-391,1,19.9,19.9
2025-12-02,VV-VITA-395,3,55.87,60.45
2025-12-02,VV-VITA-403,2,37.55,37.55
2025-12-02,VV-VITA-49,1,17.01,18.9
2025-12-02,VV-VITA-50,4,72.87,80.95
2025-12-02,VV-VITA-57-V2,-1,-24.55,0
2025-12-02,VV-VITA-63,1,17.18,19.07
2025-12-02,VV-VITA-86,1,19.9,19.9
2025-12-02,VV-VITA-94,6,101.01,155.4
2025-12-03,,47,692.38,812.79
2025-12-03,NX-CVPF-VCEZ,3,55.92,59.81
2025-12-03,TU-QNYD-JRRX,1,15.55,17.26
2025-12-03,VV-VITA-101,3,67.8,75.33
2025-12-03,VV-VITA-105,2,34.69,38.54
2025-12-03,VV-VITA-109,5,94.5,94.5
2025-12-03,VV-VITA-116,1,17.9,17.9
2025-12-03,VV-VITA-119,1,17.01,18.9
2025-12-03,VV-VITA-124,1,21.2,23.54
2025-12-03,VV-VITA-127,6,149.4,149.4
2025-12-03,VV-VITA-151,3,71.7,71.7
2025-12-03,VV-VITA-153,3,37.82,57.72
2025-12-03,VV-VITA-157,5,69.5,69.5
2025-12-03,VV-VITA-158,3,95.7,95.7
2025-12-03,VV-VITA-165,6,130.05,173.4
2025-12-03,VV-VITA-171,2,41.85,55.8
2025-12-03,VV-VITA-183,2,53.57,53.57
2025-12-03,VV-VITA-186,1,25.45,25.45
2025-12-03,VV-VITA-198,1,20.76,20.76
2025-12-03,VV-VITA-199,5,90.34,94.32
2025-12-03,VV-VITA-203,8,105.26,148.5
2025-12-03,VV-VITA-207,1,19.9,19.9
2025-12-03,VV-VITA-223,1,23.9,23.9
2025-12-03,VV-VITA-224,1,17.91,19.9
2025-12-03,VV-VITA-225,7,146.3,146.3
2025-12-03,VV-VITA-228,-1,-23.99,21.81
2025-12-03,VV-VITA-230,1,19.63,21.81
2025-12-03,VV-VITA-237,2,39.8,39.8
2025-12-03,VV-VITA-243,4,88.09,88.09
2025-12-03,VV-VITA-247,2,39.8,39.8
2025-12-03,VV-VITA-248,3,66.25,73.6
2025-12-03,VV-VITA-250,1,19.27,19.27
2025-12-03,VV-VITA-252,1,24.55,24.55
2025-12-03,VV-VITA-256,6,138.13,138.13
2025-12-03,VV-VITA-304,1,13.41,14.9
2025-12-03,VV-VITA-307,3,40.17,41.62
2025-12-03,VV-VITA-308,1,24.55,24.55
2025-12-03,VV-VITA-310,2,41.35,43.52
2025-12-03,VV-VITA-311,1,17.91,19.9
2025-12-03,VV-VITA-313,1,18.9,18.9
2025-12-03,VV-VITA-318,2,33.93,33.93
2025-12-03,VV-VITA-320,2,53.21,53.21
2025-12-03,VV-VITA-326,3,57.25,57.25
2025-12-03,VV-VITA-329,2,38.16,38.16
2025-12-03,VV-VITA-338,2,39.8,39.8
2025-12-03,VV-VITA-339,2,37.54,39.43
2025-12-03,VV-VITA-341,3,42.14,47.7
2025-12-03,VV-VITA-342,2,41.61,43.8
2025-12-03,VV-VITA-343,1,19.9,19.9
2025-12-03,VV-VITA-344,3,74.7,74.7
2025-12-03,VV-VITA-345,3,45.27,67.68
2025-12-03,VV-VITA-352,4,84.6,91.6
2025-12-03,VV-VITA-355,1,20.45,22.71
2025-12-03,VV-VITA-361,2,16.9,35.53
2025-12-03,VV-VITA-364,9,197.57,202.28
2025-12-03,VV-VITA-372,9,170.1,170.1
2025-12-03,VV-VITA-373,4,59.6,59.6
2025-12-03,VV-VITA-377,2,32.16,32.16
2025-12-03,VV-VITA-38,4,69.35,70.71
2025-12-03,VV-VITA-383,1,16.89,16.89
2025-12-03,VV-VITA-387,1,0,28.55
2025-12-03,VV-VITA-39,3,54.52,54.52
2025-12-03,VV-VITA-395,2,35.82,39.8
2025-12-03,VV-VITA-49,5,92.61,94.5
2025-12-03,VV-VITA-57-V,3,100.99,113.22
2025-12-03,VV-VITA-57-V2,1,0,26.35
2025-12-03,VV-VITA-86,2,39.8,39.8
2025-12-03,VV-VITA-94,3,74.25,79.78
2025-12-04,,23,414.67,437.44
2025-12-04,VV-VITA-116,2,35.8,35.8
2025-12-04,VV-VITA-119,1,18.9,18.9
2025-12-04,VV-VITA-121,1,19,19
2025-12-04,VV-VITA-122,2,33.95,37.72
2025-12-04,VV-VITA-127,2,43.41,43.41
2025-12-04,VV-VITA-136,1,19.9,19.9
2025-12-04,VV-VITA-151,1,26.45,26.45
2025-12-04,VV-VITA-153,3,53.73,59.7
2025-12-04,VV-VITA-158,2,51.62,57.34
2025-12-04,VV-VITA-159,6,124.96,136.31
2025-12-04,VV-VITA-165,6,163.58,163.58
2025-12-04,VV-VITA-171,2,52.77,55.6
2025-12-04,VV-VITA-198,2,36.35,36.35
2025-12-04,VV-VITA-215,1,19.08,19.08
2025-12-04,VV-VITA-225,2,45.44,45.44
2025-12-04,VV-VITA-228,0,3.94,24.55
2025-12-04,VV-VITA-237,2,34.52,34.52
2025-12-04,VV-VITA-243,1,19.71,21.9
2025-12-04,VV-VITA-249,1,23.9,23.9
2025-12-04,VV-VITA-250,2,38.66,38.66
2025-12-04,VV-VITA-258,1,17.01,18.9
2025-12-04,VV-VITA-262,1,17.91,19.9
2025-12-04,VV-VITA-276,1,24.9,24.9
2025-12-04,VV-VITA-287,1,19.9,19.9
2025-12-04,VV-VITA-310,1,24.9,24.9
2025-12-04,VV-VITA-311,5,92.77,97.77
2025-12-04,VV-VITA-313,2,37.47,41.63
2025-12-04,VV-VITA-317,1,19.9,19.9
2025-12-04,VV-VITA-320,2,53.8,53.8
2025-12-04,VV-VITA-326,1,21.71,21.71
2025-12-04,VV-VITA-329,2,38.16,38.16
2025-12-04,VV-VITA-339,1,17.91,19.9
2025-12-04,VV-VITA-342,1,19.71,21.9
2025-12-04,VV-VITA-344,1,24.9,24.9
2025-12-04,VV-VITA-345,1,25.5,25.5
2025-12-04,VV-VITA-352,5,117.77,117.77
2025-12-04,VV-VITA-355,2,45.44,45.44
2025-12-04,VV-VITA-358,1,17.01,18.9
2025-12-04,VV-VITA-364,1,19.71,21.9
2025-12-04,VV-VITA-367,1,18.17,18.17
2025-12-04,VV-VITA-377,1,14.06,14.06
2025-12-04,VV-VITA-378,4,48.76,54.17
2025-12-04,VV-VITA-386,1,19.71,21.9
2025-12-04,VV-VITA-389,1,21.51,23.9
2025-12-04,VV-VITA-394,1,23.63,23.63
2025-12-04,VV-VITA-395,2,35.91,37.8
2025-12-04,VV-VITA-49,2,35.91,37.8
2025-12-04,VV-VITA-50,2,39.71,41.8
2025-12-04,VV-VITA-57-V,1,37.45,41.61
2025-12-04,VV-VITA-86,-2,-39.8,0
2025-12-04,VV-VITA-94,1,23.31,25.9
2025-12-05,,15,253.23,273.62
2025-12-05,BJ-E223-8EKW,2,51.17,51.17
2025-12-05,NX-CVPF-VCEZ,1,22.09,24.54
2025-12-05,TU-QNYD-JRRX,50,614.25,945
2025-12-05,VV-VITA-101,3,62.93,65.52
2025-12-05,VV-VITA-105,2,37.9,37.9
2025-12-05,VV-VITA-109,1,17.01,18.9
2025-12-05,VV-VITA-111,1,17.91,19.9
2025-12-05,VV-VITA-127,3,64.36,71.51
2025-12-05,VV-VITA-146,3,50.17,50.17
2025-12-05,VV-VITA-153,6,102.54,104.53
2025-12-05,VV-VITA-159,1,28.34,28.34
2025-12-05,VV-VITA-165,2,57.8,57.8
2025-12-05,VV-VITA-171,1,28.34,28.34
2025-12-05,VV-VITA-173,3,54.09,56.08
2025-12-05,VV-VITA-199,1,19.9,19.9
2025-12-05,VV-VITA-203,3,53.73,59.7
2025-12-05,VV-VITA-225,3,60.27,64.45
2025-12-05,VV-VITA-243,1,19.71,21.9
2025-12-05,VV-VITA-248,3,61.91,64.35
2025-12-05,VV-VITA-256,2,38.93,41.22
2025-12-05,VV-VITA-287,1,19.9,19.9
2025-12-05,VV-VITA-311,3,47.76,59.7
2025-12-05,VV-VITA-320,2,53.8,53.8
2025-12-05,VV-VITA-326,1,24.9,24.9
2025-12-05,VV-VITA-329,6,103.89,117.64
2025-12-05,VV-VITA-338,3,51.79,51.79
2025-12-05,VV-VITA-341,1,17.26,17.26
2025-12-05,VV-VITA-342,4,76.67,81.38
2025-12-05,VV-VITA-344,2,47.31,49.8
2025-12-05,VV-VITA-354,3,57.51,57.51
2025-12-05,VV-VITA-355,2,45.44,45.44
2025-12-05,VV-VITA-359,1,18.9,18.9
2025-12-05,VV-VITA-361,2,33.25,35.06
2025-12-05,VV-VITA-364,6,108.51,129.31
2025-12-05,VV-VITA-366,1,12.19,13.54
2025-12-05,VV-VITA-367,1,17.9,17.9
2025-12-05,VV-VITA-368,2,35.8,35.8
2025-12-05,VV-VITA-371,3,47.19,50.66
2025-12-05,VV-VITA-376,1,15.9,15.9
2025-12-05,VV-VITA-386,1,21.9,21.9
2025-12-05,VV-VITA-39,1,22.9,22.9
2025-12-05,VV-VITA-395,1,17.01,18.9
2025-12-05,VV-VITA-49,1,17.01,18.9
2025-12-05,VV-VITA-86,2,29.85,39.8
2025-12-05,VV-VITA-94,1,23.31,25.9
2025-12-06,,19,304.25,323.43
2025-12-06,VI-ZU99-SZ0B,2,32.55,32.55
2025-12-06,VV-VITA-116,2,35.92,37.71
2025-12-06,VV-VITA-119,1,15.88,15.88
2025-12-06,VV-VITA-121,1,20.76,20.76
2025-12-06,VV-VITA-122,1,17.92,19.91
2025-12-06,VV-VITA-127,2,49.8,49.8
2025-12-06,VV-VITA-151,2,43.45,43.45
2025-12-06,VV-VITA-153,3,52.37,55.98
2025-12-06,VV-VITA-199,2,32.56,36.17
2025-12-06,VV-VITA-225,4,86.09,90.62
2025-12-06,VV-VITA-249,1,23.9,23.9
2025-12-06,VV-VITA-256,6,125.95,137.4
2025-12-06,VV-VITA-259,2,50.89,50.89
2025-12-06,VV-VITA-277,1,14.73,16.35
2025-12-06,VV-VITA-298,1,22.9,22.9
2025-12-06,VV-VITA-304,3,41.72,44.7
2025-12-06,VV-VITA-310,3,76.86,76.86
2025-12-06,VV-VITA-313,2,40.56,40.56
2025-12-06,VV-VITA-317,2,35.82,39.8
2025-12-06,VV-VITA-320,3,75.32,80.7
2025-12-06,VV-VITA-329,2,38.16,38.16
2025-12-06,VV-VITA-339,1,19.08,19.08
2025-12-06,VV-VITA-342,2,38.79,41.05
2025-12-06,VV-VITA-352,5,106.03,110.61
2025-12-06,VV-VITA-354,1,21.27,23.62
2025-12-06,VV-VITA-355,2,45.44,45.44
2025-12-06,VV-VITA-356,1,17.9,17.9
2025-12-06,VV-VITA-359,1,16.28,18.08
2025-12-06,VV-VITA-364,1,19.71,21.9
2025-12-06,VV-VITA-366,3,44.7,44.7
2025-12-06,VV-VITA-367,3,54.15,60.16
2025-12-06,VV-VITA-372,2,34.84,36.73
2025-12-06,VV-VITA-377,1,14.9,14.9
2025-12-06,VV-VITA-391,1,24.54,24.54
2025-12-06,VV-VITA-395,2,31.76,31.76
2025-12-06,VV-VITA-403,1,19.9,19.9
2025-12-06,VV-VITA-49,10,177.27,191.01
2025-12-06,VV-VITA-57-V,2,70.73,70.73
2025-12-06,VV-VITA-63,1,19.08,19.08
2025-12-07,,20,355.84,373.7
2025-12-07,BJ-E223-8EKW,2,44.82,49.8
2025-12-07,CP-DQMG-RVN9,1,19.71,21.9
2025-12-07,VI-ZU99-SZ0B,1,17.26,17.26
2025-12-07,VV-VITA-101,1,23.31,25.9
2025-12-07,VV-VITA-106,2,43.62,43.62
2025-12-07,VV-VITA-119,1,18.9,18.9
2025-12-07,VV-VITA-121,1,19.71,21.9
2025-12-07,VV-VITA-122,3,64.7,64.7
2025-12-07,VV-VITA-124,1,21.51,23.9
2025-12-07,VV-VITA-127,1,24.9,24.9
2025-12-07,VV-VITA-146,1,17.91,19.9
2025-12-07,VV-VITA-151,3,66.44,71.15
2025-12-07,VV-VITA-157,4,55.6,55.6
2025-12-07,VV-VITA-159,2,40.9,45.43
2025-12-07,VV-VITA-165,2,43.35,57.8
2025-12-07,VV-VITA-171,6,125.55,167.4
2025-12-07,VV-VITA-183,1,23.31,25.9
2025-12-07,VV-VITA-186,1,23.31,25.9
2025-12-07,VV-VITA-188,1,17.9,17.9
2025-12-07,VV-VITA-189,1,17.92,19.91
2025-12-07,VV-VITA-203,4,72.1,75.88
2025-12-07,VV-VITA-206,3,50.12,53.7
2025-12-07,VV-VITA-215,3,56.7,56.7
2025-12-07,VV-VITA-225,3,56.43,62.7
2025-12-07,VV-VITA-237,3,57.71,59.7
2025-12-07,VV-VITA-243,3,61.32,65.7
2025-12-07,VV-VITA-248,1,19.71,21.9
2025-12-07,VV-VITA-250,3,49.4,54.87
2025-12-07,VV-VITA-256,3,66.41,68.7
2025-12-07,VV-VITA-258,4,69.93,75.6
2025-12-07,VV-VITA-276,1,26.45,26.45
2025-12-07,VV-VITA-286,1,21.9,21.9
2025-12-07,VV-VITA-301,1,19.9,19.9
2025-12-07,VV-VITA-308,1,21.19,23.54
2025-12-07,VV-VITA-313,1,17.01,18.9
2025-12-07,VV-VITA-317,1,19.9,19.9
2025-12-07,VV-VITA-320,1,19.08,19.08
2025-12-07,VV-VITA-326,2,49.8,49.8
2025-12-07,VV-VITA-331,1,17.91,19.9
2025-12-07,VV-VITA-338,2,35.44,37.16
2025-12-07,VV-VITA-339,1,20.37,22.63
2025-12-07,VV-VITA-342,3,61.72,61.72
2025-12-07,VV-VITA-344,1,25.51,28.34
2025-12-07,VV-VITA-361,1,15.36,15.36
2025-12-07,VV-VITA-362,1,19.9,19.9
2025-12-07,VV-VITA-364,2,41.45,43.62
2025-12-07,VV-VITA-372,1,18.9,18.9
2025-12-07,VV-VITA-379,3,46.39,51.54
2025-12-07,VV-VITA-38,2,32.53,32.53
2025-12-07,VV-VITA-390,1,19.9,19.9
2025-12-07,VV-VITA-49,1,18.9,18.9
2025-12-07,VV-VITA-57-V2,2,45.91,48.35
2025-12-07,VV-VITA-90,1,20.9,20.9
2025-12-07,VV-VITA-94,3,76.91,82.57
2025-12-08,,9,143.57,174.1
2025-12-08,BJ-E223-8EKW,2,49.8,49.8
2025-12-08,TU-QNYD-JRRX,3,47.39,52.65
2025-12-08,VV-VITA-111,8,169.42,169.42
2025-12-08,VV-VITA-124,1,22.95,25.5
2025-12-08,VV-VITA-127,5,108.41,114.92
2025-12-08,VV-VITA-142,2,41.52,41.52
2025-12-08,VV-VITA-151,0,-2.55,23.9
2025-12-08,VV-VITA-153,8,134.37,159.25
2025-12-08,VV-VITA-155,3,56.7,56.7
2025-12-08,VV-VITA-173,2,36.35,36.35
2025-12-08,VV-VITA-183,2,51.8,51.8
2025-12-08,VV-VITA-186,1,25.45,25.45
2025-12-08,VV-VITA-203,1,16.12,17.91
2025-12-08,VV-VITA-204,1,17.01,18.9
2025-12-08,VV-VITA-228,-1,-23.36,20.82
2025-12-08,VV-VITA-230,1,21.81,21.81
2025-12-08,VV-VITA-237,1,19.9,19.9
2025-12-08,VV-VITA-243,1,21.9,21.9
2025-12-08,VV-VITA-248,3,63.71,63.71
2025-12-08,VV-VITA-256,1,22.9,45.8
2025-12-08,VV-VITA-277,1,10.55,11.72
2025-12-08,VV-VITA-298,3,54.48,60.53
2025-12-08,VV-VITA-301,1,21.3,21.3
2025-12-08,VV-VITA-313,3,62.45,62.45
2025-12-08,VV-VITA-320,2,41.43,43.31
2025-12-08,VV-VITA-326,2,44.37,44.37
2025-12-08,VV-VITA-329,6,111.26,111.26
2025-12-08,VV-VITA-339,3,61.12,67.91
2025-12-08,VV-VITA-341,1,14.31,15.9
2025-12-08,VV-VITA-342,2,41.61,43.8
2025-12-08,VV-VITA-344,2,41.64,71.15
2025-12-08,VV-VITA-352,1,22.9,22.9
2025-12-08,VV-VITA-356,2,28.84,32.03
2025-12-08,VV-VITA-364,7,142.97,149.12
2025-12-08,VV-VITA-373,3,50.9,50.9
2025-12-08,VV-VITA-379,1,16.11,17.9
2025-12-08,VV-VITA-39,1,20.61,22.9
2025-12-08,VV-VITA-391,3,66.25,73.6
2025-12-08,VV-VITA-394,1,20.9,20.9
2025-12-08,VV-VITA-395,2,37.57,39.83
2025-12-08,VV-VITA-49,2,35.91,37.8
2025-12-08,VV-VITA-57-V,4,148.33,148.33
2025-12-08,VV-VITA-94,1,21.19,23.54
2025-12-09,,21,330.56,384.84
2025-12-09,BJ-E223-8EKW,7,137.62,174.97
2025-12-09,TU-QNYD-JRRX,2,28.35,37.8
2025-12-09,VI-ZU99-SZ0B,4,53.71,71.6
2025-12-09,VV-VITA-105,1,19.2,19.2
2025-12-09,VV-VITA-106,3,51.67,65.04
2025-12-09,VV-VITA-109,3,45.36,54.81
2025-12-09,VV-VITA-111,7,102.35,140.16
2025-12-09,VV-VITA-116,7,107.63,119.58
2025-12-09,VV-VITA-121,4,69.99,85.32
2025-12-09,VV-VITA-122,6,111.29,123.65
2025-12-09,VV-VITA-124,5,106.84,118.79
2025-12-09,VV-VITA-127,8,168.06,189.22
2025-12-09,VV-VITA-136,3,49.75,59.7
2025-12-09,VV-VITA-142,2,38.85,51.8
2025-12-09,VV-VITA-151,3,59.48,71.43
2025-12-09,VV-VITA-153,6,87.96,113.43
2025-12-09,VV-VITA-159,3,69.93,77.7
2025-12-09,VV-VITA-165,2,43.35,57.8
2025-12-09,VV-VITA-170,4,52.92,75.6
2025-12-09,VV-VITA-171,2,41.85,55.8
2025-12-09,VV-VITA-173,3,49.07,54.51
2025-12-09,VV-VITA-186,2,42.48,47.2
2025-12-09,VV-VITA-188,1,13.43,17.9
2025-12-09,VV-VITA-190,2,29.85,39.8
2025-12-09,VV-VITA-202,2,29.31,30.9
2025-12-09,VV-VITA-203,4,65.68,77.62
2025-12-09,VV-VITA-223,3,66.75,69.14
2025-12-09,VV-VITA-224,3,57.48,59.57
2025-12-09,VV-VITA-225,3,54,64.45
2025-12-09,VV-VITA-228,-1,-20.82,0
2025-12-09,VV-VITA-230,1,25.9,25.9
2025-12-09,VV-VITA-237,2,29.85,39.8
2025-12-09,VV-VITA-248,8,153.17,176.16
2025-12-09,VV-VITA-252,2,29.77,45.8
2025-12-09,VV-VITA-256,4,78.07,89.52
2025-12-09,VV-VITA-258,2,28.35,37.8
2025-12-09,VV-VITA-264,2,53.24,53.24
2025-12-09,VV-VITA-276,6,116.97,146.85
2025-12-09,VV-VITA-277,1,12.17,12.17
2025-12-09,VV-VITA-284,2,31.07,47.8
2025-12-09,VV-VITA-295,1,17.93,23.9
2025-12-09,VV-VITA-297,1,20.82,20.82
2025-12-09,VV-VITA-298,7,125.95,160.3
2025-12-09,VV-VITA-301,4,69.58,71.17
2025-12-09,VV-VITA-303,1,17.9,17.9
2025-12-09,VV-VITA-308,2,38.85,51.8
2025-12-09,VV-VITA-31,2,32.85,43.8
2025-12-09,VV-VITA-310,3,59.16,71.61
2025-12-09,VV-VITA-311,1,16.36,18.17
2025-12-09,VV-VITA-313,3,42.88,47.64
2025-12-09,VV-VITA-316,2,29.85,39.8
2025-12-09,VV-VITA-317,1,17.18,19.07
2025-12-09,VV-VITA-318,3,36.86,56.7
2025-12-09,VV-VITA-319,1,19.9,19.9
2025-12-09,VV-VITA-320,5,119.64,124.22
2025-12-09,VV-VITA-329,1,17.91,19.9
2025-12-09,VV-VITA-338,2,34.36,36.26
2025-12-09,VV-VITA-339,1,17.91,19.9
2025-12-09,VV-VITA-341,2,29.31,30.9
2025-12-09,VV-VITA-342,6,116.48,132.9
2025-12-09,VV-VITA-344,1,22.64,22.64
2025-12-09,VV-VITA-349,-3,-45.63,0
2025-12-09,VV-VITA-351,1,19.9,19.9
2025-12-09,VV-VITA-352,1,24.54,24.54
2025-12-09,VV-VITA-354,3,52.4,63.35
2025-12-09,VV-VITA-356,2,33.95,35.74
2025-12-09,VV-VITA-364,13,231.17,282.85
2025-12-09,VV-VITA-366,1,14.06,14.06
2025-12-09,VV-VITA-367,4,72.04,73.47
2025-12-09,VV-VITA-377,1,13.42,13.42
2025-12-09,VV-VITA-379,2,32.22,35.8
2025-12-09,VV-VITA-38,4,60.88,70.33
2025-12-09,VV-VITA-386,1,21.9,21.9
2025-12-09,VV-VITA-387,1,29.08,29.08
2025-12-09,VV-VITA-389,3,62.31,66.7
2025-12-09,VV-VITA-39,2,34.35,45.8
2025-12-09,VV-VITA-403,2,28.66,31.84
2025-12-09,VV-VITA-49,1,17.01,18.9
2025-12-09,VV-VITA-50,6,85.57,119.4
2025-12-09,VV-VITA-57-V,4,115.54,147.82
2025-12-09,VV-VITA-94,5,101.5,117.08
2025-12-10,,19,295.93,336.61
2025-12-10,BJ-E223-8EKW,2,43.12,45.14
2025-12-10,CW-KVIN-V39Y,1,21.45,32.99
2025-12-10,VI-ZU99-SZ0B,4,60.72,63.63
2025-12-10,VV-VITA-101,3,72.38,72.38
2025-12-10,VV-VITA-106,1,19.63,21.81
2025-12-10,VV-VITA-116,-1,-17.9,0
2025-12-10,VV-VITA-121,2,42.66,42.66
2025-12-10,VV-VITA-122,3,44.84,68.97
2025-12-10,VV-VITA-124,6,101.01,155.4
2025-12-10,VV-VITA-127,2,49.8,49.8
2025-12-10,VV-VITA-136,1,19.9,19.9
2025-12-10,VV-VITA-142,11,204.97,285.44
2025-12-10,VV-VITA-146,2,36.35,36.35
2025-12-10,VV-VITA-151,2,47.72,50.07
2025-12-10,VV-VITA-153,3,55.74,59.72
2025-12-10,VV-VITA-158,3,54.59,83.97
2025-12-10,VV-VITA-159,1,22.72,22.72
2025-12-10,VV-VITA-165,2,38.99,59.98
2025-12-10,VV-VITA-166,1,17.83,19.81
2025-12-10,VV-VITA-171,1,27.9,27.9
2025-12-10,VV-VITA-183,1,23.31,25.9
2025-12-10,VV-VITA-188,4,63.47,80.74
2025-12-10,VV-VITA-197,1,22.09,24.54
2025-12-10,VV-VITA-198,1,16.35,18.16
2025-12-10,VV-VITA-199,1,20.31,20.31
2025-12-10,VV-VITA-203,4,62.66,78.45
2025-12-10,VV-VITA-206,4,71.6,71.6
2025-12-10,VV-VITA-207,4,68.27,83.6
2025-12-10,VV-VITA-208,3,55.72,59.7
2025-12-10,VV-VITA-215,4,54.58,83.96
2025-12-10,VV-VITA-223,8,173.07,184.18
2025-12-10,VV-VITA-224,1,17.91,19.9
2025-12-10,VV-VITA-230,1,17.76,43.54
2025-12-10,VV-VITA-237,2,24.69,37.98
2025-12-10,VV-VITA-247,10,171.96,216.51
2025-12-10,VV-VITA-248,1,21.9,21.9
2025-12-10,VV-VITA-249,1,23.9,23.9
2025-12-10,VV-VITA-256,1,20.61,22.9
2025-12-10,VV-VITA-262,4,81.04,99.23
2025-12-10,VV-VITA-276,3,50.69,77.97
2025-12-10,VV-VITA-295,1,21.73,21.73
2025-12-10,VV-VITA-297,1,21.71,21.71
2025-12-10,VV-VITA-298,2,33.79,51.98
2025-12-10,VV-VITA-301,1,21.34,21.34
2025-12-10,VV-VITA-303,1,19.9,19.9
2025-12-10,VV-VITA-304,1,14.9,14.9
2025-12-10,VV-VITA-307,3,31.19,47.97
2025-12-10,VV-VITA-311,9,148.03,176.01
2025-12-10,VV-VITA-313,3,45.6,62.88
2025-12-10,VV-VITA-316,1,20.31,20.31
2025-12-10,VV-VITA-320,8,122.41,173.83
2025-12-10,VV-VITA-326,1,19.08,19.08
2025-12-10,VV-VITA-329,5,90.42,96.12
2025-12-10,VV-VITA-336,2,39.8,39.8
2025-12-10,VV-VITA-338,1,17.91,19.9
2025-12-10,VV-VITA-341,1,14.31,15.9
2025-12-10,VV-VITA-342,4,83.72,88.1
2025-12-10,VV-VITA-344,4,97.14,97.14
2025-12-10,VV-VITA-345,4,78.98,100.2
2025-12-10,VV-VITA-352,3,52.64,80.97
2025-12-10,VV-VITA-355,2,46.94,46.94
2025-12-10,VV-VITA-356,1,20.82,20.82
2025-12-10,VV-VITA-359,5,96.84,100.83
2025-12-10,VV-VITA-362,1,14.3,21.99
2025-12-10,VV-VITA-364,6,124.61,133.48
2025-12-10,VV-VITA-365,1,13.9,15.44
2025-12-10,VV-VITA-367,1,13,19.99
2025-12-10,VV-VITA-368,2,34.28,36.07
2025-12-10,VV-VITA-38,7,75.97,102.2
2025-12-10,VV-VITA-386,1,21.9,21.9
2025-12-10,VV-VITA-389,1,24.65,27.38
2025-12-10,VV-VITA-39,1,22.9,22.9
2025-12-10,VV-VITA-391,0,-4.28,20.27
2025-12-10,VV-VITA-395,3,54.72,58.7
2025-12-10,VV-VITA-403,3,44.78,59.7
2025-12-10,VV-VITA-49,2,28.59,43.98
2025-12-10,VV-VITA-50,6,89.67,137.94
2025-12-10,VV-VITA-57-V2,4,69.19,97.68
2025-12-10,VV-VITA-86,-3,-54.72,0
2025-12-10,VV-VITA-90,1,20.9,20.9
2025-12-10,VV-VITA-94,3,61,83.88
2025-12-11,,26,465.06,495.28
2025-12-11,CW-KVIN-V39Y,2,54.36,54.36
2025-12-11,NX-CVPF-VCEZ,2,43.62,43.62
2025-12-11,VV-VITA-106,50,858.75,1145
2025-12-11,VV-VITA-119,2,37.49,37.49
2025-12-11,VV-VITA-124,1,23.9,23.9
2025-12-11,VV-VITA-127,2,45.27,45.27
2025-12-11,VV-VITA-142,1,23.63,23.63
2025-12-11,VV-VITA-146,1,19.9,19.9
2025-12-11,VV-VITA-158,1,31.9,31.9
2025-12-11,VV-VITA-159,2,46.35,48.61
2025-12-11,VV-VITA-170,2,38.6,38.6
2025-12-11,VV-VITA-171,2,49.07,54.52
2025-12-11,VV-VITA-183,1,25.9,25.9
2025-12-11,VV-VITA-186,1,25.9,25.9
2025-12-11,VV-VITA-188,1,19.99,19.99
2025-12-11,VV-VITA-197,150,2552.25,3735
2025-12-11,VV-VITA-203,2,39.8,39.8
2025-12-11,VV-VITA-204,2,37.8,37.8
2025-12-11,VV-VITA-208,2,39.8,39.8
2025-12-11,VV-VITA-223,3,61.52,65.7
2025-12-11,VV-VITA-224,1,18.81,20.9
2025-12-11,VV-VITA-225,2,45.31,45.31
2025-12-11,VV-VITA-230,2,47.71,47.71
2025-12-11,VV-VITA-237,1,19.9,19.9
2025-12-11,VV-VITA-247,3,56.6,60.58
2025-12-11,VV-VITA-248,1,21.9,21.9
2025-12-11,VV-VITA-258,1,17.01,18.9
2025-12-11,VV-VITA-298,1,23.52,23.52
2025-12-11,VV-VITA-311,3,57.02,58.82
2025-12-11,VV-VITA-318,1,15.45,15.45
2025-12-11,VV-VITA-320,3,63.15,65.05
2025-12-11,VV-VITA-329,1,20.31,20.31
2025-12-11,VV-VITA-336,1,19.9,19.9
2025-12-11,VV-VITA-339,1,17.91,19.9
2025-12-11,VV-VITA-342,5,87.53,105.76
2025-12-11,VV-VITA-344,1,24.9,24.9
2025-12-11,VV-VITA-354,1,21.9,21.9
2025-12-11,VV-VITA-356,1,19.24,19.24
2025-12-11,VV-VITA-364,7,153.45,155.62
2025-12-11,VV-VITA-366,1,14.9,14.9
2025-12-11,VV-VITA-367,1,19.24,19.24
2025-12-11,VV-VITA-375,1,16.9,16.9
2025-12-11,VV-VITA-377,1,14.9,14.9
2025-12-11,VV-VITA-379,-1,-15.21,0
2025-12-11,VV-VITA-38,4,77.03,77.03
2025-12-11,VV-VITA-383,1,16.35,18.16
2025-12-11,VV-VITA-393,1,20.9,20.9
2025-12-11,VV-VITA-395,2,37.8,37.8
2025-12-11,VV-VITA-49,2,35.91,37.8
2025-12-11,VV-VITA-50,1,18.81,20.9
2025-12-11,VV-VITA-57-V2,1,22.72,22.72
2025-12-11,VV-VITA-63,2,38.16,38.16
2025-12-11,VV-VITA-94,1,25.9,25.9
2025-12-12,,4,59.83,76.15
2025-12-12,VI-ZU99-SZ0B,-1,-16.32,0
2025-12-12,VV-VITA-101,1,23.31,25.9
2025-12-12,VV-VITA-111,2,39.82,39.82
2025-12-12,VV-VITA-116,3,59.43,59.43
2025-12-12,VV-VITA-119,1,17.01,18.9
2025-12-12,VV-VITA-124,6,145.82,145.82
2025-12-12,VV-VITA-127,4,89.64,99.6
2025-12-12,VV-VITA-155,1,20.45,22.72
2025-12-12,VV-VITA-173,1,20.76,20.76
2025-12-12,VV-VITA-199,2,39.8,39.8
2025-12-12,VV-VITA-203,7,139.33,139.33
2025-12-12,VV-VITA-207,1,19.9,19.9
2025-12-12,VV-VITA-208,3,59.7,59.7
2025-12-12,VV-VITA-223,2,43.02,47.8
2025-12-12,VV-VITA-224,1,19.9,19.9
2025-12-12,VV-VITA-230,2,53.62,53.62
2025-12-12,VV-VITA-237,1,20.37,20.37
2025-12-12,VV-VITA-249,1,23.9,23.9
2025-12-12,VV-VITA-252,1,20.61,22.9
2025-12-12,VV-VITA-257,3,75.51,75.51
2025-12-12,VV-VITA-276,2,52.55,52.55
2025-12-12,VV-VITA-304,-1,-13.41,0
2025-12-12,VV-VITA-31,1,21.9,21.9
2025-12-12,VV-VITA-311,1,18.18,18.18
2025-12-12,VV-VITA-320,1,25.38,25.38
2025-12-12,VV-VITA-329,3,56.32,56.32
2025-12-12,VV-VITA-338,1,17.91,19.9
2025-12-12,VV-VITA-342,1,20.66,20.66
2025-12-12,VV-VITA-344,1,24.9,24.9
2025-12-12,VV-VITA-356,1,14.73,16.35
2025-12-12,VV-VITA-359,2,35.98,39.97
2025-12-12,VV-VITA-364,1,19.71,21.9
2025-12-12,VV-VITA-366,1,15.45,15.45
2025-12-12,VV-VITA-371,1,18.09,18.09
2025-12-12,VV-VITA-375,2,39.98,39.98
2025-12-12,VV-VITA-376,1,17.26,17.26
2025-12-12,VV-VITA-389,2,54.79,54.79
2025-12-12,VV-VITA-63,2,36.26,38.15
2025-12-13,,13,201.17,212.01
2025-12-13,BJ-E223-8EKW,1,25.45,25.45
2025-12-13,NX-CVPF-VCEZ,1,19.64,21.81
2025-12-13,VV-VITA-106,4,78.52,87.23
2025-12-13,VV-VITA-116,1,17.9,17.9
2025-12-13,VV-VITA-153,1,17.91,17.91
2025-12-13,VV-VITA-165,1,25.51,28.34
2025-12-13,VV-VITA-168,2,43.02,47.8
2025-12-13,VV-VITA-171,3,76.97,82.42
2025-12-13,VV-VITA-173,3,56.7,58.57
2025-12-13,VV-VITA-190,1,17.91,19.9
2025-12-13,VV-VITA-197,3,66.28,73.64
2025-12-13,VV-VITA-199,3,59.7,59.7
2025-12-13,VV-VITA-203,1,17.92,17.92
2025-12-13,VV-VITA-223,2,41.8,46.44
2025-12-13,VV-VITA-224,2,35.82,39.8
2025-12-13,VV-VITA-225,1,22.72,22.72
2025-12-13,VV-VITA-230,1,25.9,25.9
2025-12-13,VV-VITA-237,1,19.9,19.9
2025-12-13,VV-VITA-247,7,137.88,142.05
2025-12-13,VV-VITA-249,1,23.63,23.63
2025-12-13,VV-VITA-250,1,17.9,17.9
2025-12-13,VV-VITA-257,1,26.9,26.9
2025-12-13,VV-VITA-262,3,53.73,59.7
2025-12-13,VV-VITA-276,2,45.27,45.27
2025-12-13,VV-VITA-286,1,21.9,21.9
2025-12-13,VV-VITA-297,1,17.91,19.9
2025-12-13,VV-VITA-298,2,46.45,46.45
2025-12-13,VV-VITA-308,5,106.33,118.13
2025-12-13,VV-VITA-311,3,52.17,57.96
2025-12-13,VV-VITA-320,2,48.42,53.8
2025-12-13,VV-VITA-329,1,19.08,19.08
2025-12-13,VV-VITA-338,1,17.26,17.26
2025-12-13,VV-VITA-339,1,16.18,16.18
2025-12-13,VV-VITA-341,2,28.91,28.91
2025-12-13,VV-VITA-342,4,84.37,84.37
2025-12-13,VV-VITA-344,1,24.9,24.9
2025-12-13,VV-VITA-349,1,16.9,16.9
2025-12-13,VV-VITA-355,1,22.9,22.9
2025-12-13,VV-VITA-356,4,60.79,67.54
2025-12-13,VV-VITA-364,3,69.15,69.15
2025-12-13,VV-VITA-372,5,84.09,93.43
2025-12-13,VV-VITA-376,1,17.13,17.13
2025-12-13,VV-VITA-377,1,14.9,14.9
2025-12-13,VV-VITA-383,1,16.11,17.9
2025-12-13,VV-VITA-391,1,22.09,24.54
2025-12-14,,3,51.71,53.7
2025-12-14,BJ-E223-8EKW,1,24.9,24.9
2025-12-14,VV-VITA-119,1,18.17,18.17
2025-12-14,VV-VITA-121,1,19.71,21.9
2025-12-14,VV-VITA-146,1,19.9,19.9
2025-12-14,VV-VITA-151,2,44.9,47.25
2025-12-14,VV-VITA-155,9,189.36,205.34
2025-12-14,VV-VITA-158,1,25.45,25.45
2025-12-14,VV-VITA-159,5,119.96,119.96
2025-12-14,VV-VITA-170,1,18.9,18.9
2025-12-14,VV-VITA-173,1,19.9,19.9
2025-12-14,VV-VITA-202,4,57.24,63.6
2025-12-14,VV-VITA-203,2,32.72,36.34
2025-12-14,VV-VITA-207,1,19.9,19.9
2025-12-14,VV-VITA-208,5,99.5,99.5
2025-12-14,VV-VITA-223,7,153.84,160.64
2025-12-14,VV-VITA-224,8,148.21,155.84
2025-12-14,VV-VITA-225,8,170.77,170.77
2025-12-14,VV-VITA-230,4,81.83,88.49
2025-12-14,VV-VITA-258,1,20.33,20.33
2025-12-14,VV-VITA-284,1,19.54,21.71
2025-12-14,VV-VITA-286,2,39.82,39.82
2025-12-14,VV-VITA-297,1,19.9,19.9
2025-12-14,VV-VITA-298,1,21.6,21.6
2025-12-14,VV-VITA-304,1,14.9,14.9
2025-12-14,VV-VITA-310,1,22.41,24.9
2025-12-14,VV-VITA-313,2,34.02,37.8
2025-12-14,VV-VITA-317,1,19.08,19.08
2025-12-14,VV-VITA-319,1,17.18,19.07
2025-12-14,VV-VITA-320,6,126.34,134.02
2025-12-14,VV-VITA-338,3,56.51,60.58
2025-12-14,VV-VITA-342,2,40.07,40.07
2025-12-14,VV-VITA-349,1,16.12,17.91
2025-12-14,VV-VITA-354,1,21.9,21.9
2025-12-14,VV-VITA-355,3,68.34,68.34
2025-12-14,VV-VITA-361,2,34.53,36.33
2025-12-14,VV-VITA-362,1,18.68,20.75
2025-12-14,VV-VITA-364,5,110.6,110.6
2025-12-14,VV-VITA-366,1,13.41,14.9
2025-12-14,VV-VITA-367,2,35.8,35.8
2025-12-14,VV-VITA-372,1,18.9,18.9
2025-12-14,VV-VITA-377,1,14.9,14.9
2025-12-14,VV-VITA-38,1,18.9,18.9
2025-12-14,VV-VITA-49,1,18.9,18.9
2025-12-14,VV-VITA-57-V2,1,23.9,23.9
2025-12-14,VV-VITA-63,2,40.07,41.97
2025-12-14,VV-VITA-90,1,18.66,18.66
2025-12-15,,27,429.79,450.91
2025-12-15,BJ-E223-8EKW,1,22.9,25.44
2025-12-15,CW-KVIN-V39Y,1,29.99,29.99
2025-12-15,VV-VITA-121,2,40.47,42.66
2025-12-15,VV-VITA-124,2,47.09,47.09
2025-12-15,VV-VITA-127,12,298.8,298.8
2025-12-15,VV-VITA-142,1,20.76,20.76
2025-12-15,VV-VITA-146,5,99.5,99.5
2025-12-15,VV-VITA-153,1,16.18,16.18
2025-12-15,VV-VITA-155,2,41.35,43.61
2025-12-15,VV-VITA-158,1,31.9,31.9
2025-12-15,VV-VITA-171,6,164.05,166.76
2025-12-15,VV-VITA-183,5,129.5,129.5
2025-12-15,VV-VITA-190,5,99.5,99.5
2025-12-15,VV-VITA-199,8,156.38,160.44
2025-12-15,VV-VITA-203,6,119.4,119.4
2025-12-15,VV-VITA-207,6,119.4,119.4
2025-12-15,VV-VITA-208,2,37.81,39.8
2025-12-15,VV-VITA-215,7,135.1,135.1
2025-12-15,VV-VITA-223,10,218.96,230
2025-12-15,VV-VITA-224,2,35.82,39.8
2025-12-15,VV-VITA-225,2,43.55,43.55
2025-12-15,VV-VITA-230,2,39.25,43.61
2025-12-15,VV-VITA-237,1,19.9,19.9
2025-12-15,VV-VITA-248,5,109.5,109.5
2025-12-15,VV-VITA-249,-1,-23.63,0
2025-12-15,VV-VITA-259,3,66.28,73.64
2025-12-15,VV-VITA-276,6,149.4,149.4
2025-12-15,VV-VITA-295,2,39.71,41.8
2025-12-15,VV-VITA-298,1,21.21,46.4
2025-12-15,VV-VITA-301,3,53.99,55.98
2025-12-15,VV-VITA-308,6,155.4,155.4
2025-12-15,VV-VITA-31,12,262.8,262.8
2025-12-15,VV-VITA-316,2,29.44,32.71
2025-12-15,VV-VITA-317,1,19.08,19.08
2025-12-15,VV-VITA-320,8,166.82,188.03
2025-12-15,VV-VITA-329,5,86,100.24
2025-12-15,VV-VITA-341,5,79.5,79.5
2025-12-15,VV-VITA-342,8,164.64,168.26
2025-12-15,VV-VITA-344,1,23.63,23.63
2025-12-15,VV-VITA-349,1,13.74,13.74
2025-12-15,VV-VITA-351,1,17.99,19.98
2025-12-15,VV-VITA-352,1,22.9,22.9
2025-12-15,VV-VITA-354,8,170.67,177.46
2025-12-15,VV-VITA-356,1,16.35,16.35
2025-12-15,VV-VITA-361,4,71.42,71.42
2025-12-15,VV-VITA-364,7,148.92,153.3
2025-12-15,VV-VITA-367,5,89.5,89.5
2025-12-15,VV-VITA-368,3,49.25,59.7
2025-12-15,VV-VITA-372,5,94.5,94.5
2025-12-15,VV-VITA-379,2,35.8,35.8
2025-12-15,VV-VITA-38,7,121.83,123.19
2025-12-15,VV-VITA-389,2,45.75,48.9
2025-12-15,VV-VITA-403,1,19.9,19.9
2025-12-15,VV-VITA-50,2,32.85,43.8
2025-12-15,VV-VITA-57-V2,1,21.51,23.9
2025-12-15,VV-VITA-86,-1,-20.35,0
2025-12-16,,19,291.4,330.84
2025-12-16,BJ-E223-8EKW,1,23.49,23.49
2025-12-16,VV-VITA-101,1,17.83,19.81
2025-12-16,VV-VITA-105,2,35.66,39.62
2025-12-16,VV-VITA-106,51,878.08,1165.82
2025-12-16,VV-VITA-122,1,18.81,20.9
2025-12-16,VV-VITA-127,6,122.39,129.97
2025-12-16,VV-VITA-142,1,24.43,24.43
2025-12-16,VV-VITA-151,1,23.9,23.9
2025-12-16,VV-VITA-153,14,195.67,276.27
2025-12-16,VV-VITA-155,4,54.34,83.6
2025-12-16,VV-VITA-158,2,58.8,63.8
2025-12-16,VV-VITA-159,7,126.91,181.3
2025-12-16,VV-VITA-166,3,53.16,70.87
2025-12-16,VV-VITA-170,17,223.69,321.3
2025-12-16,VV-VITA-172,10,129.35,199
2025-12-16,VV-VITA-183,2,48.06,53.4
2025-12-16,VV-VITA-197,150,2552.25,3735
2025-12-16,VV-VITA-199,1,19.15,20.33
2025-12-16,VV-VITA-203,1,17.91,19.9
2025-12-16,VV-VITA-215,1,17.01,18.9
2025-12-16,VV-VITA-223,2,36.07,39.7
2025-12-16,VV-VITA-224,1,17.25,18.81
2025-12-16,VV-VITA-230,3,58.89,78.55
2025-12-16,VV-VITA-237,4,76.56,79.6
2025-12-16,VV-VITA-248,5,104.28,106.99
2025-12-16,VV-VITA-249,1,18.9,23.9
2025-12-16,VV-VITA-250,1,19.08,19.08
2025-12-16,VV-VITA-258,1,17.18,17.18
2025-12-16,VV-VITA-264,1,26.72,26.72
2025-12-16,VV-VITA-286,3,59.13,65.7
2025-12-16,VV-VITA-287,3,59.7,59.7
2025-12-16,VV-VITA-298,3,44.66,68.7
2025-12-16,VV-VITA-313,2,35.82,37.8
2025-12-16,VV-VITA-320,6,106.64,111.69
2025-12-16,VV-VITA-326,1,25.64,25.64
2025-12-16,VV-VITA-329,1,18.77,18.77
2025-12-16,VV-VITA-342,1,21.9,21.9
2025-12-16,VV-VITA-344,2,44.82,49.8
2025-12-16,VV-VITA-352,1,20.82,20.82
2025-12-16,VV-VITA-354,3,48.18,65.7
2025-12-16,VV-VITA-355,2,49.1,49.1
2025-12-16,VV-VITA-361,1,16.9,16.9
2025-12-16,VV-VITA-362,1,20.76,20.76
2025-12-16,VV-VITA-364,3,42.71,65.7
2025-12-16,VV-VITA-377,1,14.9,14.9
2025-12-16,VV-VITA-379,1,14.65,16.27
2025-12-16,VV-VITA-38,2,35.1,36.08
2025-12-16,VV-VITA-381,1,12.19,13.54
2025-12-16,VV-VITA-39,1,20.18,20.18
2025-12-16,VV-VITA-391,1,22.08,24.53
2025-12-16,VV-VITA-395,2,39.46,41.54
2025-12-16,VV-VITA-403,1,19.9,19.9
2025-12-16,VV-VITA-50,3,38.81,59.7
2025-12-16,VV-VITA-63,1,20.82,20.82
2025-12-17,,9,169.37,179.55
2025-12-17,VI-ZU99-SZ0B,1,16.11,17.9
2025-12-17,VV-VITA-111,1,16.18,16.18
2025-12-17,VV-VITA-116,5,81.82,88.98
2025-12-17,VV-VITA-122,1,18.82,20.9
2025-12-17,VV-VITA-142,1,21.06,21.06
2025-12-17,VV-VITA-151,1,21.27,23.62
2025-12-17,VV-VITA-155,1,20.45,22.72
2025-12-17,VV-VITA-158,2,57.42,57.42
2025-12-17,VV-VITA-159,2,51.8,51.8
2025-12-17,VV-VITA-173,2,40.23,40.23
2025-12-17,VV-VITA-183,1,20.9,25.9
2025-12-17,VV-VITA-190,1,19.9,19.9
2025-12-17,VV-VITA-197,1,19.9,24.9
2025-12-17,VV-VITA-203,2,34.53,36.33
2025-12-17,VV-VITA-204,1,18.9,18.9
2025-12-17,VV-VITA-207,2,35.85,39.82
2025-12-17,VV-VITA-208,0,0,59.7
2025-12-17,VV-VITA-223,6,125.51,133.7
2025-12-17,VV-VITA-224,5,92.51,100.17
2025-12-17,VV-VITA-230,4,88.74,91.33
2025-12-17,VV-VITA-248,2,43.8,43.8
2025-12-17,VV-VITA-256,1,22.64,22.64
2025-12-17,VV-VITA-258,3,56.7,56.7
2025-12-17,VV-VITA-264,2,51.8,51.8
2025-12-17,VV-VITA-277,1,11.61,12.9
2025-12-17,VV-VITA-286,2,43.8,43.8
2025-12-17,VV-VITA-287,1,19.9,19.9
2025-12-17,VV-VITA-304,1,14.9,14.9
2025-12-17,VV-VITA-311,1,17.91,19.9
2025-12-17,VV-VITA-313,2,35.98,39.97
2025-12-17,VV-VITA-317,1,19.9,19.9
2025-12-17,VV-VITA-319,2,35.18,38.16
2025-12-17,VV-VITA-320,5,123.33,124.74
2025-12-17,VV-VITA-329,2,39.8,39.8
2025-12-17,VV-VITA-336,1,19.9,19.9
2025-12-17,VV-VITA-339,3,55.33,57.23
2025-12-17,VV-VITA-341,3,43.76,43.76
2025-12-17,VV-VITA-342,1,16.35,18.16
2025-12-17,VV-VITA-344,5,115.14,117.5
2025-12-17,VV-VITA-345,1,18.81,20.9
2025-12-17,VV-VITA-355,1,22.9,22.9
2025-12-17,VV-VITA-359,1,17.18,17.18
2025-12-17,VV-VITA-361,4,62.66,68.12
2025-12-17,VV-VITA-362,1,17.99,19.98
2025-12-17,VV-VITA-364,2,45.53,45.53
2025-12-17,VV-VITA-367,2,39.9,39.9
2025-12-17,VV-VITA-368,1,19,19
2025-12-17,VV-VITA-372,1,18.9,18.9
2025-12-17,VV-VITA-38,1,17.01,18.9
2025-12-17,VV-VITA-386,1,22.49,22.49
2025-12-17,VV-VITA-39,9,179.43,179.43
2025-12-17,VV-VITA-395,1,19.28,19.28
2025-12-17,VV-VITA-49,5,92.14,95.59
2025-12-17,VV-VITA-57-V,1,33.9,38.9
2025-12-17,VV-VITA-93,1,16.9,16.9
2025-12-17,VV-VITA-94,2,46.62,51.8
2025-12-18,,42,546.15,807.12
2025-12-18,BJ-E223-8EKW,10,170.57,249
2025-12-18,CW-KVIN-V39Y,6,113.16,123.41
2025-12-18,TU-QNYD-JRRX,28,347.9,528.3
2025-12-18,VV-VITA-111,4,75.24,83.6
2025-12-18,VV-VITA-122,-1,-20.61,0
2025-12-18,VV-VITA-124,3,72.46,72.46
2025-12-18,VV-VITA-127,2,49.8,49.8
2025-12-18,VV-VITA-136,9,116.42,179.1
2025-12-18,VV-VITA-153,-1,2.8,77.46
2025-12-18,VV-VITA-155,3,40.76,62.7
2025-12-18,VV-VITA-157,2,27.65,30.72
2025-12-18,VV-VITA-159,9,187.73,217.19
2025-12-18,VV-VITA-165,9,169.07,260.1
2025-12-18,VV-VITA-166,-3,-53.16,0
2025-12-18,VV-VITA-170,3,36.86,56.7
2025-12-18,VV-VITA-172,5,64.68,99.5
2025-12-18,VV-VITA-173,9,116.42,179.1
2025-12-18,VV-VITA-183,-1,-25.9,0
2025-12-18,VV-VITA-186,3,50.51,77.7
2025-12-18,VV-VITA-190,1,19.9,19.9
2025-12-18,VV-VITA-198,1,16.36,18.16
2025-12-18,VV-VITA-203,5,92.42,92.42
2025-12-18,VV-VITA-208,3,59.7,59.7
2025-12-18,VV-VITA-223,3,69.43,69.43
2025-12-18,VV-VITA-225,6,81.51,125.4
2025-12-18,VV-VITA-247,1,19.91,19.91
2025-12-18,VV-VITA-248,3,42.71,65.7
2025-12-18,VV-VITA-250,2,35.8,35.8
2025-12-18,VV-VITA-256,5,74.43,114.5
2025-12-18,VV-VITA-259,2,50.9,50.9
2025-12-18,VV-VITA-277,36,301.86,464.4
2025-12-18,VV-VITA-286,1,21.9,21.9
2025-12-18,VV-VITA-287,2,39.8,39.8
2025-12-18,VV-VITA-295,1,20.9,20.9
2025-12-18,VV-VITA-298,15,223.28,343.5
2025-12-18,VV-VITA-311,1,20.35,20.35
2025-12-18,VV-VITA-316,6,77.61,119.4
2025-12-18,VV-VITA-317,3,38.81,59.7
2025-12-18,VV-VITA-318,3,36.86,56.7
2025-12-18,VV-VITA-320,5,101.32,103.22
2025-12-18,VV-VITA-326,3,48.56,74.7
2025-12-18,VV-VITA-329,2,39.8,39.8
2025-12-18,VV-VITA-331,6,77.61,119.4
2025-12-18,VV-VITA-336,4,55.17,77.86
2025-12-18,VV-VITA-341,6,62.01,95.4
2025-12-18,VV-VITA-342,11,164.47,233.45
2025-12-18,VV-VITA-343,3,38.81,59.7
2025-12-18,VV-VITA-354,4,64.61,87.6
2025-12-18,VV-VITA-355,0,0.66,23.56
2025-12-18,VV-VITA-357,1,18.9,18.9
2025-12-18,VV-VITA-363,9,98.87,152.1
2025-12-18,VV-VITA-364,1,24.09,43.8
2025-12-18,VV-VITA-366,3,29.06,44.7
2025-12-18,VV-VITA-369,3,34.91,53.7
2025-12-18,VV-VITA-371,4,41.34,63.6
2025-12-18,VV-VITA-372,1,18.9,18.9
2025-12-18,VV-VITA-379,1,16.11,17.9
2025-12-18,VV-VITA-386,3,42.71,65.7
2025-12-18,VV-VITA-387,-1,-23.31,0
2025-12-18,VV-VITA-389,3,61.35,68.15
2025-12-18,VV-VITA-39,15,223.28,343.5
2025-12-18,VV-VITA-391,6,77.61,119.4
2025-12-18,VV-VITA-395,1,18.9,18.9
2025-12-18,VV-VITA-403,4,58.71,79.6
2025-12-18,VV-VITA-49,-1,-18.9,0
2025-12-18,VV-VITA-50,12,155.22,238.8
2025-12-18,VV-VITA-57-V,3,101.7,113
2025-12-18,VV-VITA-57-V2,6,93.21,143.4
2025-12-18,VV-VITA-63,6,89.31,137.4
2025-12-18,VV-VITA-86,1,12.94,19.9
2025-12-18,VV-VITA-88,1,25.45,25.45
2025-12-18,VV-VITA-93,15,164.78,253.5
2025-12-18,VV-VITA-94,6,101.01,155.4
2025-12-19,,10,0.58,204.61
2025-12-19,BJ-E223-8EKW,-1,-28.9,0
2025-12-19,NX-CVPF-VCEZ,3,66.28,73.64
2025-12-19,TU-QNYD-JRRX,1,18.9,18.9
2025-12-19,VV-VITA-109,2,34.02,37.8
2025-12-19,VV-VITA-124,1,23.55,23.55
2025-12-19,VV-VITA-127,1,24.9,24.9
2025-12-19,VV-VITA-129,2,37.8,37.8
2025-12-19,VV-VITA-153,2,39.81,39.81
2025-12-19,VV-VITA-155,1,22.72,22.72
2025-12-19,VV-VITA-159,1,20.45,22.71
2025-12-19,VV-VITA-183,1,26.81,26.81
2025-12-19,VV-VITA-208,2,39.8,39.8
2025-12-19,VV-VITA-216,2,42.46,44.45
2025-12-19,VV-VITA-223,8,183.3,192.86
2025-12-19,VV-VITA-224,4,71.64,79.6
2025-12-19,VV-VITA-228,0,-2.29,22.9
2025-12-19,VV-VITA-250,1,17.9,17.9
2025-12-19,VV-VITA-257,1,21.71,21.71
2025-12-19,VV-VITA-287,2,40.3,40.3
2025-12-19,VV-VITA-298,1,23.63,23.63
2025-12-19,VV-VITA-301,1,20.38,20.38
2025-12-19,VV-VITA-318,1,18.9,18.9
2025-12-19,VV-VITA-320,5,119.24,119.24
2025-12-19,VV-VITA-329,2,35.04,38.16
2025-12-19,VV-VITA-344,2,47.31,49.8
2025-12-19,VV-VITA-355,1,19.57,19.57
2025-12-19,VV-VITA-356,1,17.9,17.9
2025-12-19,VV-VITA-364,1,20.35,20.35
2025-12-19,VV-VITA-367,2,32.22,35.8
2025-12-19,VV-VITA-375,1,19.99,19.99
2025-12-19,VV-VITA-385,1,19.99,19.99
2025-12-19,VV-VITA-395,1,18.9,18.9
2025-12-19,VV-VITA-403,1,19.9,19.9
2025-12-19,VV-VITA-49,1,17.01,18.9
2025-12-20,,10,166.71,182.02
2025-12-20,BJ-E223-8EKW,1,25.76,25.76
2025-12-20,TU-QNYD-JRRX,2,34.53,34.53
2025-12-20,VV-VITA-106,1,17.74,18.61
2025-12-20,VV-VITA-121,1,17.1,17.1
2025-12-20,VV-VITA-122,1,18.81,18.81
2025-12-20,VV-VITA-124,1,23.55,23.55
2025-12-20,VV-VITA-127,3,67.23,74.7
2025-12-20,VV-VITA-142,1,19.08,23.62
2025-12-20,VV-VITA-153,1,18.72,19.91
2025-12-20,VV-VITA-155,4,75.07,83.41
2025-12-20,VV-VITA-157,20,300.8,300.8
2025-12-20,VV-VITA-171,2,55.8,55.8
2025-12-20,VV-VITA-173,2,32.56,36.17
2025-12-20,VV-VITA-183,1,22.08,24.53
2025-12-20,VV-VITA-186,1,22.15,24.45
2025-12-20,VV-VITA-199,1,16.35,18.16
2025-12-20,VV-VITA-202,1,16.35,18.16
2025-12-20,VV-VITA-216,1,19.9,19.9
2025-12-20,VV-VITA-223,3,57.39,60.59
2025-12-20,VV-VITA-231,2,54.16,54.16
2025-12-20,VV-VITA-248,2,46.64,49.08
2025-12-20,VV-VITA-257,3,61.35,68.15
2025-12-20,VV-VITA-259,1,20.9,25.44
2025-12-20,VV-VITA-276,2,49.8,49.8
2025-12-20,VV-VITA-287,1,19.9,19.9
2025-12-20,VV-VITA-301,2,35.82,39.8
2025-12-20,VV-VITA-308,1,21.26,23.62
2025-12-20,VV-VITA-320,5,83.98,90.07
2025-12-20,VV-VITA-329,1,17.18,17.18
2025-12-20,VV-VITA-338,1,19.81,19.81
2025-12-20,VV-VITA-339,1,22.64,22.64
2025-12-20,VV-VITA-341,7,114.31,117.49
2025-12-20,VV-VITA-351,1,16.28,18.08
2025-12-20,VV-VITA-355,4,78.17,85.39
2025-12-20,VV-VITA-356,1,17.9,17.9
2025-12-20,VV-VITA-359,1,14.65,15.36
2025-12-20,VV-VITA-361,1,16.36,18.16
2025-12-20,VV-VITA-364,4,76.09,82.12
2025-12-20,VV-VITA-367,1,16.35,18.16
2025-12-20,VV-VITA-369,1,16.35,18.16
2025-12-20,VV-VITA-375,1,15.45,15.45
2025-12-20,VV-VITA-377,5,76.9,76.9
2025-12-20,VV-VITA-382,1,18.9,18.9
2025-12-20,VV-VITA-391,1,24.54,24.54
2025-12-20,VV-VITA-46,2,35.4,36.16
2025-12-20,VV-VITA-63,1,17.74,18.61
2025-12-21,,6,88.43,89.82
2025-12-21,VV-VITA-119,1,18.17,18.17
2025-12-21,VV-VITA-121,2,42.66,42.66
2025-12-21,VV-VITA-124,1,23.55,23.55
2025-12-21,VV-VITA-127,2,49.8,49.8
2025-12-21,VV-VITA-153,4,77.64,79.63
2025-12-21,VV-VITA-155,1,20.9,20.9
2025-12-21,VV-VITA-158,1,28.71,28.71
2025-12-21,VV-VITA-159,3,70.8,70.8
2025-12-21,VV-VITA-173,2,39.8,39.8
2025-12-21,VV-VITA-183,3,70.8,70.8
2025-12-21,VV-VITA-199,3,61.23,61.23
2025-12-21,VV-VITA-203,1,19.9,19.9
2025-12-21,VV-VITA-223,3,59.14,65.7
2025-12-21,VV-VITA-224,2,38.67,40.66
2025-12-21,VV-VITA-230,1,21.81,21.81
2025-12-21,VV-VITA-231,2,48.42,53.8
2025-12-21,VV-VITA-243,1,21.26,23.62
2025-12-21,VV-VITA-248,1,24.55,24.55
2025-12-21,VV-VITA-249,1,21.27,23.62
2025-12-21,VV-VITA-258,1,17.01,18.9
2025-12-21,VV-VITA-276,1,22.23,22.23
2025-12-21,VV-VITA-277,2,31.07,32.7
2025-12-21,VV-VITA-287,2,37.98,39.97
2025-12-21,VV-VITA-304,1,16.35,16.35
2025-12-21,VV-VITA-31,3,54.52,54.52
2025-12-21,VV-VITA-311,3,54.52,54.52
2025-12-21,VV-VITA-317,2,40.8,40.8
2025-12-21,VV-VITA-319,2,35.82,39.8
2025-12-21,VV-VITA-320,3,60.47,65.05
2025-12-21,VV-VITA-329,3,57.24,57.24
2025-12-21,VV-VITA-337,1,23.55,23.55
2025-12-21,VV-VITA-339,2,38.89,38.89
2025-12-21,VV-VITA-341,1,17.26,17.26
2025-12-21,VV-VITA-342,1,18.17,18.17
2025-12-21,VV-VITA-354,2,45.1,45.1
2025-12-21,VV-VITA-355,1,22.72,22.72
2025-12-21,VV-VITA-361,2,36.35,36.35
2025-12-21,VV-VITA-364,3,65.7,65.7
2025-12-21,VV-VITA-365,1,14.9,14.9
2025-12-21,VV-VITA-366,1,13.41,14.9
2025-12-21,VV-VITA-367,1,21.73,21.73
2025-12-21,VV-VITA-372,1,17.01,18.9
2025-12-21,VV-VITA-375,1,15.21,15.21
2025-12-21,VV-VITA-377,3,44.7,44.7
2025-12-21,VV-VITA-380,1,15.54,17.26
2025-12-21,VV-VITA-403,1,24.54,24.54
2025-12-21,VV-VITA-57-V2,1,22.72,22.72
2025-12-21,VV-VITA-94,1,23.72,26.35
2025-12-22,,3,50.68,61.98
2025-12-22,NX-CVPF-VCEZ,1,18.81,20.9
2025-12-22,TU-QNYD-JRRX,50,614.25,945
2025-12-22,VV-VITA-02,1,18.26,18.26
2025-12-22,VV-VITA-104,1,19.99,19.99
2025-12-22,VV-VITA-155,1,22.72,22.72
2025-12-22,VV-VITA-158,2,57.35,57.35
2025-12-22,VV-VITA-159,4,86.33,90.87
2025-12-22,VV-VITA-168,2,43.02,47.8
2025-12-22,VV-VITA-190,3,61.23,61.23
2025-12-22,VV-VITA-199,1,18.09,18.09
2025-12-22,VV-VITA-207,1,19.9,19.9
2025-12-22,VV-VITA-223,2,44.3,48.45
2025-12-22,VV-VITA-224,1,17.91,19.9
2025-12-22,VV-VITA-231,2,54.53,54.53
2025-12-22,VV-VITA-243,3,64.62,64.62
2025-12-22,VV-VITA-249,1,24.71,24.71
2025-12-22,VV-VITA-252,2,47.25,47.25
2025-12-22,VV-VITA-257,2,39.07,43.41
2025-12-22,VV-VITA-276,3,61.12,67.91
2025-12-22,VV-VITA-287,1,19.99,19.99
2025-12-22,VV-VITA-298,2,47.26,47.26
2025-12-22,VV-VITA-301,3,57.31,58.66
2025-12-22,VV-VITA-304,1,16.35,16.35
2025-12-22,VV-VITA-31,2,43.8,43.8
2025-12-22,VV-VITA-311,2,36.94,36.94
2025-12-22,VV-VITA-313,2,37.8,37.8
2025-12-22,VV-VITA-320,2,45.98,45.98
2025-12-22,VV-VITA-329,4,76.33,76.33
2025-12-22,VV-VITA-336,1,19.9,19.9
2025-12-22,VV-VITA-339,3,58.88,58.88
2025-12-22,VV-VITA-341,1,15.9,15.9
2025-12-22,VV-VITA-342,2,40.74,44.55
2025-12-22,VV-VITA-351,1,19.99,19.99
2025-12-22,VV-VITA-359,-3,-51.38,58.02
2025-12-22,VV-VITA-363,2,36.52,36.52
2025-12-22,VV-VITA-364,13,244.48,271.63
2025-12-22,VV-VITA-377,3,44.7,44.7
2025-12-22,VV-VITA-379,4,67.41,72.78
2025-12-22,VV-VITA-38,3,54.56,54.56
2025-12-22,VV-VITA-389,1,27.39,27.39
2025-12-22,VV-VITA-393,1,18.81,20.9
2025-12-22,VV-VITA-394,1,18.81,20.9
2025-12-22,VV-VITA-395,1,17.01,18.9
2025-12-22,VV-VITA-403,1,17.91,19.9
2025-12-22,VV-VITA-50,3,60.7,60.7
2025-12-23,,8,120.87,145.64
2025-12-23,BJ-E223-8EKW,1,24.9,24.9
2025-12-23,CW-KVIN-V39Y,6,81.51,125.4
2025-12-23,TU-QNYD-JRRX,13,164.68,244.06
2025-12-23,VI-ZU99-SZ0B,3,34.91,53.7
2025-12-23,VV-VITA-107,36,442.26,680.4
2025-12-23,VV-VITA-116,1,16.11,17.9
2025-12-23,VV-VITA-127,3,48.56,74.7
2025-12-23,VV-VITA-142,16,297.6,411.75
2025-12-23,VV-VITA-146,10,136.32,199
2025-12-23,VV-VITA-155,9,140.3,184.19
2025-12-23,VV-VITA-159,1,9.77,74.52
2025-12-23,VV-VITA-170,1,17.01,18.9
2025-12-23,VV-VITA-173,12,169.86,233.44
2025-12-23,VV-VITA-186,1,25.9,25.9
2025-12-23,VV-VITA-188,1,14.55,14.55
2025-12-23,VV-VITA-198,1,19.9,19.9
2025-12-23,VV-VITA-199,1,17.91,19.9
2025-12-23,VV-VITA-203,1,20.42,20.42
2025-12-23,VV-VITA-206,10,144.35,144.35
2025-12-23,VV-VITA-208,20,320.97,320.97
2025-12-23,VV-VITA-223,2,43.02,47.8
2025-12-23,VV-VITA-224,1,19.87,20.89
2025-12-23,VV-VITA-225,1,21.19,23.54
2025-12-23,VV-VITA-231,1,27.26,27.26
2025-12-23,VV-VITA-237,2,36.51,36.51
2025-12-23,VV-VITA-243,1,15.77,17.52
2025-12-23,VV-VITA-248,1,24.54,24.54
2025-12-23,VV-VITA-252,3,44.66,68.7
2025-12-23,VV-VITA-258,2,39.98,39.98
2025-12-23,VV-VITA-284,1,19.43,19.43
2025-12-23,VV-VITA-287,2,25.87,39.8
2025-12-23,VV-VITA-297,2,25.87,39.8
2025-12-23,VV-VITA-301,2,36.83,37.68
2025-12-23,VV-VITA-304,2,32.71,32.71
2025-12-23,VV-VITA-31,2,43.8,43.8
2025-12-23,VV-VITA-310,1,24.9,24.9
2025-12-23,VV-VITA-311,2,34.35,34.35
2025-12-23,VV-VITA-313,1,15.37,15.37
2025-12-23,VV-VITA-317,2,38.16,38.16
2025-12-23,VV-VITA-318,1,17.01,18.9
2025-12-23,VV-VITA-319,1,19.08,19.08
2025-12-23,VV-VITA-320,2,38.16,38.16
2025-12-23,VV-VITA-329,5,94.23,96.22
2025-12-23,VV-VITA-331,7,107.77,128.66
2025-12-23,VV-VITA-336,3,38.81,59.7
2025-12-23,VV-VITA-341,6,62.01,95.4
2025-12-23,VV-VITA-342,10,147.83,219
2025-12-23,VV-VITA-344,0,3.37,25.78
2025-12-23,VV-VITA-352,3,44.66,68.7
2025-12-23,VV-VITA-354,4,64.61,87.6
2025-12-23,VV-VITA-356,3,46.91,53.7
2025-12-23,VV-VITA-357,1,19.34,19.34
2025-12-23,VV-VITA-361,2,33.8,33.8
2025-12-23,VV-VITA-364,7,107.31,153.3
2025-12-23,VV-VITA-366,4,43.74,60.14
2025-12-23,VV-VITA-368,2,32.82,32.82
2025-12-23,VV-VITA-369,2,23.27,35.8
2025-12-23,VV-VITA-371,4,65.97,67.24
2025-12-23,VV-VITA-375,1,19,19.99
2025-12-23,VV-VITA-377,1,16.1,16.1
2025-12-23,VV-VITA-379,1,19.08,19.08
2025-12-23,VV-VITA-385,2,21.97,33.8
2025-12-23,VV-VITA-395,1,13.61,15.12
2025-12-23,VV-VITA-46,11,168.66,224.38
2025-12-23,VV-VITA-50,2,39.8,39.8
2025-12-23,VV-VITA-93,11,120.84,185.9
2025-12-23,VV-VITA-94,1,25.9,25.9
2025-12-24,,2,29.31,30.75
2025-12-24,CW-KVIN-V39Y,1,21.48,21.48
2025-12-24,VV-VITA-02,1,18.17,18.17
2025-12-24,VV-VITA-124,1,21.19,23.54
2025-12-24,VV-VITA-153,1,18.22,18.22
2025-12-24,VV-VITA-173,9,184.09,184.09
2025-12-24,VV-VITA-203,1,18.22,18.22
2025-12-24,VV-VITA-223,2,45.6,45.6
2025-12-24,VV-VITA-230,1,21.81,21.81
2025-12-24,VV-VITA-247,4,75.41,81.46
2025-12-24,VV-VITA-252,4,94.5,94.5
2025-12-24,VV-VITA-264,2,53.82,53.82
2025-12-24,VV-VITA-276,2,49.8,49.8
2025-12-24,VV-VITA-301,1,19.9,19.9
2025-12-24,VV-VITA-308,2,45.27,45.27
2025-12-24,VV-VITA-311,3,49.09,54.54
2025-12-24,VV-VITA-320,2,45.17,47.06
2025-12-24,VV-VITA-329,5,90.86,95.4
2025-12-24,VV-VITA-342,1,18.17,18.17
2025-12-24,VV-VITA-358,1,20.45,22.72
2025-12-24,VV-VITA-367,1,18.3,18.3
2025-12-24,VV-VITA-368,1,18.26,18.26
2025-12-24,VV-VITA-38,1,12.26,13.62
2025-12-24,VV-VITA-383,1,16.35,18.16
2025-12-24,VV-VITA-386,1,22.55,22.55
2025-12-24,VV-VITA-395,1,16.28,18.08
2025-12-25,,1,22.64,22.64
2025-12-25,BJ-E223-8EKW,1,25.86,25.86
2025-12-25,CP-DQMG-RVN9,3,61.07,67.86
2025-12-25,VV-VITA-101,1,25.9,25.9
2025-12-25,VV-VITA-119,1,19.91,19.91
2025-12-25,VV-VITA-151,2,44.05,47.24
2025-12-25,VV-VITA-153,1,18.56,19.9
2025-12-25,VV-VITA-155,1,20.9,20.9
2025-12-25,VV-VITA-158,1,25.45,25.45
2025-12-25,VV-VITA-203,1,19.9,19.9
2025-12-25,VV-VITA-208,1,14.9,19.9
2025-12-25,VV-VITA-215,2,34.02,37.8
2025-12-25,VV-VITA-223,2,48.68,48.68
2025-12-25,VV-VITA-230,1,21.81,21.81
2025-12-25,VV-VITA-259,2,46.35,51.35
2025-12-25,VV-VITA-303,1,19.9,19.9
2025-12-25,VV-VITA-311,1,19.9,19.9
2025-12-25,VV-VITA-317,1,18.09,18.09
2025-12-25,VV-VITA-320,1,26.9,26.9
2025-12-25,VV-VITA-329,2,37.17,37.17
2025-12-25,VV-VITA-338,2,40.94,40.94
2025-12-25,VV-VITA-344,2,49.8,49.8
2025-12-25,VV-VITA-352,1,20.61,22.9
2025-12-25,VV-VITA-361,1,15.36,15.36
2025-12-25,VV-VITA-364,2,43.8,43.8
2025-12-25,VV-VITA-371,1,15.9,15.9
2025-12-25,VV-VITA-372,1,19.4,19.4
2025-12-25,VV-VITA-375,1,15.21,16.9
2025-12-25,VV-VITA-38,1,17.18,17.18
2025-12-25,VV-VITA-46,2,39.8,39.8
2025-12-25,VV-VITA-94,1,26.35,26.35
2025-12-26,,3,45.62,45.62
2025-12-26,NX-CVPF-VCEZ,2,43.62,43.62
2025-12-26,VV-VITA-116,1,17.9,17.9
2025-12-26,VV-VITA-122,1,20.4,20.9
2025-12-26,VV-VITA-151,1,23.05,23.62
2025-12-26,VV-VITA-158,4,63.8,127.6
2025-12-26,VV-VITA-190,1,20.44,20.44
2025-12-26,VV-VITA-203,3,55.12,55.12
2025-12-26,VV-VITA-207,4,79.6,79.6
2025-12-26,VV-VITA-208,1,19.9,19.9
2025-12-26,VV-VITA-230,1,24.43,24.43
2025-12-26,VV-VITA-247,3,62.45,62.45
2025-12-26,VV-VITA-257,1,26.9,26.9
2025-12-26,VV-VITA-304,1,16.35,16.35
2025-12-26,VV-VITA-311,5,90.48,90.9
2025-12-26,VV-VITA-320,3,61.94,62.39
2025-12-26,VV-VITA-329,1,18.63,19.08
2025-12-26,VV-VITA-338,2,37.9,37.9
2025-12-26,VV-VITA-339,3,54.27,54.27
2025-12-26,VV-VITA-351,2,39.98,39.98
2025-12-26,VV-VITA-352,1,22.9,22.9
2025-12-26,VV-VITA-355,5,112.16,112.69
2025-12-26,VV-VITA-372,1,18.9,18.9
2025-12-26,VV-VITA-391,1,23.95,24.54
2025-12-26,VV-VITA-395,1,17.01,18.9
2025-12-26,VV-VITA-403,2,35.82,39.8
2025-12-26,VV-VITA-50,2,40.79,41.79
2025-12-26,VV-VITA-63,7,142.25,142.25
2025-12-26,VV-VITA-94,1,26.35,26.35
2025-12-27,,5,83.27,85.45
2025-12-27,BJ-E223-8EKW,2,49.8,49.8
2025-12-27,TU-QNYD-JRRX,1,17.26,17.26
2025-12-27,VV-VITA-102,1,16.35,18.16
2025-12-27,VV-VITA-116,1,19.81,19.81
2025-12-27,VV-VITA-119,1,17.91,17.91
2025-12-27,VV-VITA-124,1,24.45,24.45
2025-12-27,VV-VITA-146,2,36.26,38.06
2025-12-27,VV-VITA-153,3,58.48,58.48
2025-12-27,VV-VITA-155,2,44.5,44.5
2025-12-27,VV-VITA-158,1,31.9,31.9
2025-12-27,VV-VITA-165,1,27.18,27.18
2025-12-27,VV-VITA-173,2,33.15,36.17
2025-12-27,VV-VITA-197,1,24.9,24.9
2025-12-27,VV-VITA-199,1,16.57,18.08
2025-12-27,VV-VITA-203,4,72.71,77.86
2025-12-27,VV-VITA-208,5,94.5,99.5
2025-12-27,VV-VITA-230,1,21.73,21.73
2025-12-27,VV-VITA-237,1,19.9,19.9
2025-12-27,VV-VITA-247,4,70.58,80.53
2025-12-27,VV-VITA-250,2,34.35,38.14
2025-12-27,VV-VITA-262,3,44.78,59.7
2025-12-27,VV-VITA-286,3,65.7,65.7
2025-12-27,VV-VITA-287,3,59.7,59.7
2025-12-27,VV-VITA-298,1,22.9,22.9
2025-12-27,VV-VITA-301,1,19.9,19.9
2025-12-27,VV-VITA-308,1,25.9,25.9
2025-12-27,VV-VITA-31,3,67.8,67.8
2025-12-27,VV-VITA-311,2,39,40.66
2025-12-27,VV-VITA-320,2,44.08,45.97
2025-12-27,VV-VITA-329,2,39.84,39.84
2025-12-27,VV-VITA-341,1,15.9,15.9
2025-12-27,VV-VITA-342,1,21.9,21.9
2025-12-27,VV-VITA-345,1,18.82,20.9
2025-12-27,VV-VITA-352,3,67.06,71.96
2025-12-27,VV-VITA-354,1,21.26,23.62
2025-12-27,VV-VITA-355,7,151.17,164.89
2025-12-27,VV-VITA-364,2,41.07,43.43
2025-12-27,VV-VITA-377,2,36.35,36.35
2025-12-27,VV-VITA-378,1,12.9,12.9
2025-12-27,VV-VITA-38,1,15.07,15.07
2025-12-27,VV-VITA-380,4,50.6,55.6
2025-12-27,VV-VITA-395,1,22.65,22.65
2025-12-27,VV-VITA-46,2,39.98,39.98
2025-12-27,VV-VITA-49,1,19.37,19.37
2025-12-27,VV-VITA-50,1,19.81,19.81
2025-12-27,VV-VITA-63,1,22.65,22.65
2025-12-27,VV-VITA-90,1,19.91,19.91
2025-12-27,VV-VITA-94,4,77.7,103.6
2025-12-28,,8,140.02,140.02
2025-12-28,BJ-E223-8EKW,2,49.8,49.8
2025-12-28,TU-QNYD-JRRX,5,94,94
2025-12-28,VV-VITA-101,1,25.9,25.9
2025-12-28,VV-VITA-119,1,18.17,18.17
2025-12-28,VV-VITA-122,1,20.9,20.9
2025-12-28,VV-VITA-136,1,21.71,21.71
2025-12-28,VV-VITA-153,1,19.91,19.91
2025-12-28,VV-VITA-155,2,45.44,45.44
2025-12-28,VV-VITA-168,1,19.43,19.43
2025-12-28,VV-VITA-170,1,18.9,18.9
2025-12-28,VV-VITA-198,1,18.17,18.17
2025-12-28,VV-VITA-208,3,59.7,59.7
2025-12-28,VV-VITA-276,3,70.12,75.29
2025-12-28,VV-VITA-298,1,22.9,22.9
2025-12-28,VV-VITA-301,2,39.32,39.32
2025-12-28,VV-VITA-304,3,39.43,43.81
2025-12-28,VV-VITA-307,1,14.42,16.02
2025-12-28,VV-VITA-310,2,43.41,43.41
2025-12-28,VV-VITA-311,3,55.03,57.1
2025-12-28,VV-VITA-313,1,19.99,19.99
2025-12-28,VV-VITA-320,1,19.08,19.08
2025-12-28,VV-VITA-336,3,59.7,59.7
2025-12-28,VV-VITA-338,1,20.46,20.46
2025-12-28,VV-VITA-339,1,14.54,19.08
2025-12-28,VV-VITA-344,1,24.9,24.9
2025-12-28,VV-VITA-345,1,24.9,24.9
2025-12-28,VV-VITA-352,4,90.61,95.31
2025-12-28,VV-VITA-354,2,39.42,43.8
2025-12-28,VV-VITA-356,2,35.73,37.71
2025-12-28,VV-VITA-361,1,18.63,18.63
2025-12-28,VV-VITA-364,2,40.98,45.52
2025-12-28,VV-VITA-366,1,14.9,14.9
2025-12-28,VV-VITA-367,1,17.9,17.9
2025-12-28,VV-VITA-372,3,57.29,57.29
2025-12-28,VV-VITA-373,2,34.53,34.53
2025-12-28,VV-VITA-376,3,49.89,49.89
2025-12-28,VV-VITA-377,3,48.06,48.06
2025-12-28,VV-VITA-378,1,12.9,12.9
2025-12-28,VV-VITA-387,1,28.55,28.55
2025-12-28,VV-VITA-46,1,19.99,19.99
2025-12-28,VV-VITA-50,4,80.6,80.6
2025-12-28,VV-VITA-57-V2,1,26.35,26.35
2025-12-28,VV-VITA-94,1,26.1,29
2025-12-29,,14,232.33,277.49
2025-12-29,BJ-E223-8EKW,1,24.9,24.9
2025-12-29,CW-KVIN-V39Y,2,54.36,54.36
2025-12-29,VV-VITA-106,5,114.5,114.5
2025-12-29,VV-VITA-124,1,21.95,23.54
2025-12-29,VV-VITA-146,1,16.36,18.16
2025-12-29,VV-VITA-153,-1,-17.93,0
2025-12-29,VV-VITA-158,1,33.35,33.35
2025-12-29,VV-VITA-171,2,55.8,55.8
2025-12-29,VV-VITA-173,1,20.76,20.76
2025-12-29,VV-VITA-186,1,22.9,25.44
2025-12-29,VV-VITA-188,2,35.8,35.8
2025-12-29,VV-VITA-203,1,19.9,19.9
2025-12-29,VV-VITA-204,1,19.36,19.36
2025-12-29,VV-VITA-207,4,83.03,83.03
2025-12-29,VV-VITA-215,3,56.7,56.7
2025-12-29,VV-VITA-248,1,21.9,21.9
2025-12-29,VV-VITA-259,2,49.1,49.1
2025-12-29,VV-VITA-287,1,18.09,18.09
2025-12-29,VV-VITA-311,1,20.76,20.76
2025-12-29,VV-VITA-313,1,19.36,19.36
2025-12-29,VV-VITA-320,0,2.38,21.72
2025-12-29,VV-VITA-329,1,17.91,19.9
2025-12-29,VV-VITA-339,1,19.81,19.81
2025-12-29,VV-VITA-351,1,18.64,19.99
2025-12-29,VV-VITA-352,4,94.54,94.54
2025-12-29,VV-VITA-355,2,49.1,49.1
2025-12-29,VV-VITA-361,2,34,35.9
2025-12-29,VV-VITA-364,4,78.07,88.95
2025-12-29,VV-VITA-366,1,9,13.54
2025-12-29,VV-VITA-367,1,21.73,21.73
2025-12-29,VV-VITA-377,1,11.73,11.73
2025-12-29,VV-VITA-38,3,52.11,55.89
2025-12-29,VV-VITA-395,1,18.9,18.9
2025-12-29,VV-VITA-403,1,19.9,19.9
2025-12-29,VV-VITA-94,3,77.9,83.56
2025-12-30,,14,233.19,255.41
2025-12-30,NX-CVPF-VCEZ,4,83.6,83.6
2025-12-30,VV-VITA-101,2,53.76,53.76
2025-12-30,VV-VITA-104,1,19.99,19.99
2025-12-30,VV-VITA-105,1,19.81,19.81
2025-12-30,VV-VITA-106,2,38.19,43.91
2025-12-30,VV-VITA-109,1,16.05,16.05
2025-12-30,VV-VITA-111,2,25.87,39.8
2025-12-30,VV-VITA-116,1,13.43,17.9
2025-12-30,VV-VITA-121,3,43.26,63.52
2025-12-30,VV-VITA-122,2,29.77,45.8
2025-12-30,VV-VITA-124,1,23.55,23.55
2025-12-30,VV-VITA-142,1,24.43,24.43
2025-12-30,VV-VITA-146,1,16.36,18.16
2025-12-30,VV-VITA-151,3,74.27,74.27
2025-12-30,VV-VITA-153,4,74.2,78.68
2025-12-30,VV-VITA-189,1,16.43,21.9
2025-12-30,VV-VITA-203,4,74.73,79.21
2025-12-30,VV-VITA-208,12,214.92,238.8
2025-12-30,VV-VITA-237,1,19.9,19.9
2025-12-30,VV-VITA-252,3,46.67,71.79
2025-12-30,VV-VITA-262,1,16.9,25.99
2025-12-30,VV-VITA-276,2,32.37,49.8
2025-12-30,VV-VITA-277,4,55.94,55.94
2025-12-30,VV-VITA-297,1,15.6,23.99
2025-12-30,VV-VITA-298,2,29.77,45.8
2025-12-30,VV-VITA-301,1,16.31,17.26
2025-12-30,VV-VITA-303,1,16.89,16.89
2025-12-30,VV-VITA-310,2,46.71,46.71
2025-12-30,VV-VITA-316,1,19.81,19.81
2025-12-30,VV-VITA-317,10,136.44,209.9
2025-12-30,VV-VITA-320,3,73.93,73.93
2025-12-30,VV-VITA-329,2,34.35,38.16
2025-12-30,VV-VITA-341,1,15.9,15.9
2025-12-30,VV-VITA-342,1,22.57,22.57
2025-12-30,VV-VITA-344,1,22.33,23.63
2025-12-30,VV-VITA-352,1,17.18,22.9
2025-12-30,VV-VITA-354,1,23.63,23.63
2025-12-30,VV-VITA-355,4,64.98,99.96
2025-12-30,VV-VITA-361,3,45.63,50.7
2025-12-30,VV-VITA-366,3,50.9,50.9
2025-12-30,VV-VITA-367,1,18.17,18.17
2025-12-30,VV-VITA-375,1,11.4,15.2
2025-12-30,VV-VITA-377,1,12.66,12.66
2025-12-30,VV-VITA-383,1,17.9,17.9
2025-12-30,VV-VITA-389,3,68.16,68.16
2025-12-30,VV-VITA-394,1,16.9,25.99
2025-12-30,VV-VITA-395,1,20.9,20.9
2025-12-30,VV-VITA-49,2,37.8,38.89
2025-12-30,VV-VITA-93,1,16.9,16.9
2025-12-31,,7,134.96,142.58
2025-12-31,BJ-E223-8EKW,1,25.45,25.45
2025-12-31,VV-VITA-101,1,21.99,24.43
2025-12-31,VV-VITA-119,1,17.01,18.9
2025-12-31,VV-VITA-127,1,21.14,23.48
2025-12-31,VV-VITA-136,1,16.9,18.77
2025-12-31,VV-VITA-151,1,19.55,21.72
2025-12-31,VV-VITA-173,1,19.9,19.9
2025-12-31,VV-VITA-199,1,16.9,18.77
2025-12-31,VV-VITA-203,1,16.9,18.77
2025-12-31,VV-VITA-208,3,59.7,59.7
2025-12-31,VV-VITA-215,2,36.08,36.08
2025-12-31,VV-VITA-237,2,35.07,35.07
2025-12-31,VV-VITA-248,1,21.9,21.9
2025-12-31,VV-VITA-264,1,23.55,23.55
2025-12-31,VV-VITA-304,1,9.9,14.9
2025-12-31,VV-VITA-320,3,78.25,78.25
2025-12-31,VV-VITA-329,1,16.72,18.09
2025-12-31,VV-VITA-331,1,19.9,19.9
2025-12-31,VV-VITA-338,1,17.91,19.9
2025-12-31,VV-VITA-344,3,72.15,72.15
2025-12-31,VV-VITA-352,1,20.61,22.9
2025-12-31,VV-VITA-355,4,87.56,90.73
2025-12-31,VV-VITA-361,4,59.61,64.52
2025-12-31,VV-VITA-364,1,21.9,21.9
2025-12-31,VV-VITA-374,1,19.9,19.9
2025-12-31,VV-VITA-376,1,13.5,15
2025-12-31,VV-VITA-379,2,32.22,35.8
2025-12-31,VV-VITA-386,1,17.92,19.91
2025-12-31,VV-VITA-389,1,22.72,22.72
2025-12-31,VV-VITA-395,1,17.01,18.9
2025-12-31,VV-VITA-50,1,19.9,19.9
2025-12-31,VV-VITA-94,1,26.35,26.35
2026-01-01,,10,187.22,193.2
2026-01-01,TU-QNYD-JRRX,50,614.25,945
2026-01-01,VI-ZU99-SZ0B,2,33.08,34.87
2026-01-01,VV-VITA-105,3,53.49,59.43
2026-01-01,VV-VITA-106,3,65.43,65.43
2026-01-01,VV-VITA-109,1,18.81,18.81
2026-01-01,VV-VITA-121,1,16.82,18.69
2026-01-01,VV-VITA-129,1,15.07,15.07
2026-01-01,VV-VITA-146,1,16.91,18.17
2026-01-01,VV-VITA-157,1,18.86,18.86
2026-01-01,VV-VITA-170,1,17.18,17.18
2026-01-01,VV-VITA-171,4,111.04,111.04
2026-01-01,VV-VITA-186,1,23.67,25.44
2026-01-01,VV-VITA-203,3,55.73,59.71
2026-01-01,VV-VITA-207,1,20.76,20.76
2026-01-01,VV-VITA-225,2,45.31,45.31
2026-01-01,VV-VITA-247,1,20.82,20.82
2026-01-01,VV-VITA-262,3,70.88,70.88
2026-01-01,VV-VITA-298,1,18.74,20.82
2026-01-01,VV-VITA-303,1,16.35,16.35
2026-01-01,VV-VITA-308,1,21.26,23.62
2026-01-01,VV-VITA-311,1,18.17,18.17
2026-01-01,VV-VITA-317,1,20.41,20.41
2026-01-01,VV-VITA-319,1,17.92,19.91
2026-01-01,VV-VITA-326,3,55.34,57.23
2026-01-01,VV-VITA-339,2,40.18,42.44
2026-01-01,VV-VITA-341,2,30.73,30.73
2026-01-01,VV-VITA-356,1,17.9,17.9
2026-01-01,VV-VITA-357,1,13.01,14.45
2026-01-01,VV-VITA-361,2,36.31,38.19
2026-01-01,VV-VITA-375,1,14.5,16.11
2026-01-01,VV-VITA-377,1,16.35,16.35
2026-01-01,VV-VITA-379,1,14.65,16.27
2026-01-01,VV-VITA-38,1,13.63,13.63
2026-01-01,VV-VITA-380,1,13.9,13.9
2026-01-01,VV-VITA-385,1,17.99,19.98
2026-01-01,VV-VITA-387,1,30.93,30.93
2026-01-01,VV-VITA-395,2,40.24,40.24
2026-01-01,VV-VITA-49,1,19.34,19.34
2026-01-01,VV-VITA-57-V2,1,24.17,24.17
2026-01-02,,6,87.83,92.37
2026-01-02,VV-VITA-109,1,20.9,20.9
2026-01-02,VV-VITA-122,3,67.46,67.46
2026-01-02,VV-VITA-142,9,220.42,230.55
2026-01-02,VV-VITA-151,1,24.74,24.74
2026-01-02,VV-VITA-155,1,20.9,20.9
2026-01-02,VV-VITA-158,4,127.6,127.6
2026-01-02,VV-VITA-171,2,48.93,54.36
2026-01-02,VV-VITA-188,1,17.9,17.9
2026-01-02,VV-VITA-190,1,19.9,19.9
2026-01-02,VV-VITA-202,1,15.9,15.9
2026-01-02,VV-VITA-203,1,19.9,19.9
2026-01-02,VV-VITA-215,1,18.9,18.9
2026-01-02,VV-VITA-224,-1,-17.91,0
2026-01-02,VV-VITA-228,-1,-20.61,0
2026-01-02,VV-VITA-237,2,39.8,39.8
2026-01-02,VV-VITA-262,1,23.63,23.63
2026-01-02,VV-VITA-295,1,20.9,20.9
2026-01-02,VV-VITA-304,2,29.45,32.71
2026-01-02,VV-VITA-310,3,65.12,65.12
2026-01-02,VV-VITA-311,4,71.42,71.42
2026-01-02,VV-VITA-313,1,19.99,19.99
2026-01-02,VV-VITA-317,1,19.9,19.9
2026-01-02,VV-VITA-320,6,132.23,137.94
2026-01-02,VV-VITA-326,1,21.71,21.71
2026-01-02,VV-VITA-329,1,19.9,19.9
2026-01-02,VV-VITA-339,-1,-17.91,0
2026-01-02,VV-VITA-342,1,21.9,21.9
2026-01-02,VV-VITA-344,1,21.26,23.62
2026-01-02,VV-VITA-352,1,17.9,22.9
2026-01-02,VV-VITA-356,2,39.62,39.62
2026-01-02,VV-VITA-359,1,17.99,19.98
2026-01-02,VV-VITA-367,1,21.71,21.71
2026-01-02,VV-VITA-376,1,15.9,15.9
2026-01-02,VV-VITA-379,1,17.9,17.9
2026-01-02,VV-VITA-38,1,19.36,19.36
2026-01-02,VV-VITA-389,1,22.72,22.72
2026-01-02,VV-VITA-39,1,16.36,18.16
2026-01-02,VV-VITA-391,2,39.8,39.8
2026-01-03,,14,226.45,233.44
2026-01-03,BJ-E223-8EKW,2,48.39,48.39
2026-01-03,CW-KVIN-V39Y,1,15.9,20.9
2026-01-03,VV-VITA-119,1,18.9,18.9
2026-01-03,VV-VITA-146,3,53.54,57.16
2026-01-03,VV-VITA-151,1,21.51,23.9
2026-01-03,VV-VITA-158,2,51,51
2026-01-03,VV-VITA-171,1,27.9,27.9
2026-01-03,VV-VITA-197,101,1892.05,2514.55
2026-01-03,VV-VITA-203,2,39.8,39.8
2026-01-03,VV-VITA-207,3,56.05,62.27
2026-01-03,VV-VITA-225,2,33.44,33.44
2026-01-03,VV-VITA-230,2,51.8,51.8
2026-01-03,VV-VITA-237,1,17.91,19.9
2026-01-03,VV-VITA-247,2,39.81,39.81
2026-01-03,VV-VITA-259,2,50.89,50.89
2026-01-03,VV-VITA-264,1,24.54,24.54
2026-01-03,VV-VITA-277,1,12.9,12.9
2026-01-03,VV-VITA-295,2,41.8,41.8
2026-01-03,VV-VITA-301,2,35.82,35.82
2026-01-03,VV-VITA-310,4,82.09,86.82
2026-01-03,VV-VITA-311,1,17.91,19.9
2026-01-03,VV-VITA-313,1,17.18,17.18
2026-01-03,VV-VITA-316,1,17.91,19.9
2026-01-03,VV-VITA-318,1,18.9,18.9
2026-01-03,VV-VITA-319,1,17.92,19.91
2026-01-03,VV-VITA-320,2,39.11,43.45
2026-01-03,VV-VITA-329,3,55.33,57.23
2026-01-03,VV-VITA-342,3,67.35,67.35
2026-01-03,VV-VITA-352,1,22.9,22.9
2026-01-03,VV-VITA-354,2,43.8,43.8
2026-01-03,VV-VITA-361,3,52.56,52.56
2026-01-03,VV-VITA-364,1,21.9,21.9
2026-01-03,VV-VITA-372,1,19,19
2026-01-03,VV-VITA-373,1,13.41,14.9
2026-01-03,VV-VITA-376,3,51.79,51.79
2026-01-03,VV-VITA-49,2,37.8,37.8
2026-01-03,VV-VITA-50,1,18.77,18.77
2026-01-03,VV-VITA-90,1,19.91,19.91
2026-01-03,VV-VITA-94,3,79.06,79.06
2026-01-04,,4,56.84,59.47
2026-01-04,VI-ZU99-SZ0B,1,16.97,16.97
2026-01-04,VV-VITA-106,2,40.8,45.8
2026-01-04,VV-VITA-119,1,18.9,18.9
2026-01-04,VV-VITA-121,2,36.9,39.44
2026-01-04,VV-VITA-136,1,22.72,22.72
2026-01-04,VV-VITA-151,1,21.51,23.9
2026-01-04,VV-VITA-157,1,12.51,13.9
2026-01-04,VV-VITA-166,1,23.63,23.63
2026-01-04,VV-VITA-174,1,20.76,20.76
2026-01-04,VV-VITA-198,1,20.46,20.46
2026-01-04,VV-VITA-203,3,59.72,59.72
2026-01-04,VV-VITA-208,4,73.63,79.6
2026-01-04,VV-VITA-225,1,20.9,20.9
2026-01-04,VV-VITA-230,2,47.63,47.63
2026-01-04,VV-VITA-237,1,18.26,18.26
2026-01-04,VV-VITA-247,1,20.82,20.82
2026-01-04,VV-VITA-250,1,17.9,17.9
2026-01-04,VV-VITA-258,1,18.9,18.9
2026-01-04,VV-VITA-301,1,16.16,17.25
2026-01-04,VV-VITA-31,3,65.7,65.7
2026-01-04,VV-VITA-310,3,73.41,73.41
2026-01-04,VV-VITA-320,1,22.31,24.91
2026-01-04,VV-VITA-329,3,55.87,57.07
2026-01-04,VV-VITA-331,1,15.33,16.35
2026-01-04,VV-VITA-338,1,17.26,17.26
2026-01-04,VV-VITA-339,1,17.87,19.07
2026-01-04,VV-VITA-342,2,39.42,43.8
2026-01-04,VV-VITA-344,2,51.01,56.67
2026-01-04,VV-VITA-352,1,22.9,22.9
2026-01-04,VV-VITA-364,1,23.63,23.63
2026-01-04,VV-VITA-367,1,17.9,17.9
2026-01-04,VV-VITA-368,1,17.9,17.9
2026-01-04,VV-VITA-375,2,30.43,31.47
2026-01-04,VV-VITA-378,2,23.22,25.8
2026-01-04,VV-VITA-394,1,20.9,20.9
2026-01-04,VV-VITA-395,1,18.9,18.9
2026-01-04,VV-VITA-49,1,18.9,18.9
2026-01-04,VV-VITA-63,1,22.65,22.65
2026-01-04,VV-VITA-90,1,17.32,19.34
2026-01-05,,7,120.37,123
2026-01-05,BJ-E223-8EKW,1,24.9,24.9
2026-01-05,NX-CVPF-VCEZ,1,19.91,19.91
2026-01-05,VV-VITA-121,2,42.63,42.63
2026-01-05,VV-VITA-127,2,45.99,48.57
2026-01-05,VV-VITA-142,-2,-53.8,0
2026-01-05,VV-VITA-146,1,21.71,21.71
2026-01-05,VV-VITA-151,1,23.63,23.63
2026-01-05,VV-VITA-153,1,19.91,19.91
2026-01-05,VV-VITA-155,1,20.9,20.9
2026-01-05,VV-VITA-157,2,30.9,30.9
2026-01-05,VV-VITA-158,1,27.08,30.08
2026-01-05,VV-VITA-166,1,19.9,19.9
2026-01-05,VV-VITA-197,2,44.46,44.46
2026-01-05,VV-VITA-199,2,36.18,36.18
2026-01-05,VV-VITA-204,3,56.7,56.7
2026-01-05,VV-VITA-208,3,59.7,59.7
2026-01-05,VV-VITA-224,0,0,19.9
2026-01-05,VV-VITA-230,1,21.24,23.6
2026-01-05,VV-VITA-248,2,39.42,43.8
2026-01-05,VV-VITA-256,-2,-44.89,0
2026-01-05,VV-VITA-262,1,23.63,23.63
2026-01-05,VV-VITA-301,1,16.9,18.77
2026-01-05,VV-VITA-311,1,19.9,19.9
2026-01-05,VV-VITA-320,3,76.64,79.17
2026-01-05,VV-VITA-329,5,93.8,95.67
2026-01-05,VV-VITA-339,1,19.08,19.08
2026-01-05,VV-VITA-341,2,31.08,34.52
2026-01-05,VV-VITA-344,2,47.25,47.25
2026-01-05,VV-VITA-345,1,23.49,23.49
2026-01-05,VV-VITA-346,2,28.83,32.03
2026-01-05,VV-VITA-352,3,60.97,67.74
2026-01-05,VV-VITA-356,3,53.7,53.7
2026-01-05,VV-VITA-364,2,41.02,43.28
2026-01-05,VV-VITA-365,1,12.02,12.02
2026-01-05,VV-VITA-366,1,13.41,14.9
2026-01-05,VV-VITA-372,4,66.25,75.7
2026-01-05,VV-VITA-379,3,53.7,53.7
2026-01-05,VV-VITA-38,2,32.33,35.91
2026-01-05,VV-VITA-389,1,22.72,22.72
2026-01-05,VV-VITA-395,1,17.01,18.9
2026-01-05,VV-VITA-403,3,56.08,56.08
2026-01-05,VV-VITA-49,1,18.9,18.9
2026-01-05,VV-VITA-94,1,28.34,28.34
2026-01-06,,7,114.45,135.12
2026-01-06,BJ-E223-8EKW,2,49.35,49.35
2026-01-06,VV-VITA-107,1,18.9,18.9
2026-01-06,VV-VITA-109,2,28.35,37.8
2026-01-06,VV-VITA-119,1,14.88,14.88
2026-01-06,VV-VITA-122,1,21.56,22.9
2026-01-06,VV-VITA-129,1,18.9,18.9
2026-01-06,VV-VITA-146,3,52.58,54.66
2026-01-06,VV-VITA-151,2,46.4,47.8
2026-01-06,VV-VITA-153,4,59.7,79.6
2026-01-06,VV-VITA-155,2,33.44,33.44
2026-01-06,VV-VITA-158,1,31.9,31.9
2026-01-06,VV-VITA-165,1,24.46,27.17
2026-01-06,VV-VITA-170,3,49.96,49.96
2026-01-06,VV-VITA-173,1,18.17,18.17
2026-01-06,VV-VITA-197,50,933.75,1245
2026-01-06,VV-VITA-198,1,19.9,19.9
2026-01-06,VV-VITA-203,15,223.88,298.5
2026-01-06,VV-VITA-225,1,20.9,20.9
2026-01-06,VV-VITA-230,12,233.1,310.8
2026-01-06,VV-VITA-237,1,18.09,18.09
2026-01-06,VV-VITA-247,4,81.46,81.46
2026-01-06,VV-VITA-248,1,21.9,21.9
2026-01-06,VV-VITA-249,1,23.9,23.9
2026-01-06,VV-VITA-256,2,47.42,47.42
2026-01-06,VV-VITA-276,1,23.65,26.27
2026-01-06,VV-VITA-295,1,20.37,22.63
2026-01-06,VV-VITA-298,1,24.35,47.25
2026-01-06,VV-VITA-304,1,14.9,14.9
2026-01-06,VV-VITA-308,8,155.4,207.2
2026-01-06,VV-VITA-31,1,18.17,18.17
2026-01-06,VV-VITA-311,2,36.35,36.35
2026-01-06,VV-VITA-313,4,73.88,73.88
2026-01-06,VV-VITA-316,1,20.46,20.46
2026-01-06,VV-VITA-317,1,18.09,18.09
2026-01-06,VV-VITA-320,1,24.45,51.35
2026-01-06,VV-VITA-326,3,66.88,71.88
2026-01-06,VV-VITA-329,10,159.05,188.9
2026-01-06,VV-VITA-339,1,14.93,19.9
2026-01-06,VV-VITA-345,3,56.03,74.7
2026-01-06,VV-VITA-352,3,63.83,63.83
2026-01-06,VV-VITA-355,5,103.35,107.89
2026-01-06,VV-VITA-356,4,60.09,73.51
2026-01-06,VV-VITA-361,2,32.82,33.8
2026-01-06,VV-VITA-363,1,16.28,18.08
2026-01-06,VV-VITA-364,2,42.52,43.8
2026-01-06,VV-VITA-367,2,36.07,36.07
2026-01-06,VV-VITA-368,1,19,19
2026-01-06,VV-VITA-377,3,40.64,40.64
2026-01-06,VV-VITA-378,1,12.9,12.9
2026-01-06,VV-VITA-389,3,67.64,67.64
2026-01-06,VV-VITA-394,1,20.9,20.9
2026-01-06,VV-VITA-49,4,61.43,75.6
2026-01-06,VV-VITA-50,1,20.9,20.9
2026-01-06,VV-VITA-57-V,1,38.9,38.9
2026-01-06,VV-VITA-57-V2,1,23.9,23.9
2026-01-06,VV-VITA-93,10,126.75,169
2026-01-06,VV-VITA-94,1,25.9,25.9
2026-01-07,,9,149.41,162.8
2026-01-07,BJ-E223-8EKW,1,22.64,22.64
2026-01-07,CW-KVIN-V39Y,1,20.9,20.9
2026-01-07,VV-VITA-109,2,34.02,34.02
2026-01-07,VV-VITA-119,1,18.17,18.17
2026-01-07,VV-VITA-122,2,35.84,39.82
2026-01-07,VV-VITA-124,1,22.01,24.45
2026-01-07,VV-VITA-142,2,47.98,47.98
2026-01-07,VV-VITA-146,1,19.9,19.9
2026-01-07,VV-VITA-173,3,45.77,59.7
2026-01-07,VV-VITA-199,1,16.02,16.02
2026-01-07,VV-VITA-202,2,34.38,34.38
2026-01-07,VV-VITA-203,2,37.81,37.81
2026-01-07,VV-VITA-223,1,22.01,24.45
2026-01-07,VV-VITA-249,4,85.96,97.41
2026-01-07,VV-VITA-259,10,245.5,245.5
2026-01-07,VV-VITA-276,2,32.37,49.8
2026-01-07,VV-VITA-286,1,21.9,21.9
2026-01-07,VV-VITA-297,1,19.64,21.81
2026-01-07,VV-VITA-298,1,22.9,22.9
2026-01-07,VV-VITA-303,2,35.8,35.8
2026-01-07,VV-VITA-307,1,10.4,15.99
2026-01-07,VV-VITA-310,3,55.78,63.52
2026-01-07,VV-VITA-311,2,38.07,38.07
2026-01-07,VV-VITA-313,2,24.57,37.8
2026-01-07,VV-VITA-316,2,39.62,39.62
2026-01-07,VV-VITA-320,1,17.18,19.07
2026-01-07,VV-VITA-329,1,19.08,19.08
2026-01-07,VV-VITA-339,1,13.65,20.99
2026-01-07,VV-VITA-342,2,35,36.34
2026-01-07,VV-VITA-345,7,150.9,150.9
2026-01-07,VV-VITA-354,2,47.25,47.25
2026-01-07,VV-VITA-356,2,23.39,35.98
2026-01-07,VV-VITA-359,1,19.33,19.33
2026-01-07,VV-VITA-363,1,16.9,16.9
2026-01-07,VV-VITA-364,2,40.81,45.35
2026-01-07,VV-VITA-366,2,27.09,27.09
2026-01-07,VV-VITA-368,1,18.27,18.27
2026-01-07,VV-VITA-371,4,41.34,63.6
2026-01-07,VV-VITA-377,2,26.84,26.84
2026-01-07,VV-VITA-38,1,12.26,13.62
2026-01-07,VV-VITA-380,1,12.35,18.99
2026-01-07,VV-VITA-394,6,81.51,125.4
2026-01-07,VV-VITA-50,4,51.74,79.6
2026-01-07,VV-VITA-63,2,37.85,37.85
2026-01-07,VV-VITA-94,2,54.24,54.24
2026-01-08,,13,187.22,189.39
2026-01-08,VV-VITA-109,1,14.95,22.99
2026-01-08,VV-VITA-116,1,17.9,17.9
2026-01-08,VV-VITA-119,1,13,19.99
2026-01-08,VV-VITA-122,2,33.76,43.89
2026-01-08,VV-VITA-124,2,47.09,47.09
2026-01-08,VV-VITA-142,4,89.86,94.56
2026-01-08,VV-VITA-151,-1,-23.63,0
2026-01-08,VV-VITA-158,1,27.14,29
2026-01-08,VV-VITA-199,1,16.28,18.08
2026-01-08,VV-VITA-202,1,16.02,16.02
2026-01-08,VV-VITA-203,1,13,19.99
2026-01-08,VV-VITA-207,1,19.9,19.9
2026-01-08,VV-VITA-208,4,79.6,79.6
2026-01-08,VV-VITA-237,2,36.18,36.18
2026-01-08,VV-VITA-249,2,33.79,51.98
2026-01-08,VV-VITA-276,2,47.25,47.25
2026-01-08,VV-VITA-277,2,24.21,25.22
2026-01-08,VV-VITA-295,1,19.43,19.43
2026-01-08,VV-VITA-301,1,16.28,18.08
2026-01-08,VV-VITA-304,2,23.39,35.98
2026-01-08,VV-VITA-31,2,43.8,43.8
2026-01-08,VV-VITA-311,2,36.18,36.18
2026-01-08,VV-VITA-313,1,18,19.99
2026-01-08,VV-VITA-320,5,77.45,108.41
2026-01-08,VV-VITA-329,4,77.15,77.15
2026-01-08,VV-VITA-339,2,40.8,40.8
2026-01-08,VV-VITA-342,1,16.35,18.16
2026-01-08,VV-VITA-351,2,39.98,39.98
2026-01-08,VV-VITA-352,5,101.05,110.49
2026-01-08,VV-VITA-355,1,16.25,24.99
2026-01-08,VV-VITA-356,1,18.74,20.82
2026-01-08,VV-VITA-357,1,18.9,18.9
2026-01-08,VV-VITA-361,1,11.98,13.31
2026-01-08,VV-VITA-362,2,28.59,43.98
2026-01-08,VV-VITA-363,1,17.26,17.26
2026-01-08,VV-VITA-364,1,21.9,21.9
2026-01-08,VV-VITA-367,3,49.38,57.99
2026-01-08,VV-VITA-372,2,31.45,32.54
2026-01-08,VV-VITA-376,2,30,30
2026-01-08,VV-VITA-377,1,13.55,13.55
2026-01-08,VV-VITA-379,1,13.65,20.99
2026-01-08,VV-VITA-381,12,189.74,189.74
2026-01-08,VV-VITA-385,1,17.99,19.98
2026-01-08,VV-VITA-39,3,46.75,60.74
2026-01-08,VV-VITA-395,1,15.37,15.37
2026-01-08,VV-VITA-402,1,16.9,25.99
2026-01-08,VV-VITA-50,1,14.95,22.99
2026-01-09,,4,80.42,80.42
2026-01-09,BJ-E223-8EKW,12,273.94,296.07
2026-01-09,VI-ZU99-SZ0B,1,15.54,17.26
2026-01-09,VV-VITA-107,24,453.6,453.6
2026-01-09,VV-VITA-116,1,17.9,17.9
2026-01-09,VV-VITA-121,2,38,38
2026-01-09,VV-VITA-129,3,56.7,56.7
2026-01-09,VV-VITA-142,3,77.7,77.7
2026-01-09,VV-VITA-151,3,73.16,73.16
2026-01-09,VV-VITA-153,2,39.82,39.82
2026-01-09,VV-VITA-155,1,18.81,20.9
2026-01-09,VV-VITA-183,-1,-21.73,0
2026-01-09,VV-VITA-198,1,18.17,18.17
2026-01-09,VV-VITA-202,3,51.54,51.54
2026-01-09,VV-VITA-203,1,19.9,19.9
2026-01-09,VV-VITA-204,1,17.59,18.9
2026-01-09,VV-VITA-215,2,37.8,37.8
2026-01-09,VV-VITA-225,1,18.81,20.9
2026-01-09,VV-VITA-247,2,39.82,39.82
2026-01-09,VV-VITA-249,1,21.51,23.9
2026-01-09,VV-VITA-258,1,17.38,19.31
2026-01-09,VV-VITA-259,1,26.84,26.84
2026-01-09,VV-VITA-277,1,13.96,13.96
2026-01-09,VV-VITA-301,7,134.95,136.66
2026-01-09,VV-VITA-304,5,75.95,75.95
2026-01-09,VV-VITA-308,1,23.63,23.63
2026-01-09,VV-VITA-311,-1,-14.63,0
2026-01-09,VV-VITA-317,1,19.91,19.91
2026-01-09,VV-VITA-318,3,56.7,56.7
2026-01-09,VV-VITA-319,1,18.34,20.38
2026-01-09,VV-VITA-320,1,19.08,19.08
2026-01-09,VV-VITA-329,1,19.9,19.9
2026-01-09,VV-VITA-331,1,19.9,19.9
2026-01-09,VV-VITA-336,13,256.71,258.7
2026-01-09,VV-VITA-341,1,17.26,17.26
2026-01-09,VV-VITA-342,0,-0.04,40.07
2026-01-09,VV-VITA-351,1,17.91,19.9
2026-01-09,VV-VITA-352,1,24.54,24.54
2026-01-09,VV-VITA-354,1,19.71,21.9
2026-01-09,VV-VITA-356,9,161.1,161.1
2026-01-09,VV-VITA-364,2,45.53,45.53
2026-01-09,VV-VITA-367,4,71.87,71.87
2026-01-09,VV-VITA-376,3,44.16,49.06
2026-01-09,VV-VITA-377,3,44.7,44.7
2026-01-09,VV-VITA-378,6,77.4,77.4
2026-01-09,VV-VITA-379,3,50.01,53.7
2026-01-09,VV-VITA-38,1,13.63,13.63
2026-01-09,VV-VITA-381,6,87.91,89.4
2026-01-09,VV-VITA-389,1,24.65,27.38
2026-01-09,VV-VITA-402,3,74.7,74.7
2026-01-09,VV-VITA-49,3,58.98,58.98
2026-01-09,VV-VITA-90,3,59.43,59.43
2026-01-10,,27,460.98,504.22
2026-01-10,VV-VITA-02,2,35.83,35.83
2026-01-10,VV-VITA-119,3,54.15,55.96
2026-01-10,VV-VITA-121,1,18.6,18.6
2026-01-10,VV-VITA-122,3,70.8,70.8
2026-01-10,VV-VITA-142,2,47.09,47.09
2026-01-10,VV-VITA-146,1,16.36,18.16
2026-01-10,VV-VITA-151,1,21.26,23.62
2026-01-10,VV-VITA-153,1,16.9,18.77
2026-01-10,VV-VITA-155,2,39.71,41.8
2026-01-10,VV-VITA-203,2,33.79,37.54
2026-01-10,VV-VITA-237,6,105.52,111.49
2026-01-10,VV-VITA-248,2,34.35,45.8
2026-01-10,VV-VITA-252,2,45.8,45.8
2026-01-10,VV-VITA-298,1,23.6,23.6
2026-01-10,VV-VITA-311,2,31.35,38.16
2026-01-10,VV-VITA-326,1,24.9,24.9
2026-01-10,VV-VITA-329,3,50.77,59.87
2026-01-10,VV-VITA-341,1,14.31,15.9
2026-01-10,VV-VITA-342,4,79.44,83.86
2026-01-10,VV-VITA-351,1,19.9,19.9
2026-01-10,VV-VITA-356,2,32.63,34.25
2026-01-10,VV-VITA-361,1,15.21,16.9
2026-01-10,VV-VITA-364,3,64.43,68.97
2026-01-10,VV-VITA-368,1,16.35,18.16
2026-01-10,VV-VITA-375,1,14.34,14.34
2026-01-10,VV-VITA-38,2,29.27,32.52
2026-01-10,VV-VITA-381,8,108.77,119.2
2026-01-10,VV-VITA-39,1,18.17,18.17
2026-01-10,VV-VITA-395,1,17.01,18.9
2026-01-10,VV-VITA-403,2,37.41,39.8
2026-01-10,VV-VITA-49,1,18.9,18.9
2026-01-10,VV-VITA-50,1,18.81,20.9
2026-01-10,VV-VITA-63,2,45.8,45.8
2026-01-10,VV-VITA-94,1,25.9,25.9
2026-01-11,,19,325.42,337.73
2026-01-11,CP-DQMG-RVN9,1,19.91,19.91
2026-01-11,NX-CVPF-VCEZ,1,17.92,19.91
2026-01-11,VI-ZU99-SZ0B,2,31.08,34.52
2026-01-11,VV-VITA-116,3,53.7,53.7
2026-01-11,VV-VITA-121,1,19.91,19.91
2026-01-11,VV-VITA-124,2,42.38,47.08
2026-01-11,VV-VITA-146,1,17.91,19.9
2026-01-11,VV-VITA-151,1,23.9,23.9
2026-01-11,VV-VITA-153,1,19.91,19.91
2026-01-11,VV-VITA-155,1,18.74,20.82
2026-01-11,VV-VITA-157,1,16.98,18.86
2026-01-11,VV-VITA-170,1,18.9,18.9
2026-01-11,VV-VITA-171,1,27.26,27.26
2026-01-11,VV-VITA-173,1,18.09,18.09
2026-01-11,VV-VITA-189,1,20.9,20.9
2026-01-11,VV-VITA-197,1,22.09,24.54
2026-01-11,VV-VITA-203,3,56.7,58.57
2026-01-11,VV-VITA-204,1,16.27,16.27
2026-01-11,VV-VITA-208,2,39.8,39.8
2026-01-11,VV-VITA-225,2,38.97,41.8
2026-01-11,VV-VITA-230,1,19.64,21.81
2026-01-11,VV-VITA-237,1,19.9,19.9
2026-01-11,VV-VITA-247,1,19.91,19.91
2026-01-11,VV-VITA-248,1,21.9,21.9
2026-01-11,VV-VITA-249,2,48.57,48.57
2026-01-11,VV-VITA-259,1,21.19,23.54
2026-01-11,VV-VITA-276,1,24.9,24.9
2026-01-11,VV-VITA-303,2,36.26,36.26
2026-01-11,VV-VITA-308,2,51.8,51.8
2026-01-11,VV-VITA-311,3,53.11,56.25
2026-01-11,VV-VITA-313,4,75.62,77.6
2026-01-11,VV-VITA-320,7,149.41,165.03
2026-01-11,VV-VITA-326,1,25.74,25.74
2026-01-11,VV-VITA-338,1,17.1,19
2026-01-11,VV-VITA-339,2,45.27,45.27
2026-01-11,VV-VITA-342,4,65.7,87.6
2026-01-11,VV-VITA-343,1,17.91,19.9
2026-01-11,VV-VITA-345,1,20.9,20.9
2026-01-11,VV-VITA-352,6,136.2,142.01
2026-01-11,VV-VITA-356,2,29.44,32.71
2026-01-11,VV-VITA-361,1,17.1,19
2026-01-11,VV-VITA-364,7,133.79,146.02
2026-01-11,VV-VITA-366,1,14.9,14.9
2026-01-11,VV-VITA-371,5,77.33,79.5
2026-01-11,VV-VITA-376,1,16.02,16.02
2026-01-11,VV-VITA-379,4,72.78,72.78
2026-01-11,VV-VITA-38,1,12.66,13.62
2026-01-11,VV-VITA-380,1,14.45,14.45
2026-01-11,VV-VITA-381,8,123.58,134.27
2026-01-11,VV-VITA-383,1,17.9,17.9
2026-01-11,VV-VITA-386,3,65.26,69.8
2026-01-11,VV-VITA-389,1,24.65,27.38
2026-01-11,VV-VITA-395,1,20.39,22.65
2026-01-11,VV-VITA-398,3,39.17,39.17
2026-01-11,VV-VITA-403,1,19.9,19.9
2026-01-11,VV-VITA-50,2,38.34,39.81
2026-01-11,VV-VITA-57-V,2,66.35,70.89
2026-01-11,VV-VITA-93,4,50.7,67.6
2026-01-11,VV-VITA-94,5,115.11,120.96
2026-01-12,,12,212.76,224.18
2026-01-12,BJ-E223-8EKW,1,22.01,24.45
2026-01-12,VV-VITA-102,3,54.7,59.7
2026-01-12,VV-VITA-106,1,22.9,22.9
2026-01-12,VV-VITA-109,1,16.01,17.01
2026-01-12,VV-VITA-119,1,17.91,17.91
2026-01-12,VV-VITA-122,1,17.18,22.9
2026-01-12,VV-VITA-127,2,49.8,49.8
2026-01-12,VV-VITA-142,2,51.8,51.8
2026-01-12,VV-VITA-151,2,47.8,47.8
2026-01-12,VV-VITA-153,1,17.93,19.91
2026-01-12,VV-VITA-155,1,20.9,20.9
2026-01-12,VV-VITA-157,2,25.02,27.8
2026-01-12,VV-VITA-158,3,79.75,95.7
2026-01-12,VV-VITA-170,2,33.55,35.17
2026-01-12,VV-VITA-188,1,17.99,19.98
2026-01-12,VV-VITA-199,1,20.39,20.39
2026-01-12,VV-VITA-203,4,72.46,79.6
2026-01-12,VV-VITA-204,3,56.7,56.7
2026-01-12,VV-VITA-208,3,60.25,62.52
2026-01-12,VV-VITA-230,2,47.63,47.63
2026-01-12,VV-VITA-247,1,19.9,19.9
2026-01-12,VV-VITA-248,1,19.71,21.9
2026-01-12,VV-VITA-249,2,40.1,43.45
2026-01-12,VV-VITA-258,1,18.9,18.9
2026-01-12,VV-VITA-262,2,41.52,41.52
2026-01-12,VV-VITA-264,2,51.8,51.8
2026-01-12,VV-VITA-277,1,12.9,12.9
2026-01-12,VV-VITA-286,1,17.92,19.91
2026-01-12,VV-VITA-303,1,16.86,17.9
2026-01-12,VV-VITA-313,6,119.95,119.95
2026-01-12,VV-VITA-317,5,95.88,97.68
2026-01-12,VV-VITA-320,2,53.8,53.8
2026-01-12,VV-VITA-329,1,19.9,19.9
2026-01-12,VV-VITA-341,4,61.45,61.45
2026-01-12,VV-VITA-342,1,21.9,21.9
2026-01-12,VV-VITA-344,-1,-23.6,0
2026-01-12,VV-VITA-346,1,13.9,15.44
2026-01-12,VV-VITA-352,2,47.44,47.44
2026-01-12,VV-VITA-355,2,47.09,47.09
2026-01-12,VV-VITA-356,3,47.36,48.98
2026-01-12,VV-VITA-362,-1,-20.76,0
2026-01-12,VV-VITA-364,3,62.09,68.97
2026-01-12,VV-VITA-365,2,28.91,28.91
2026-01-12,VV-VITA-377,2,27.53,28.32
2026-01-12,VV-VITA-38,1,12.26,13.62
2026-01-12,VV-VITA-381,4,59.6,59.6
2026-01-12,VV-VITA-383,1,16.35,18.16
2026-01-12,VV-VITA-385,1,14.17,15.36
2026-01-12,VV-VITA-386,1,21.9,21.9
2026-01-12,VV-VITA-39,1,22.9,22.9
2026-01-12,VV-VITA-391,3,68.71,73.6
2026-01-12,VV-VITA-49,1,18.9,18.9
2026-01-12,VV-VITA-50,1,19.9,19.9
2026-01-12,VV-VITA-93,1,16.9,16.9
2026-01-12,VV-VITA-94,1,25.9,25.9
2026-01-13,,61,726.15,940.61
2026-01-13,CW-KVIN-V39Y,1,16.13,21.5
2026-01-13,VI-ZU99-SZ0B,5,58.18,89.5
2026-01-13,VV-VITA-101,1,25.9,25.9
2026-01-13,VV-VITA-102,1,17.18,17.18
2026-01-13,VV-VITA-106,6,97.33,137.4
2026-01-13,VV-VITA-109,2,31.65,35.93
2026-01-13,VV-VITA-111,3,41.18,60.22
2026-01-13,VV-VITA-116,11,134.25,196.9
2026-01-13,VV-VITA-121,9,134.08,194.56
2026-01-13,VV-VITA-122,1,17.74,23.65
2026-01-13,VV-VITA-124,8,143.31,191.31
2026-01-13,VV-VITA-127,1,20.32,21.7
2026-01-13,VV-VITA-129,1,14.18,18.9
2026-01-13,VV-VITA-136,1,15.31,20.42
2026-01-13,VV-VITA-142,1,20.15,26.87
2026-01-13,VV-VITA-153,1,20.42,20.42
2026-01-13,VV-VITA-155,7,115.13,151.7
2026-01-13,VV-VITA-165,4,86.7,115.6
2026-01-13,VV-VITA-171,1,21.76,29.02
2026-01-13,VV-VITA-173,5,79.47,100.36
2026-01-13,VV-VITA-174,6,82.19,115.26
2026-01-13,VV-VITA-186,2,45.64,45.64
2026-01-13,VV-VITA-188,5,58.18,89.5
2026-01-13,VV-VITA-199,1,20.42,20.42
2026-01-13,VV-VITA-202,5,51.68,79.5
2026-01-13,VV-VITA-203,3,55.73,55.73
2026-01-13,VV-VITA-206,1,17.9,17.9
2026-01-13,VV-VITA-207,1,19.9,19.9
2026-01-13,VV-VITA-208,25,323.38,497.5
2026-01-13,VV-VITA-230,3,55.48,73.61
2026-01-13,VV-VITA-237,1,18.26,18.26
2026-01-13,VV-VITA-243,1,23.63,23.63
2026-01-13,VV-VITA-247,1,20.82,20.82
2026-01-13,VV-VITA-248,5,71.18,109.5
2026-01-13,VV-VITA-249,1,21.51,23.9
2026-01-13,VV-VITA-250,3,53.7,53.7
2026-01-13,VV-VITA-252,1,23.64,23.64
2026-01-13,VV-VITA-258,12,158.76,226.8
2026-01-13,VV-VITA-259,5,84.18,129.5
2026-01-13,VV-VITA-276,6,104.56,148.13
2026-01-13,VV-VITA-277,13,121.89,167.04
2026-01-13,VV-VITA-298,6,98.07,138.14
2026-01-13,VV-VITA-301,11,149.25,218.9
2026-01-13,VV-VITA-303,2,29.9,34.41
2026-01-13,VV-VITA-304,1,16.35,16.35
2026-01-13,VV-VITA-307,1,13.55,13.55
2026-01-13,VV-VITA-308,2,37.92,48.69
2026-01-13,VV-VITA-310,2,32.37,49.8
2026-01-13,VV-VITA-313,5,61.43,94.5
2026-01-13,VV-VITA-317,2,38.16,38.16
2026-01-13,VV-VITA-318,11,137.03,207.9
2026-01-13,VV-VITA-320,3,63.39,73.93
2026-01-13,VV-VITA-329,1,15.31,20.42
2026-01-13,VV-VITA-331,3,42.22,56.15
2026-01-13,VV-VITA-338,3,48.54,48.54
2026-01-13,VV-VITA-339,2,30.21,40.32
2026-01-13,VV-VITA-342,5,71.18,109.5
2026-01-13,VV-VITA-343,6,84.58,119.4
2026-01-13,VV-VITA-344,1,23.63,23.63
2026-01-13,VV-VITA-351,5,64.68,99.5
2026-01-13,VV-VITA-352,6,98.97,139.04
2026-01-13,VV-VITA-354,4,92.56,92.56
2026-01-13,VV-VITA-355,3,66.84,72.75
2026-01-13,VV-VITA-356,5,58.18,89.5
2026-01-13,VV-VITA-358,1,14.51,19.35
2026-01-13,VV-VITA-359,1,13.9,18.9
2026-01-13,VV-VITA-362,5,64.68,99.5
2026-01-13,VV-VITA-364,6,95.14,133.79
2026-01-13,VV-VITA-367,1,17.9,17.9
2026-01-13,VV-VITA-368,1,13.7,18.27
2026-01-13,VV-VITA-371,11,113.69,174.9
2026-01-13,VV-VITA-374,1,13.77,18.35
2026-01-13,VV-VITA-375,1,15.08,16.11
2026-01-13,VV-VITA-377,7,75.47,105.11
2026-01-13,VV-VITA-379,3,53.7,53.7
2026-01-13,VV-VITA-38,3,47.04,51.88
2026-01-13,VV-VITA-381,9,108.6,138.7
2026-01-13,VV-VITA-383,1,14.55,14.55
2026-01-13,VV-VITA-386,2,42.38,48.02
2026-01-13,VV-VITA-387,2,49.23,55.95
2026-01-13,VV-VITA-389,7,120.7,167.3
2026-01-13,VV-VITA-391,2,49.1,49.1
2026-01-13,VV-VITA-393,5,67.93,104.5
2026-01-13,VV-VITA-394,5,67.93,104.5
2026-01-13,VV-VITA-403,1,15.31,20.42
2026-01-13,VV-VITA-49,6,81.42,114.49
2026-01-13,VV-VITA-50,5,71.65,99.51
2026-01-13,VV-VITA-57-V,1,31.63,31.63
2026-01-13,VV-VITA-94,2,38.25,51.01
2026-01-14,,15,244.61,251.3
2026-01-14,CW-KVIN-V39Y,1,20.9,20.9
2026-01-14,VV-VITA-101,1,20.34,21.81
2026-01-14,VV-VITA-105,4,74.08,74.08
2026-01-14,VV-VITA-106,3,68.7,68.7
2026-01-14,VV-VITA-124,4,95.09,95.09
2026-01-14,VV-VITA-129,1,18.9,18.9
2026-01-14,VV-VITA-151,1,23.9,23.9
2026-01-14,VV-VITA-153,2,40.63,40.63
2026-01-14,VV-VITA-155,3,62.62,62.62
2026-01-14,VV-VITA-158,1,28.71,31.9
2026-01-14,VV-VITA-170,1,18.9,18.9
2026-01-14,VV-VITA-197,3,56.25,61.72
2026-01-14,VV-VITA-203,4,76.13,81.6
2026-01-14,VV-VITA-206,8,143.2,143.2
2026-01-14,VV-VITA-237,1,19.9,19.9
2026-01-14,VV-VITA-247,2,35.82,39.8
2026-01-14,VV-VITA-248,1,21.9,21.9
2026-01-14,VV-VITA-262,1,19,19
2026-01-14,VV-VITA-264,3,77.7,77.7
2026-01-14,VV-VITA-295,2,41.8,41.8
2026-01-14,VV-VITA-298,1,23.6,23.6
2026-01-14,VV-VITA-310,1,19.91,19.91
2026-01-14,VV-VITA-311,4,69.45,72.69
2026-01-14,VV-VITA-313,1,18.9,18.9
2026-01-14,VV-VITA-320,2,43.29,45.98
2026-01-14,VV-VITA-329,4,75.89,77.88
2026-01-14,VV-VITA-331,1,21.73,21.73
2026-01-14,VV-VITA-338,2,39.8,39.8
2026-01-14,VV-VITA-341,2,30.73,30.73
2026-01-14,VV-VITA-344,2,47.25,47.25
2026-01-14,VV-VITA-352,2,46.45,46.45
2026-01-14,VV-VITA-354,1,22.65,22.65
2026-01-14,VV-VITA-355,6,134.25,137.32
2026-01-14,VV-VITA-356,1,19.81,19.81
2026-01-14,VV-VITA-358,1,21.73,21.73
2026-01-14,VV-VITA-361,1,16.9,16.9
2026-01-14,VV-VITA-364,2,45.53,45.53
2026-01-14,VV-VITA-366,1,13.55,13.55
2026-01-14,VV-VITA-367,2,35.8,35.8
2026-01-14,VV-VITA-372,3,50.25,60.7
2026-01-14,VV-VITA-373,1,14.9,14.9
2026-01-14,VV-VITA-374,1,14.18,18.9
2026-01-14,VV-VITA-377,1,14.9,14.9
2026-01-14,VV-VITA-38,2,31.72,31.72
2026-01-14,VV-VITA-381,2,26.82,29.8
2026-01-14,VV-VITA-394,2,46.4,46.4
2026-01-14,VV-VITA-403,1,19.9,19.9
2026-01-14,VV-VITA-50,3,61.71,61.71
2026-01-14,VV-VITA-57-V2,1,22.5,24.45
2026-01-14,VV-VITA-86,-1,-12.94,0
2026-01-14,VV-VITA-94,2,51.8,51.8
2026-01-15,,6,100.38,102.07
2026-01-15,NX-CVPF-VCEZ,30,470.25,627
2026-01-15,VV-VITA-106,3,65.43,65.43
2026-01-15,VV-VITA-109,4,61.46,61.46
2026-01-15,VV-VITA-153,1,19.9,19.9
2026-01-15,VV-VITA-158,1,28.71,28.71
2026-01-15,VV-VITA-170,15,184.28,283.5
2026-01-15,VV-VITA-188,1,16.11,17.9
2026-01-15,VV-VITA-189,2,43.8,43.8
2026-01-15,VV-VITA-190,3,53.73,59.7
2026-01-15,VV-VITA-197,150,2676.75,3735
2026-01-15,VV-VITA-199,1,19.9,19.9
2026-01-15,VV-VITA-203,1,18.17,18.17
2026-01-15,VV-VITA-230,0,0.08,21.81
2026-01-15,VV-VITA-237,2,35.17,37.16
2026-01-15,VV-VITA-248,1,24.54,24.54
2026-01-15,VV-VITA-252,6,89.31,137.4
2026-01-15,VV-VITA-259,2,48.29,53.66
2026-01-15,VV-VITA-277,1,12.9,12.9
2026-01-15,VV-VITA-286,1,19.71,21.9
2026-01-15,VV-VITA-297,1,19.9,19.9
2026-01-15,VV-VITA-304,3,45.79,49.06
2026-01-15,VV-VITA-310,2,43.62,43.62
2026-01-15,VV-VITA-311,3,50.88,54.51
2026-01-15,VV-VITA-317,1,19.91,19.91
2026-01-15,VV-VITA-320,4,99.78,99.78
2026-01-15,VV-VITA-329,2,32.53,57.24
2026-01-15,VV-VITA-339,1,19.08,19.08
2026-01-15,VV-VITA-342,1,20.29,22.54
2026-01-15,VV-VITA-344,1,21.73,21.73
2026-01-15,VV-VITA-352,1,24.54,24.54
2026-01-15,VV-VITA-356,2,40.13,40.13
2026-01-15,VV-VITA-361,8,127.54,139.87
2026-01-15,VV-VITA-367,3,54.52,54.52
2026-01-15,VV-VITA-372,1,17.18,17.18
2026-01-15,VV-VITA-375,2,31.64,33.46
2026-01-15,VV-VITA-377,1,13.55,13.55
2026-01-15,VV-VITA-378,1,11.61,12.9
2026-01-15,VV-VITA-379,1,17.9,17.9
2026-01-15,VV-VITA-381,8,115,116.49
2026-01-15,VV-VITA-386,2,45.81,50.89
2026-01-15,VV-VITA-387,2,51.33,54.22
2026-01-15,VV-VITA-394,1,21.45,21.45
2026-01-15,VV-VITA-398,4,55.6,55.6
2026-01-15,VV-VITA-403,1,18.35,20.39
2026-01-15,VV-VITA-49,2,32,35.55
2026-01-15,VV-VITA-57-V2,1,23.22,23.22
2026-01-15,VV-VITA-90,1,16.57,18.41
2026-01-15,VV-VITA-93,20,253.5,338
2026-01-15,VV-VITA-94,2,47.44,52.71
2026-01-16,,15,263.75,267.07
2026-01-16,VV-VITA-101,2,48.54,48.54
2026-01-16,VV-VITA-109,1,17.01,18.9
2026-01-16,VV-VITA-116,1,17.9,17.9
2026-01-16,VV-VITA-122,1,23.62,23.62
2026-01-16,VV-VITA-146,1,18.17,18.17
2026-01-16,VV-VITA-151,1,23.9,23.9
2026-01-16,VV-VITA-153,1,19.9,19.9
2026-01-16,VV-VITA-157,4,50.04,55.6
2026-01-16,VV-VITA-158,1,25.45,25.45
2026-01-16,VV-VITA-166,1,23.63,23.63
2026-01-16,VV-VITA-170,2,37.8,37.8
2026-01-16,VV-VITA-173,1,20.76,20.76
2026-01-16,VV-VITA-174,2,34.36,34.36
2026-01-16,VV-VITA-199,1,20.4,20.4
2026-01-16,VV-VITA-203,1,19.9,19.9
2026-01-16,VV-VITA-230,1,25.9,25.9
2026-01-16,VV-VITA-248,3,65.7,65.7
2026-01-16,VV-VITA-276,4,103.08,103.08
2026-01-16,VV-VITA-284,1,22.72,22.72
2026-01-16,VV-VITA-298,1,23.6,23.6
2026-01-16,VV-VITA-31,1,19.71,21.9
2026-01-16,VV-VITA-310,2,49.8,49.8
2026-01-16,VV-VITA-311,2,35.03,38.91
2026-01-16,VV-VITA-313,1,14.29,15.87
2026-01-16,VV-VITA-320,1,16.98,18.86
2026-01-16,VV-VITA-326,1,21.73,21.73
2026-01-16,VV-VITA-329,3,54.54,60.58
2026-01-16,VV-VITA-338,1,17.26,17.26
2026-01-16,VV-VITA-341,1,14.45,14.45
2026-01-16,VV-VITA-352,2,41.64,41.64
2026-01-16,VV-VITA-355,2,44,46.27
2026-01-16,VV-VITA-368,1,19,19
2026-01-16,VV-VITA-372,2,34.36,34.36
2026-01-16,VV-VITA-380,1,12.51,13.9
2026-01-16,VV-VITA-386,1,21.9,21.9
2026-01-16,VV-VITA-387,1,29.08,29.08
2026-01-16,VV-VITA-39,1,20.76,20.76
2026-01-16,VV-VITA-398,1,13.55,13.55
2026-01-16,VV-VITA-403,1,19.9,19.9
2026-01-16,VV-VITA-49,1,18.9,18.9
2026-01-16,VV-VITA-57-V,2,74.9,83.22
2026-01-16,VV-VITA-63,2,44.2,46.49
2026-01-16,VV-VITA-86,1,19.9,19.9
2026-01-16,VV-VITA-94,1,25.9,25.9
2026-01-17,,2,38.71,38.71
2026-01-17,BJ-E223-8EKW,1,25.76,25.76
2026-01-17,CW-KVIN-V39Y,2,37.62,41.8
2026-01-17,VI-ZU99-SZ0B,3,47,51.54
2026-01-17,VV-VITA-101,1,21.81,21.81
2026-01-17,VV-VITA-106,3,68.7,68.7
2026-01-17,VV-VITA-111,2,35.84,39.82
2026-01-17,VV-VITA-116,1,17.9,17.9
2026-01-17,VV-VITA-119,6,101.25,101.25
2026-01-17,VV-VITA-142,2,46.62,51.8
2026-01-17,VV-VITA-166,4,81.6,81.6
2026-01-17,VV-VITA-168,1,22.72,22.72
2026-01-17,VV-VITA-171,1,25.51,28.34
2026-01-17,VV-VITA-203,1,19.9,19.9
2026-01-17,VV-VITA-225,3,52.43,58.25
2026-01-17,VV-VITA-230,1,25.9,25.9
2026-01-17,VV-VITA-252,1,23.63,23.63
2026-01-17,VV-VITA-276,2,47.31,49.8
2026-01-17,VV-VITA-286,1,15.52,17.24
2026-01-17,VV-VITA-295,2,42.48,47.2
2026-01-17,VV-VITA-310,1,22.41,24.9
2026-01-17,VV-VITA-311,1,17.91,19.9
2026-01-17,VV-VITA-313,1,19.99,19.99
2026-01-17,VV-VITA-319,2,34.35,38.15
2026-01-17,VV-VITA-320,5,116.17,118.86
2026-01-17,VV-VITA-326,1,19.08,19.08
2026-01-17,VV-VITA-342,2,40.07,40.07
2026-01-17,VV-VITA-344,1,21.73,21.73
2026-01-17,VV-VITA-352,2,47.09,47.09
2026-01-17,VV-VITA-355,6,129.71,138.87
2026-01-17,VV-VITA-356,2,31.43,34.92
2026-01-17,VV-VITA-364,1,23.63,23.63
2026-01-17,VV-VITA-376,1,15.54,17.26
2026-01-17,VV-VITA-39,1,16.36,18.16
2026-01-17,VV-VITA-50,1,18.81,20.9
2026-01-17,VV-VITA-94,1,23.72,26.35
2026-01-18,,17,270.51,270.51
2026-01-18,BJ-E223-8EKW,5,126.69,126.69
2026-01-18,CP-DQMG-RVN9,1,19.71,21.9
2026-01-18,CW-KVIN-V39Y,2,33.15,36.83
2026-01-18,VI-ZU99-SZ0B,1,17.26,17.26
2026-01-18,VV-VITA-101,1,21.81,21.81
2026-01-18,VV-VITA-109,1,17.5,17.5
2026-01-18,VV-VITA-124,1,21.19,21.19
2026-01-18,VV-VITA-146,1,16.35,18.16
2026-01-18,VV-VITA-151,1,23.63,23.63
2026-01-18,VV-VITA-155,5,106.05,106.05
2026-01-18,VV-VITA-158,2,57.35,57.35
2026-01-18,VV-VITA-165,2,48.93,54.36
2026-01-18,VV-VITA-173,2,41.52,41.52
2026-01-18,VV-VITA-197,4,87.12,94.18
2026-01-18,VV-VITA-203,1,17.91,17.91
2026-01-18,VV-VITA-208,8,149.25,159.2
2026-01-18,VV-VITA-248,2,45.1,45.1
2026-01-18,VV-VITA-258,1,18.9,18.9
2026-01-18,VV-VITA-286,1,22.54,22.54
2026-01-18,VV-VITA-298,1,22.9,22.9
2026-01-18,VV-VITA-303,1,18.42,18.42
2026-01-18,VV-VITA-304,1,14.9,14.9
2026-01-18,VV-VITA-313,5,96.86,96.86
2026-01-18,VV-VITA-317,2,38.16,38.16
2026-01-18,VV-VITA-319,1,19.9,19.9
2026-01-18,VV-VITA-320,3,60.47,65.05
2026-01-18,VV-VITA-329,1,17.17,19.07
2026-01-18,VV-VITA-341,1,12.45,13.83
2026-01-18,VV-VITA-342,3,59.07,63.61
2026-01-18,VV-VITA-352,2,44.98,47.43
2026-01-18,VV-VITA-354,1,19.71,19.71
2026-01-18,VV-VITA-355,1,23.61,23.61
2026-01-18,VV-VITA-356,1,16.35,16.35
2026-01-18,VV-VITA-361,8,134.12,137.72
2026-01-18,VV-VITA-364,3,66.81,68.98
2026-01-18,VV-VITA-375,1,15.46,17.17
2026-01-18,VV-VITA-376,1,15.9,15.9
2026-01-18,VV-VITA-377,2,30.58,30.58
2026-01-18,VV-VITA-379,2,32.22,35.8
2026-01-18,VV-VITA-38,2,24.52,27.24
2026-01-18,VV-VITA-381,18,250.51,257.21
2026-01-18,VV-VITA-389,1,22.72,22.72
2026-01-18,VV-VITA-403,3,55.72,59.7
2026-01-18,VV-VITA-50,2,40.8,40.8
2026-01-18,VV-VITA-90,1,14.72,16.35
2026-01-18,VV-VITA-94,1,22.82,22.82
2026-01-19,,21,-52.03,358.19
2026-01-19,BJ-E223-8EKW,1,25.45,25.45
2026-01-19,CP-DQMG-RVN9,2,39.42,43.8
2026-01-19,VV-VITA-116,1,15.46,15.46
2026-01-19,VV-VITA-119,4,70.87,72.44
2026-01-19,VV-VITA-127,2,38.62,61.34
2026-01-19,VV-VITA-142,2,51.8,51.8
2026-01-19,VV-VITA-146,7,128.91,136.53
2026-01-19,VV-VITA-151,1,19.5,45.79
2026-01-19,VV-VITA-155,1,17.75,17.75
2026-01-19,VV-VITA-157,3,41.7,41.7
2026-01-19,VV-VITA-189,1,19.71,19.71
2026-01-19,VV-VITA-197,1,21.19,23.54
2026-01-19,VV-VITA-198,2,32.71,36.34
2026-01-19,VV-VITA-202,1,13.5,13.5
2026-01-19,VV-VITA-203,1,16.35,16.35
2026-01-19,VV-VITA-208,3,59.7,59.7
2026-01-19,VV-VITA-215,1,17.83,17.83
2026-01-19,VV-VITA-230,2,39.27,43.62
2026-01-19,VV-VITA-237,1,17.91,17.91
2026-01-19,VV-VITA-248,2,44.17,49.06
2026-01-19,VV-VITA-250,1,15.64,15.64
2026-01-19,VV-VITA-258,5,85.05,85.05
2026-01-19,VV-VITA-276,2,42.54,47.25
2026-01-19,VV-VITA-277,1,13.56,13.56
2026-01-19,VV-VITA-298,1,17.17,19.07
2026-01-19,VV-VITA-301,1,17.91,17.91
2026-01-19,VV-VITA-307,1,13.08,13.08
2026-01-19,VV-VITA-310,4,84.64,89.62
2026-01-19,VV-VITA-317,4,79.6,79.6
2026-01-19,VV-VITA-320,4,85.76,95.28
2026-01-19,VV-VITA-329,1,20.46,20.46
2026-01-19,VV-VITA-342,6,109.13,112.74
2026-01-19,VV-VITA-344,5,99.74,99.74
2026-01-19,VV-VITA-355,1,21.19,23.54
2026-01-19,VV-VITA-359,2,39.98,39.98
2026-01-19,VV-VITA-361,-1,-16.9,0
2026-01-19,VV-VITA-363,1,15.54,17.26
2026-01-19,VV-VITA-364,12,248.43,250.4
2026-01-19,VV-VITA-366,1,16.97,16.97
2026-01-19,VV-VITA-367,2,32.46,36.06
2026-01-19,VV-VITA-372,-2,-28.35,0
2026-01-19,VV-VITA-375,2,33.72,35.41
2026-01-19,VV-VITA-38,1,12.26,12.26
2026-01-19,VV-VITA-381,9,117.65,121.67
2026-01-19,VV-VITA-387,1,29.08,29.08
2026-01-19,VV-VITA-395,2,35.82,35.82
2026-01-19,VV-VITA-403,4,71.64,79.6
2026-01-19,VV-VITA-63,1,20.61,22.9
2026-01-19,VV-VITA-93,1,14.42,14.42
2026-01-19,VV-VITA-94,2,52.25,52.25
2026-01-20,,8,129.54,129.54
2026-01-20,BJ-E223-8EKW,1,24.9,24.9
2026-01-20,CW-KVIN-V39Y,1,20.9,20.9
2026-01-20,NX-CVPF-VCEZ,1,18.81,18.81
2026-01-20,VV-VITA-105,1,17.83,17.83
2026-01-20,VV-VITA-111,-2,-35.84,0
2026-01-20,VV-VITA-119,1,18.17,18.17
2026-01-20,VV-VITA-124,4,86.52,86.52
2026-01-20,VV-VITA-127,1,23.72,23.72
2026-01-20,VV-VITA-142,1,25.9,25.9
2026-01-20,VV-VITA-151,1,21.27,23.62
2026-01-20,VV-VITA-155,0,-6.07,37.62
2026-01-20,VV-VITA-158,1,29.4,29.4
2026-01-20,VV-VITA-170,2,24.57,37.8
2026-01-20,VV-VITA-173,4,70.62,72.41
2026-01-20,VV-VITA-189,3,44.35,59.13
2026-01-20,VV-VITA-190,1,20.82,20.82
2026-01-20,VV-VITA-198,1,20.76,20.76
2026-01-20,VV-VITA-199,-1,-17.91,0
2026-01-20,VV-VITA-203,5,80.04,80.04
2026-01-20,VV-VITA-223,3,62.35,62.35
2026-01-20,VV-VITA-230,8,148.72,203.11
2026-01-20,VV-VITA-248,1,21.9,21.9
2026-01-20,VV-VITA-250,3,44.82,44.82
2026-01-20,VV-VITA-252,2,26.8,41.22
2026-01-20,VV-VITA-258,2,34.02,34.02
2026-01-20,VV-VITA-262,1,17.91,17.91
2026-01-20,VV-VITA-284,1,21.52,23.9
2026-01-20,VV-VITA-298,3,51.01,69.4
2026-01-20,VV-VITA-301,1,17.91,17.91
2026-01-20,VV-VITA-310,2,32.37,49.8
2026-01-20,VV-VITA-318,3,36.86,56.7
2026-01-20,VV-VITA-320,1,24.21,26.9
2026-01-20,VV-VITA-329,3,57.25,57.25
2026-01-20,VV-VITA-341,5,71.56,74.43
2026-01-20,VV-VITA-342,4,73.32,79.5
2026-01-20,VV-VITA-351,1,16.12,17.91
2026-01-20,VV-VITA-352,4,74.2,82.44
2026-01-20,VV-VITA-354,2,40.1,40.1
2026-01-20,VV-VITA-356,-1,-18.74,0
2026-01-20,VV-VITA-361,1,16.9,16.9
2026-01-20,VV-VITA-364,3,59.13,59.13
2026-01-20,VV-VITA-366,1,13.9,15.44
2026-01-20,VV-VITA-375,1,15.58,15.58
2026-01-20,VV-VITA-376,2,30.18,30.18
2026-01-20,VV-VITA-381,8,101.92,107.28
2026-01-20,VV-VITA-403,4,64.68,79.6
2026-01-20,VV-VITA-49,-1,-18.9,0
2026-01-20,VV-VITA-90,2,37.62,37.62
2026-01-20,VV-VITA-94,5,89.36,129.5
2026-01-21,,6,89.53,89.53
2026-01-21,NX-CVPF-VCEZ,4,78.51,78.51
2026-01-21,VV-VITA-101,2,43.68,43.68
2026-01-21,VV-VITA-102,2,33.37,33.37
2026-01-21,VV-VITA-104,1,19.99,19.99
2026-01-21,VV-VITA-109,1,18.9,18.9
2026-01-21,VV-VITA-121,1,21.9,21.9
2026-01-21,VV-VITA-122,1,20.61,20.61
2026-01-21,VV-VITA-124,1,21.19,21.19
2026-01-21,VV-VITA-151,1,23.9,23.9
2026-01-21,VV-VITA-153,4,70.63,70.63
2026-01-21,VV-VITA-155,2,34.2,34.2
2026-01-21,VV-VITA-157,2,29.28,30.81
2026-01-21,VV-VITA-165,2,57.8,57.8
2026-01-21,VV-VITA-171,1,24.54,24.54
2026-01-21,VV-VITA-173,2,32.56,32.56
2026-01-21,VV-VITA-188,1,17.9,17.9
2026-01-21,VV-VITA-199,1,17.91,17.91
2026-01-21,VV-VITA-208,1,19.9,19.9
2026-01-21,VV-VITA-215,2,34.02,37.8
2026-01-21,VV-VITA-223,7,141.66,141.66
2026-01-21,VV-VITA-230,2,43.54,43.54
2026-01-21,VV-VITA-237,4,72.06,72.06
2026-01-21,VV-VITA-247,2,35.82,35.82
2026-01-21,VV-VITA-249,2,45.41,47.8
2026-01-21,VV-VITA-258,1,17.01,17.01
2026-01-21,VV-VITA-259,2,46.21,46.21
2026-01-21,VV-VITA-276,3,70.47,70.47
2026-01-21,VV-VITA-277,2,23.8,23.8
2026-01-21,VV-VITA-284,2,39.11,43.45
2026-01-21,VV-VITA-295,3,62.7,62.7
2026-01-21,VV-VITA-304,10,139.25,139.25
2026-01-21,VV-VITA-310,1,21.81,21.81
2026-01-21,VV-VITA-316,1,19.81,19.81
2026-01-21,VV-VITA-318,4,64.49,67.95
2026-01-21,VV-VITA-320,7,147.17,147.17
2026-01-21,VV-VITA-329,1,17.91,19.9
2026-01-21,VV-VITA-341,2,28.08,28.08
2026-01-21,VV-VITA-342,2,43.71,43.71
2026-01-21,VV-VITA-344,1,22.41,22.41
2026-01-21,VV-VITA-351,2,32.56,32.56
2026-01-21,VV-VITA-352,4,80.38,82.44
2026-01-21,VV-VITA-355,4,86.36,88.65
2026-01-21,VV-VITA-364,6,115.76,115.76
2026-01-21,VV-VITA-367,3,54.51,54.51
2026-01-21,VV-VITA-375,1,16.9,16.9
2026-01-21,VV-VITA-378,3,38.7,38.7
2026-01-21,VV-VITA-379,1,17.9,17.9
2026-01-21,VV-VITA-381,4,59.34,59.34
2026-01-21,VV-VITA-389,1,23.9,23.9
2026-01-21,VV-VITA-394,1,23.63,23.63
2026-01-21,VV-VITA-398,1,13.55,13.55
2026-01-21,VV-VITA-403,3,59.7,59.7
2026-01-21,VV-VITA-63,2,39.69,41.98
2026-01-22,,17,238.91,282.69
2026-01-22,BJ-E223-8EKW,17,293.67,424.39
2026-01-22,CW-KVIN-V39Y,1,29.99,29.99
2026-01-22,NX-CVPF-VCEZ,10,151.87,191.37
2026-01-22,VI-ZU99-SZ0B,3,31.42,48.33
2026-01-22,VV-VITA-101,1,20.97,23.31
2026-01-22,VV-VITA-105,1,17.99,17.99
2026-01-22,VV-VITA-109,14,172,264.6
2026-01-22,VV-VITA-119,3,36.86,56.7
2026-01-22,VV-VITA-124,6,106.48,129.06
2026-01-22,VV-VITA-127,17,247.64,380.97
2026-01-22,VV-VITA-129,3,36.86,56.7
2026-01-22,VV-VITA-136,3,38.81,59.7
2026-01-22,VV-VITA-142,7,128.16,178.36
2026-01-22,VV-VITA-146,5,64.68,99.5
2026-01-22,VV-VITA-151,1,23.63,23.63
2026-01-22,VV-VITA-153,17,209.49,305.3
2026-01-22,VV-VITA-155,6,81.59,114.5
2026-01-22,VV-VITA-165,3,56.36,86.7
2026-01-22,VV-VITA-170,5,61.43,94.5
2026-01-22,VV-VITA-174,1,22.72,22.72
2026-01-22,VV-VITA-186,3,50.51,77.7
2026-01-22,VV-VITA-189,6,104.47,118.26
2026-01-22,VV-VITA-197,1,25.86,25.86
2026-01-22,VV-VITA-198,7,104.48,139.3
2026-01-22,VV-VITA-203,2,33.25,33.25
2026-01-22,VV-VITA-207,5,64.68,99.5
2026-01-22,VV-VITA-208,19,269.65,374.12
2026-01-22,VV-VITA-215,5,61.43,94.5
2026-01-22,VV-VITA-223,11,222.89,224.85
2026-01-22,VV-VITA-230,18,303.03,466.2
2026-01-22,VV-VITA-248,9,135.79,197.1
2026-01-22,VV-VITA-249,1,21.52,23.9
2026-01-22,VV-VITA-250,1,13.83,13.83
2026-01-22,VV-VITA-262,9,104.78,161.19
2026-01-22,VV-VITA-276,5,97.09,123.23
2026-01-22,VV-VITA-277,3,44.15,44.15
2026-01-22,VV-VITA-297,1,16.12,17.91
2026-01-22,VV-VITA-298,2,47.25,47.25
2026-01-22,VV-VITA-304,7,73.03,96.49
2026-01-22,VV-VITA-31,3,42.71,65.7
2026-01-22,VV-VITA-310,7,113.3,174.3
2026-01-22,VV-VITA-319,1,19.08,19.08
2026-01-22,VV-VITA-320,7,149.08,157.22
2026-01-22,VV-VITA-326,3,49.51,65.19
2026-01-22,VV-VITA-329,1,18.09,18.09
2026-01-22,VV-VITA-339,5,58.21,89.55
2026-01-22,VV-VITA-341,1,14.31,14.31
2026-01-22,VV-VITA-342,1,19.71,21.9
2026-01-22,VV-VITA-343,2,25.87,39.8
2026-01-22,VV-VITA-344,-1,-27.39,22.41
2026-01-22,VV-VITA-346,6,54.21,83.4
2026-01-22,VV-VITA-352,4,85.38,85.38
2026-01-22,VV-VITA-354,4,51.25,78.84
2026-01-22,VV-VITA-355,4,91.6,91.6
2026-01-22,VV-VITA-356,7,90.63,128.22
2026-01-22,VV-VITA-364,1,21.26,21.26
2026-01-22,VV-VITA-365,9,87.17,134.1
2026-01-22,VV-VITA-366,3,29.06,44.7
2026-01-22,VV-VITA-367,1,16.11,17.9
2026-01-22,VV-VITA-371,2,20.67,31.8
2026-01-22,VV-VITA-373,5,48.43,74.5
2026-01-22,VV-VITA-375,1,17.18,17.18
2026-01-22,VV-VITA-376,2,27.43,27.43
2026-01-22,VV-VITA-379,2,38.16,38.16
2026-01-22,VV-VITA-38,2,28.54,28.54
2026-01-22,VV-VITA-380,1,13.9,13.9
2026-01-22,VV-VITA-381,7,79.79,93.87
2026-01-22,VV-VITA-383,1,18.17,18.17
2026-01-22,VV-VITA-39,4,67.56,91.6
2026-01-22,VV-VITA-391,8,121.8,168.5
2026-01-22,VV-VITA-393,1,20.9,20.9
2026-01-22,VV-VITA-395,3,52.83,52.83
2026-01-22,VV-VITA-398,8,72.29,111.2
2026-01-22,VV-VITA-402,5,80.93,124.5
2026-01-22,VV-VITA-403,6,84.58,119.4
2026-01-22,VV-VITA-49,4,56.85,76.69
2026-01-22,VV-VITA-50,3,38.81,59.7
2026-01-22,VV-VITA-63,4,76.33,76.33
2026-01-22,VV-VITA-90,5,61.14,94.05
2026-01-22,VV-VITA-94,4,74.06,101.25
2026-01-23,,27,396.07,403.28
2026-01-23,BJ-E223-8EKW,1,21.94,21.94
2026-01-23,VI-ZU99-SZ0B,1,16.11,16.11
2026-01-23,VV-VITA-101,1,17.83,17.83
2026-01-23,VV-VITA-109,1,17.01,18.9
2026-01-23,VV-VITA-124,1,21.19,21.19
2026-01-23,VV-VITA-127,2,44.82,44.82
2026-01-23,VV-VITA-129,1,17.01,18.9
2026-01-23,VV-VITA-142,1,21.19,23.54
2026-01-23,VV-VITA-146,3,50.89,54.51
2026-01-23,VV-VITA-151,1,25.36,25.36
2026-01-23,VV-VITA-153,2,36.57,36.57
2026-01-23,VV-VITA-166,1,17.91,17.91
2026-01-23,VV-VITA-173,1,17.91,17.91
2026-01-23,VV-VITA-197,101,1889.91,2514.9
2026-01-23,VV-VITA-203,5,85.64,85.64
2026-01-23,VV-VITA-206,1,16.27,16.27
2026-01-23,VV-VITA-207,1,20.76,20.76
2026-01-23,VV-VITA-208,1,19.9,19.9
2026-01-23,VV-VITA-215,4,75.6,75.6
2026-01-23,VV-VITA-223,5,105.35,105.35
2026-01-23,VV-VITA-237,1,17.1,17.1
2026-01-23,VV-VITA-248,5,107.31,109.5
2026-01-23,VV-VITA-249,1,21.51,23.9
2026-01-23,VV-VITA-250,2,37.36,37.36
2026-01-23,VV-VITA-256,3,68.19,68.19
2026-01-23,VV-VITA-258,1,17.01,17.01
2026-01-23,VV-VITA-259,2,44.99,44.99
2026-01-23,VV-VITA-276,2,44.89,47.25
2026-01-23,VV-VITA-277,1,11.61,11.61
2026-01-23,VV-VITA-286,1,21.9,21.9
2026-01-23,VV-VITA-298,2,44.45,44.45
2026-01-23,VV-VITA-301,6,94.68,94.68
2026-01-23,VV-VITA-303,1,20.76,20.76
2026-01-23,VV-VITA-304,2,29.44,29.44
2026-01-23,VV-VITA-307,1,11.37,11.37
2026-01-23,VV-VITA-308,2,51.8,51.8
2026-01-23,VV-VITA-313,2,35.98,35.98
2026-01-23,VV-VITA-316,1,17.91,19.9
2026-01-23,VV-VITA-317,1,19.08,19.08
2026-01-23,VV-VITA-320,3,70.19,72.88
2026-01-23,VV-VITA-329,1,19,19
2026-01-23,VV-VITA-336,1,17.91,19.9
2026-01-23,VV-VITA-341,1,15.54,15.54
2026-01-23,VV-VITA-342,3,62.01,64.36
2026-01-23,VV-VITA-344,1,19.55,19.55
2026-01-23,VV-VITA-351,1,17.99,17.99
2026-01-23,VV-VITA-354,2,40.78,40.78
2026-01-23,VV-VITA-355,2,40.9,45.43
2026-01-23,VV-VITA-356,2,32.22,35.8
2026-01-23,VV-VITA-359,2,39.98,39.98
2026-01-23,VV-VITA-361,1,19,19
2026-01-23,VV-VITA-364,4,83.5,83.5
2026-01-23,VV-VITA-367,2,38.08,39.89
2026-01-23,VV-VITA-381,8,114.56,115.9
2026-01-23,VV-VITA-387,1,27.18,27.18
2026-01-23,VV-VITA-393,1,23.55,23.55
2026-01-23,VV-VITA-398,3,40.64,40.64
2026-01-23,VV-VITA-49,1,18.9,18.9
2026-01-23,VV-VITA-57-V,1,36.27,36.27
2026-01-24,,30,449.05,450.67
2026-01-24,TU-QNYD-JRRX,1,18.9,18.9
2026-01-24,VV-VITA-109,1,15.37,15.37
2026-01-24,VV-VITA-116,1,16.11,16.11
2026-01-24,VV-VITA-119,1,18.9,18.9
2026-01-24,VV-VITA-151,1,23.9,23.9
2026-01-24,VV-VITA-153,2,29.12,29.12
2026-01-24,VV-VITA-168,1,22.72,22.72
2026-01-24,VV-VITA-171,2,48.93,48.93
2026-01-24,VV-VITA-173,1,18.68,18.68
2026-01-24,VV-VITA-174,1,18.74,20.82
2026-01-24,VV-VITA-189,3,59.13,59.13
2026-01-24,VV-VITA-208,1,19.9,19.9
2026-01-24,VV-VITA-215,5,94.5,94.5
2026-01-24,VV-VITA-223,10,198.21,198.21
2026-01-24,VV-VITA-230,2,51.8,51.8
2026-01-24,VV-VITA-237,1,17.91,17.91
2026-01-24,VV-VITA-247,2,29.12,29.12
2026-01-24,VV-VITA-248,3,59.13,65.7
2026-01-24,VV-VITA-249,3,64.53,71.7
2026-01-24,VV-VITA-256,1,20.39,22.65
2026-01-24,VV-VITA-264,1,25.9,25.9
2026-01-24,VV-VITA-276,1,23.06,23.06
2026-01-24,VV-VITA-298,2,42.37,44.45
2026-01-24,VV-VITA-301,1,17.91,17.91
2026-01-24,VV-VITA-308,1,25.9,25.9
2026-01-24,VV-VITA-31,2,43.8,43.8
2026-01-24,VV-VITA-310,2,39.07,43.41
2026-01-24,VV-VITA-313,2,34.02,34.02
2026-01-24,VV-VITA-320,4,99.78,99.78
2026-01-24,VV-VITA-329,1,19,19
2026-01-24,VV-VITA-336,3,59.7,59.7
2026-01-24,VV-VITA-341,1,15.54,15.54
2026-01-24,VV-VITA-342,1,19.72,21.9
2026-01-24,VV-VITA-344,2,42.52,42.52
2026-01-24,VV-VITA-351,1,17.91,17.91
2026-01-24,VV-VITA-352,6,123.11,127.23
2026-01-24,VV-VITA-354,1,20.39,20.39
2026-01-24,VV-VITA-362,1,19.9,19.9
2026-01-24,VV-VITA-364,9,170.99,170.99
2026-01-24,VV-VITA-377,3,40.23,40.23
2026-01-24,VV-VITA-38,1,16.28,16.28
2026-01-24,VV-VITA-381,2,32.56,32.56
2026-01-24,VV-VITA-387,1,29.08,29.08
2026-01-24,VV-VITA-394,1,20.9,20.9
2026-01-24,VV-VITA-395,1,16.28,16.28
2026-01-24,VV-VITA-403,1,17.91,19.9
2026-01-24,VV-VITA-94,1,26.35,26.35
2026-01-25,,10,148.03,148.03
2026-01-25,BJ-E223-8EKW,5,121.24,126.34
2026-01-25,NX-CVPF-VCEZ,1,19.63,19.63
2026-01-25,VV-VITA-101,2,47.13,47.13
2026-01-25,VV-VITA-105,1,17.32,17.32
2026-01-25,VV-VITA-116,1,13.1,13.1
2026-01-25,VV-VITA-119,1,18.9,18.9
2026-01-25,VV-VITA-124,2,42.38,42.38
2026-01-25,VV-VITA-146,3,57.24,61.58
2026-01-25,VV-VITA-151,1,23.8,26.44
2026-01-25,VV-VITA-155,2,37.62,37.62
2026-01-25,VV-VITA-168,1,22.43,24.92
2026-01-25,VV-VITA-170,2,36.45,38.4
2026-01-25,VV-VITA-171,1,25.51,25.51
2026-01-25,VV-VITA-188,1,17.9,17.9
2026-01-25,VV-VITA-189,1,19.71,19.71
2026-01-25,VV-VITA-199,4,71.64,71.64
2026-01-25,VV-VITA-202,5,81.77,81.77
2026-01-25,VV-VITA-203,1,17.91,17.91
2026-01-25,VV-VITA-207,1,19.9,19.9
2026-01-25,VV-VITA-223,3,56.43,56.43
2026-01-25,VV-VITA-237,1,14.56,14.56
2026-01-25,VV-VITA-247,1,17.91,17.91
2026-01-25,VV-VITA-250,1,16.11,16.11
2026-01-25,VV-VITA-256,3,68.44,68.44
2026-01-25,VV-VITA-259,1,23.84,23.84
2026-01-25,VV-VITA-277,3,44.15,44.15
2026-01-25,VV-VITA-301,3,53.73,53.73
2026-01-25,VV-VITA-304,1,13.41,13.41
2026-01-25,VV-VITA-308,3,70.16,70.16
2026-01-25,VV-VITA-316,1,17.92,19.9
2026-01-25,VV-VITA-320,1,24.21,26.9
2026-01-25,VV-VITA-329,6,116.59,118.58
2026-01-25,VV-VITA-336,1,19.9,19.9
2026-01-25,VV-VITA-341,1,14.31,14.31
2026-01-25,VV-VITA-342,4,83.87,83.87
2026-01-25,VV-VITA-343,2,38.68,41.79
2026-01-25,VV-VITA-349,2,34.68,34.68
2026-01-25,VV-VITA-351,1,17.99,17.99
2026-01-25,VV-VITA-352,7,140.42,140.42
2026-01-25,VV-VITA-364,6,123.42,123.42
2026-01-25,VV-VITA-367,1,14.55,14.55
2026-01-25,VV-VITA-373,1,17.26,17.26
2026-01-25,VV-VITA-374,1,17.65,19.07
2026-01-25,VV-VITA-376,1,14.42,14.42
2026-01-25,VV-VITA-377,1,13.41,13.41
2026-01-25,VV-VITA-379,1,17.9,17.9
2026-01-25,VV-VITA-380,1,14.42,16.02
2026-01-25,VV-VITA-383,1,18.17,18.17
2026-01-25,VV-VITA-395,2,34.11,35.82
2026-01-25,VV-VITA-49,3,58.47,58.47
2026-01-25,VV-VITA-50,1,20.9,20.9
2026-01-25,VV-VITA-57-V,1,38.9,38.9
2026-01-26,,21,374.55,395.89
2026-01-26,BJ-E223-8EKW,1,24.9,24.9
2026-01-26,CP-DQMG-RVN9,3,42.89,65.97
2026-01-26,VV-VITA-101,1,19.81,19.81
2026-01-26,VV-VITA-121,1,19.71,21.9
2026-01-26,VV-VITA-124,2,47.09,47.09
2026-01-26,VV-VITA-127,3,70.47,70.47
2026-01-26,VV-VITA-136,1,16.25,24.99
2026-01-26,VV-VITA-158,1,21.63,21.63
2026-01-26,VV-VITA-165,2,56.16,56.16
2026-01-26,VV-VITA-173,1,16.18,16.18
2026-01-26,VV-VITA-174,1,18.9,18.9
2026-01-26,VV-VITA-188,1,16.61,18.45
2026-01-26,VV-VITA-198,1,13,19.99
2026-01-26,VV-VITA-202,1,14.31,15.9
2026-01-26,VV-VITA-203,1,17.91,19.9
2026-01-26,VV-VITA-207,2,39.8,39.8
2026-01-26,VV-VITA-208,1,19.9,19.9
2026-01-26,VV-VITA-223,13,242.73,285.85
2026-01-26,VV-VITA-248,1,19.71,21.9
2026-01-26,VV-VITA-249,2,47.8,47.8
2026-01-26,VV-VITA-250,1,12.28,18.89
2026-01-26,VV-VITA-256,4,81.02,94.69
2026-01-26,VV-VITA-259,4,93.17,101.98
2026-01-26,VV-VITA-276,2,41.8,50.89
2026-01-26,VV-VITA-277,5,59.73,62.31
2026-01-26,VV-VITA-286,2,45.31,45.31
2026-01-26,VV-VITA-301,1,13.76,13.76
2026-01-26,VV-VITA-304,3,34.46,47.28
2026-01-26,VV-VITA-307,1,14.54,14.54
2026-01-26,VV-VITA-320,2,46.08,48.77
2026-01-26,VV-VITA-326,3,63.06,63.06
2026-01-26,VV-VITA-329,1,19.9,19.9
2026-01-26,VV-VITA-339,3,57.71,59.7
2026-01-26,VV-VITA-341,6,81.72,90.56
2026-01-26,VV-VITA-342,9,171.21,181.84
2026-01-26,VV-VITA-344,1,20.08,20.08
2026-01-26,VV-VITA-352,1,20.61,22.9
2026-01-26,VV-VITA-354,1,21.9,21.9
2026-01-26,VV-VITA-362,1,14.3,21.99
2026-01-26,VV-VITA-364,2,37.11,45.29
2026-01-26,VV-VITA-367,1,15.22,15.22
2026-01-26,VV-VITA-376,1,17.26,17.26
2026-01-26,VV-VITA-377,3,41.72,41.72
2026-01-26,VV-VITA-378,2,25.8,25.8
2026-01-26,VV-VITA-38,3,44.26,46.15
2026-01-26,VV-VITA-381,1,14.9,14.9
2026-01-26,VV-VITA-386,-1,-21.9,0
2026-01-26,VV-VITA-391,1,24.54,24.54
2026-01-26,VV-VITA-49,5,78.8,103.77
2026-01-26,VV-VITA-50,2,29.89,45.98
2026-01-26,VV-VITA-93,1,16.9,16.9
2026-01-26,VV-VITA-94,1,23.31,25.9
2026-01-27,,29,441.95,448.58
2026-01-27,NX-CVPF-VCEZ,5,109.05,109.05
2026-01-27,TU-QNYD-JRRX,5,76.86,77.27
2026-01-27,VI-ZU99-SZ0B,1,15.27,16.96
2026-01-27,VV-VITA-101,2,47.71,47.71
2026-01-27,VV-VITA-105,1,19.99,19.99
2026-01-27,VV-VITA-109,2,32.32,34.02
2026-01-27,VV-VITA-121,2,41.32,41.32
2026-01-27,VV-VITA-124,3,69.34,69.34
2026-01-27,VV-VITA-142,1,25.9,25.9
2026-01-27,VV-VITA-151,-1,-18.82,0
2026-01-27,VV-VITA-153,1,17.91,17.91
2026-01-27,VV-VITA-155,4,79.79,80.05
2026-01-27,VV-VITA-157,1,12.51,13.9
2026-01-27,VV-VITA-158,2,53.57,54.24
2026-01-27,VV-VITA-171,1,27.26,27.26
2026-01-27,VV-VITA-188,1,16.27,16.27
2026-01-27,VV-VITA-197,2,49.1,49.1
2026-01-27,VV-VITA-199,4,70.19,75.97
2026-01-27,VV-VITA-202,1,12.19,13.54
2026-01-27,VV-VITA-203,1,17.92,17.92
2026-01-27,VV-VITA-208,1,17.91,19.9
2026-01-27,VV-VITA-223,7,153.67,163.23
2026-01-27,VV-VITA-230,2,41.36,43.54
2026-01-27,VV-VITA-250,1,19.08,19.08
2026-01-27,VV-VITA-252,1,22.62,22.9
2026-01-27,VV-VITA-259,1,25.58,25.9
2026-01-27,VV-VITA-277,1,16.35,16.35
2026-01-27,VV-VITA-284,1,23.61,23.9
2026-01-27,VV-VITA-286,1,22.65,22.65
2026-01-27,VV-VITA-301,4,65.63,65.84
2026-01-27,VV-VITA-303,2,34.02,35.8
2026-01-27,VV-VITA-307,3,43.25,48.05
2026-01-27,VV-VITA-308,3,72.82,73.15
2026-01-27,VV-VITA-313,2,38.89,38.89
2026-01-27,VV-VITA-320,8,189.14,207.16
2026-01-27,VV-VITA-329,5,99.26,101.25
2026-01-27,VV-VITA-339,4,71.56,79.51
2026-01-27,VV-VITA-341,2,29.85,31.44
2026-01-27,VV-VITA-342,3,59.44,61.79
2026-01-27,VV-VITA-344,3,68.27,68.27
2026-01-27,VV-VITA-349,1,18.17,18.17
2026-01-27,VV-VITA-352,1,20.61,22.9
2026-01-27,VV-VITA-356,1,13.9,13.9
2026-01-27,VV-VITA-359,5,85.57,90.72
2026-01-27,VV-VITA-364,1,21.27,23.62
2026-01-27,VV-VITA-366,2,26.82,29.8
2026-01-27,VV-VITA-367,3,48.51,48.89
2026-01-27,VV-VITA-373,5,61.45,61.45
2026-01-27,VV-VITA-377,3,40.39,41.74
2026-01-27,VV-VITA-379,1,15.02,15.22
2026-01-27,VV-VITA-38,2,32.08,33.97
2026-01-27,VV-VITA-380,1,13.9,13.9
2026-01-27,VV-VITA-381,3,54.27,54.27
2026-01-27,VV-VITA-386,-1,-17.24,0
2026-01-27,VV-VITA-391,1,19.65,19.9
2026-01-27,VV-VITA-394,1,16.15,16.15
2026-01-27,VV-VITA-395,2,37.8,37.8
2026-01-27,VV-VITA-402,1,24.58,24.9
2026-01-27,VV-VITA-403,1,16.71,16.92
2026-01-27,VV-VITA-49,1,17.01,18.9
2026-01-27,VV-VITA-50,1,19.65,19.9
2026-01-27,VV-VITA-57-V,1,38.9,38.9
2026-01-27,VV-VITA-57-V2,1,22.72,22.72
2026-01-27,VV-VITA-63,1,19.23,19.47
2026-01-27,VV-VITA-93,3,41.23,45.81
2026-01-27,VV-VITA-94,1,23.31,25.9
2026-01-28,,25,366.95,380.55
2026-01-28,BJ-E223-8EKW,2,45.54,48.08
2026-01-28,CP-DQMG-RVN9,1,21.9,21.9
2026-01-28,CW-KVIN-V39Y,2,27.17,41.8
2026-01-28,TU-QNYD-JRRX,4,41.79,64.28
2026-01-28,VI-ZU99-SZ0B,2,32.43,34.14
2026-01-28,VV-VITA-109,1,15.31,17.01
2026-01-28,VV-VITA-122,1,20.9,20.9
2026-01-28,VV-VITA-124,1,23.55,23.55
2026-01-28,VV-VITA-158,2,44.1,44.1
2026-01-28,VV-VITA-159,30,485.54,639.54
2026-01-28,VV-VITA-170,2,24.57,37.8
2026-01-28,VV-VITA-174,1,22.72,22.72
2026-01-28,VV-VITA-188,1,17.99,19.98
2026-01-28,VV-VITA-202,1,14.31,15.9
2026-01-28,VV-VITA-203,1,18.43,18.43
2026-01-28,VV-VITA-207,2,25.87,39.8
2026-01-28,VV-VITA-215,1,19.08,19.08
2026-01-28,VV-VITA-223,14,276,322.6
2026-01-28,VV-VITA-225,1,18.82,20.9
2026-01-28,VV-VITA-248,4,84.74,86.93
2026-01-28,VV-VITA-252,2,29.77,45.8
2026-01-28,VV-VITA-276,4,93.8,93.8
2026-01-28,VV-VITA-277,2,30.14,30.14
2026-01-28,VV-VITA-286,3,65.02,67.21
2026-01-28,VV-VITA-298,5,68.15,97.35
2026-01-28,VV-VITA-301,2,34.33,34.33
2026-01-28,VV-VITA-303,1,16.12,17.9
2026-01-28,VV-VITA-304,5,71.81,76.28
2026-01-28,VV-VITA-313,3,36.86,56.7
2026-01-28,VV-VITA-320,4,99.78,105.15
2026-01-28,VV-VITA-339,2,40.19,42.44
2026-01-28,VV-VITA-341,5,77.9,84.66
2026-01-28,VV-VITA-342,4,67.23,72.68
2026-01-28,VV-VITA-344,2,41.83,41.83
2026-01-28,VV-VITA-352,2,41.8,46.44
2026-01-28,VV-VITA-354,4,65.56,88.55
2026-01-28,VV-VITA-356,6,94.57,94.57
2026-01-28,VV-VITA-359,1,18.9,18.9
2026-01-28,VV-VITA-361,5,85.3,90.72
2026-01-28,VV-VITA-364,6,85.41,131.4
2026-01-28,VV-VITA-367,10,110.91,153.52
2026-01-28,VV-VITA-368,2,30.9,30.9
2026-01-28,VV-VITA-374,1,19.08,19.08
2026-01-28,VV-VITA-377,2,26.97,28.32
2026-01-28,VV-VITA-379,4,61.88,77.1
2026-01-28,VV-VITA-38,1,19.58,19.58
2026-01-28,VV-VITA-380,1,13.9,13.9
2026-01-28,VV-VITA-381,4,63.56,63.56
2026-01-28,VV-VITA-387,2,51.4,54.48
2026-01-28,VV-VITA-39,1,16.36,18.16
2026-01-28,VV-VITA-394,2,37.85,37.85
2026-01-28,VV-VITA-398,6,75.06,83.4
2026-01-28,VV-VITA-403,2,32.62,34.32
2026-01-28,VV-VITA-49,1,17.01,18.9
2026-01-28,VV-VITA-57-V,1,35.45,35.45
2026-01-28,VV-VITA-57-V2,1,21.75,24.16
2026-01-28,VV-VITA-94,0,-3.04,25.9
2026-01-29,,54,640.5,872.88
2026-01-29,CW-KVIN-V39Y,1,17.27,17.27
2026-01-29,TU-QNYD-JRRX,224,2340.7,3599.68
2026-01-29,VV-VITA-102,3,48.85,54.27
2026-01-29,VV-VITA-104,2,41.52,41.52
2026-01-29,VV-VITA-109,1,18.81,20.9
2026-01-29,VV-VITA-116,2,39.62,39.62
2026-01-29,VV-VITA-127,18,291.33,448.2
2026-01-29,VV-VITA-142,3,62.27,62.27
2026-01-29,VV-VITA-158,2,39.26,48.75
2026-01-29,VV-VITA-159,3,63.35,63.35
2026-01-29,VV-VITA-188,4,53.77,72.56
2026-01-29,VV-VITA-197,1,24.9,24.9
2026-01-29,VV-VITA-198,2,32.72,36.34
2026-01-29,VV-VITA-202,1,16.36,18.16
2026-01-29,VV-VITA-203,2,39.82,39.82
2026-01-29,VV-VITA-223,9,163.25,213.42
2026-01-29,VV-VITA-225,15,203.78,313.5
2026-01-29,VV-VITA-237,2,35.82,39.8
2026-01-29,VV-VITA-248,1,24.54,24.54
2026-01-29,VV-VITA-249,19,303.53,454.1
2026-01-29,VV-VITA-250,3,62.27,62.27
2026-01-29,VV-VITA-256,3,64.54,64.54
2026-01-29,VV-VITA-276,1,24.9,24.9
2026-01-29,VV-VITA-277,1,14.72,16.35
2026-01-29,VV-VITA-286,1,22.65,22.65
2026-01-29,VV-VITA-304,3,29.06,44.7
2026-01-29,VV-VITA-307,1,12.42,12.42
2026-01-29,VV-VITA-308,5,84.2,129.5
2026-01-29,VV-VITA-310,6,97.11,149.4
2026-01-29,VV-VITA-313,1,19.81,19.81
2026-01-29,VV-VITA-320,1,26.9,26.9
2026-01-29,VV-VITA-329,2,35.07,35.07
2026-01-29,VV-VITA-336,6,77.61,119.4
2026-01-29,VV-VITA-341,2,32.87,32.87
2026-01-29,VV-VITA-342,1,22.65,22.65
2026-01-29,VV-VITA-344,7,96.34,148.19
2026-01-29,VV-VITA-345,1,20.9,20.9
2026-01-29,VV-VITA-349,3,32.96,50.7
2026-01-29,VV-VITA-352,6,104.33,138.75
2026-01-29,VV-VITA-354,1,21.27,23.62
2026-01-29,VV-VITA-357,3,36.86,56.7
2026-01-29,VV-VITA-358,3,36.86,56.7
2026-01-29,VV-VITA-361,3,52.95,56.81
2026-01-29,VV-VITA-364,3,56.42,58.4
2026-01-29,VV-VITA-365,1,14.45,14.45
2026-01-29,VV-VITA-366,1,13.41,14.9
2026-01-29,VV-VITA-367,1,15.22,15.22
2026-01-29,VV-VITA-369,1,14.92,14.92
2026-01-29,VV-VITA-373,3,29.15,38.01
2026-01-29,VV-VITA-376,1,16.36,16.36
2026-01-29,VV-VITA-378,1,15.45,15.45
2026-01-29,VV-VITA-379,3,29.68,45.66
2026-01-29,VV-VITA-38,3,46.93,46.93
2026-01-29,VV-VITA-381,3,38.85,41.82
2026-01-29,VV-VITA-383,4,71.6,71.6
2026-01-29,VV-VITA-385,5,68.94,90.67
2026-01-29,VV-VITA-387,4,98.87,105.03
2026-01-29,VV-VITA-389,1,24.45,24.45
2026-01-29,VV-VITA-394,1,14.81,14.81
2026-01-29,VV-VITA-395,2,39.22,39.22
2026-01-29,VV-VITA-398,4,43.46,59.86
2026-01-29,VV-VITA-403,6,93.62,98.7
2026-01-29,VV-VITA-407,2,36.27,55.8
2026-01-29,VV-VITA-49,8,98.28,151.2
2026-01-29,VV-VITA-50,1,17.83,19.81
2026-01-29,VV-VITA-57-V2,2,43.5,48.32
2026-01-29,VV-VITA-63,1,19.26,19.26
2026-01-29,VV-VITA-86,-1,-19.9,0
2026-01-29,VV-VITA-94,8,185.79,212.97
2026-01-30,,44,575.23,731.91
2026-01-30,BJ-E223-8EKW,2,44.82,49.8
2026-01-30,CP-DQMG-RVN9,11,189.44,240.9
2026-01-30,CW-KVIN-V39Y,6,86.74,125.4
2026-01-30,NX-CVPF-VCEZ,15,203.83,313.5
2026-01-30,TU-QNYD-JRRX,3,43.83,43.83
2026-01-30,VV-VITA-116,3,55.02,55.02
2026-01-30,VV-VITA-127,5,80.93,124.5
2026-01-30,VV-VITA-129,5,61.43,94.5
2026-01-30,VV-VITA-142,2,51.8,51.8
2026-01-30,VV-VITA-146,1,19.9,19.9
2026-01-30,VV-VITA-153,5,64.68,99.5
2026-01-30,VV-VITA-158,4,101.08,101.08
2026-01-30,VV-VITA-171,2,55.8,55.8
2026-01-30,VV-VITA-173,5,64.68,99.5
2026-01-30,VV-VITA-174,5,61.43,94.5
2026-01-30,VV-VITA-186,2,51.8,51.8
2026-01-30,VV-VITA-190,5,64.68,99.5
2026-01-30,VV-VITA-197,150,2428.5,3735
2026-01-30,VV-VITA-199,2,38.83,38.83
2026-01-30,VV-VITA-202,5,51.68,79.5
2026-01-30,VV-VITA-206,2,35.8,35.8
2026-01-30,VV-VITA-223,24,441.6,567.56
2026-01-30,VV-VITA-228,17,327.86,393.12
2026-01-30,VV-VITA-230,4,67.34,103.6
2026-01-30,VV-VITA-231,58,1415.06,1589.3
2026-01-30,VV-VITA-248,8,136.88,175.2
2026-01-30,VV-VITA-249,5,77.68,119.5
2026-01-30,VV-VITA-252,5,74.43,114.5
2026-01-30,VV-VITA-256,6,95.04,137.4
2026-01-30,VV-VITA-258,1,19.91,19.91
2026-01-30,VV-VITA-259,1,27.29,27.29
2026-01-30,VV-VITA-277,1,16.35,16.35
2026-01-30,VV-VITA-286,7,110.6,153.3
2026-01-30,VV-VITA-297,5,64.68,99.5
2026-01-30,VV-VITA-298,1,20.07,20.07
2026-01-30,VV-VITA-301,2,30.76,30.76
2026-01-30,VV-VITA-31,8,136.88,175.2
2026-01-30,VV-VITA-310,5,80.93,124.5
2026-01-30,VV-VITA-317,3,46.15,46.15
2026-01-30,VV-VITA-320,4,85.46,91.96
2026-01-30,VV-VITA-326,5,80.93,124.5
2026-01-30,VV-VITA-329,5,64.68,99.5
2026-01-30,VV-VITA-338,4,70.79,70.79
2026-01-30,VV-VITA-341,6,64.56,93.82
2026-01-30,VV-VITA-342,2,39.63,41.6
2026-01-30,VV-VITA-344,5,68.81,105.85
2026-01-30,VV-VITA-351,1,19.9,19.9
2026-01-30,VV-VITA-354,5,71.18,109.5
2026-01-30,VV-VITA-359,2,39.28,39.28
2026-01-30,VV-VITA-361,2,34.54,36.23
2026-01-30,VV-VITA-363,5,54.93,84.5
2026-01-30,VV-VITA-364,3,67.43,67.43
2026-01-30,VV-VITA-365,1,14.9,14.9
2026-01-30,VV-VITA-366,6,63.33,89.4
2026-01-30,VV-VITA-367,4,60.88,60.88
2026-01-30,VV-VITA-373,1,13.1,13.1
2026-01-30,VV-VITA-376,5,51.68,79.5
2026-01-30,VV-VITA-377,10,124.45,150.52
2026-01-30,VV-VITA-38,2,36.99,36.99
2026-01-30,VV-VITA-381,15,203.83,229.9
2026-01-30,VV-VITA-385,4,64.22,67.6
2026-01-30,VV-VITA-387,2,56.83,56.83
2026-01-30,VV-VITA-39,2,39.25,41.06
2026-01-30,VV-VITA-395,2,37.8,37.8
2026-01-30,VV-VITA-398,1,12.51,13.9
2026-01-30,VV-VITA-403,3,49.22,49.22
2026-01-30,VV-VITA-407,1,27.9,27.9
2026-01-30,VV-VITA-49,4,73.71,75.6
2026-01-30,VV-VITA-50,2,41.8,41.8
2026-01-30,VV-VITA-57-V,6,161.79,229.86
2026-01-30,VV-VITA-57-V2,2,48.07,48.07
2026-01-30,VV-VITA-63,1,19.47,19.47
2026-01-30,VV-VITA-93,1,19.99,19.99
2026-01-30,VV-VITA-94,2,47.04,52.25
2026-01-31,,17,256.27,268.54
2026-01-31,VV-VITA-109,3,56.7,56.7
2026-01-31,VV-VITA-116,2,36.35,36.35
2026-01-31,VV-VITA-122,1,20.61,22.9
2026-01-31,VV-VITA-124,1,23.55,23.55
2026-01-31,VV-VITA-146,1,17.91,19.9
2026-01-31,VV-VITA-153,2,37.84,39.82
2026-01-31,VV-VITA-159,2,41.33,41.33
2026-01-31,VV-VITA-165,2,50.55,56.16
2026-01-31,VV-VITA-171,3,82.26,82.26
2026-01-31,VV-VITA-186,1,23.31,25.9
2026-01-31,VV-VITA-199,2,35.82,39.8
2026-01-31,VV-VITA-206,1,17.9,17.9
2026-01-31,VV-VITA-223,4,80.67,89.6
2026-01-31,VV-VITA-231,28,722.86,755.43
2026-01-31,VV-VITA-237,3,59.7,59.7
2026-01-31,VV-VITA-247,2,35.82,39.8
2026-01-31,VV-VITA-249,1,23.63,23.63
2026-01-31,VV-VITA-256,1,20.39,22.65
2026-01-31,VV-VITA-259,2,48.35,50.89
2026-01-31,VV-VITA-276,4,105.09,105.09
2026-01-31,VV-VITA-301,1,15.22,16.92
2026-01-31,VV-VITA-304,1,16.35,16.35
2026-01-31,VV-VITA-308,1,22.64,22.64
2026-01-31,VV-VITA-320,4,94.4,99.78
2026-01-31,VV-VITA-338,2,35.83,39.8
2026-01-31,VV-VITA-339,1,17.83,19.81
2026-01-31,VV-VITA-341,1,15.54,17.26
2026-01-31,VV-VITA-342,1,19.71,21.9
2026-01-31,VV-VITA-361,2,32.71,36.32
2026-01-31,VV-VITA-364,4,86.67,91.05
2026-01-31,VV-VITA-367,2,30.67,30.67
2026-01-31,VV-VITA-368,1,9,13.4
2026-01-31,VV-VITA-375,1,16.9,16.9
2026-01-31,VV-VITA-376,2,28.83,32.03
2026-01-31,VV-VITA-38,1,12.26,13.62
2026-01-31,VV-VITA-380,2,28.38,28.38
2026-01-31,VV-VITA-381,3,41.72,44.7
2026-01-31,VV-VITA-394,1,20.08,20.08
2026-01-31,VV-VITA-403,4,70.07,70.07
2026-01-31,VV-VITA-49,1,17.99,19.98
2026-01-31,VV-VITA-50,1,18.81,20.9
2026-01-31,VV-VITA-90,4,67.97,67.97
2026-01-31,VV-VITA-93,1,16.02,16.02
2026-02-01,,17,248.88,256.63
2026-02-01,BJ-E223-8EKW,1,22.9,25.44
2026-02-01,NX-CVPF-VCEZ,1,20.9,20.9
2026-02-01,TU-QNYD-JRRX,6,91.39,91.39
2026-02-01,VV-VITA-122,1,20.9,20.9
2026-02-01,VV-VITA-124,1,23.55,23.55
2026-02-01,VV-VITA-127,2,42.65,45.14
2026-02-01,VV-VITA-129,1,15.46,17.17
2026-02-01,VV-VITA-136,2,43.46,43.46
2026-02-01,VV-VITA-146,1,18.17,18.17
2026-02-01,VV-VITA-153,2,37.83,39.82
2026-02-01,VV-VITA-155,2,41.53,43.62
2026-02-01,VV-VITA-157,2,22.75,25.27
2026-02-01,VV-VITA-158,1,27.12,27.12
2026-02-01,VV-VITA-159,4,82.2,82.2
2026-02-01,VV-VITA-165,3,81.62,81.62
2026-02-01,VV-VITA-174,1,18.9,18.9
2026-02-01,VV-VITA-198,1,19.9,19.9
2026-02-01,VV-VITA-202,1,15.9,15.9
2026-02-01,VV-VITA-207,2,40.66,40.66
2026-02-01,VV-VITA-223,13,288.61,300.55
2026-02-01,VV-VITA-225,3,53.7,64.64
2026-02-01,VV-VITA-228,17,357.48,377.4
2026-02-01,VV-VITA-231,33,860.58,897.6
2026-02-01,VV-VITA-237,2,34.53,34.53
2026-02-01,VV-VITA-248,1,24.55,24.55
2026-02-01,VV-VITA-249,1,22.59,25.1
2026-02-01,VV-VITA-252,1,20.61,22.9
2026-02-01,VV-VITA-256,1,20.61,22.9
2026-02-01,VV-VITA-259,2,43.15,45.6
2026-02-01,VV-VITA-284,1,19.55,21.72
2026-02-01,VV-VITA-286,6,122.33,135.92
2026-02-01,VV-VITA-301,1,16.04,16.04
2026-02-01,VV-VITA-303,1,16.36,18.16
2026-02-01,VV-VITA-304,2,29.17,30.8
2026-02-01,VV-VITA-308,1,23.63,23.63
2026-02-01,VV-VITA-313,2,36.89,38.88
2026-02-01,VV-VITA-317,1,16.92,16.92
2026-02-01,VV-VITA-320,5,121.08,126.46
2026-02-01,VV-VITA-326,2,42.08,44.34
2026-02-01,VV-VITA-341,3,45.88,49.06
2026-02-01,VV-VITA-344,3,60.24,60.24
2026-02-01,VV-VITA-356,2,26.8,30.9
2026-02-01,VV-VITA-359,7,106.76,121.52
2026-02-01,VV-VITA-361,2,30.42,33.8
2026-02-01,VV-VITA-364,4,82.27,88.01
2026-02-01,VV-VITA-367,4,59,59
2026-02-01,VV-VITA-376,1,13.01,14.45
2026-02-01,VV-VITA-377,2,28.31,29.8
2026-02-01,VV-VITA-379,1,15.22,15.22
2026-02-01,VV-VITA-38,1,12.26,13.62
2026-02-01,VV-VITA-381,3,51.85,51.85
2026-02-01,VV-VITA-389,6,135.24,146.31
2026-02-01,VV-VITA-39,3,49.07,54.51
2026-02-01,VV-VITA-403,3,50.76,50.76
2026-02-01,VV-VITA-50,2,37.62,41.8
2026-02-01,VV-VITA-57-V,3,99.19,106.25
2026-02-01,VV-VITA-90,3,62.7,62.7
2026-02-01,VV-VITA-93,1,15.21,16.9
2026-02-01,VV-VITA-94,2,52.71,52.71
2026-02-02,,22,317.47,323.49
2026-02-02,BJ-E223-8EKW,1,24.9,24.9
2026-02-02,CW-KVIN-V39Y,1,24.65,27.38
2026-02-02,TU-QNYD-JRRX,4,60.65,60.65
2026-02-02,VV-VITA-101,1,22.64,22.64
2026-02-02,VV-VITA-105,1,17.83,19.81
2026-02-02,VV-VITA-122,1,20.82,20.82
2026-02-02,VV-VITA-124,3,74.9,74.9
2026-02-02,VV-VITA-127,4,87.45,92.43
2026-02-02,VV-VITA-142,7,163.96,163.96
2026-02-02,VV-VITA-153,2,36.18,37.98
2026-02-02,VV-VITA-155,1,19.72,19.72
2026-02-02,VV-VITA-158,2,48.75,48.75
2026-02-02,VV-VITA-159,2,38.62,38.62
2026-02-02,VV-VITA-166,1,19.9,19.9
2026-02-02,VV-VITA-170,1,18.9,18.9
2026-02-02,VV-VITA-174,3,61.88,61.88
2026-02-02,VV-VITA-198,1,18.17,18.17
2026-02-02,VV-VITA-223,26,598.27,631.51
2026-02-02,VV-VITA-225,1,22.72,22.72
2026-02-02,VV-VITA-228,4,90.51,90.51
2026-02-02,VV-VITA-231,7,182.04,182.04
2026-02-02,VV-VITA-249,1,23.9,23.9
2026-02-02,VV-VITA-256,3,67.4,67.4
2026-02-02,VV-VITA-277,1,15.07,15.07
2026-02-02,VV-VITA-298,1,19.47,19.47
2026-02-02,VV-VITA-31,1,20.76,20.76
2026-02-02,VV-VITA-311,0,0,19.9
2026-02-02,VV-VITA-313,1,17.18,17.18
2026-02-02,VV-VITA-317,1,16.22,16.22
2026-02-02,VV-VITA-318,1,17.18,17.18
2026-02-02,VV-VITA-320,2,53.8,53.8
2026-02-02,VV-VITA-338,1,17.26,17.26
2026-02-02,VV-VITA-341,4,61.39,63.08
2026-02-02,VV-VITA-342,2,36.05,37.86
2026-02-02,VV-VITA-344,6,124.35,124.35
2026-02-02,VV-VITA-361,1,16.9,16.9
2026-02-02,VV-VITA-364,4,88.96,88.96
2026-02-02,VV-VITA-366,2,27.09,27.09
2026-02-02,VV-VITA-367,2,36.92,36.92
2026-02-02,VV-VITA-368,1,15.22,30.44
2026-02-02,VV-VITA-369,3,53.7,53.7
2026-02-02,VV-VITA-375,1,19.99,19.99
2026-02-02,VV-VITA-376,1,17.26,17.26
2026-02-02,VV-VITA-377,5,68.54,74.5
2026-02-02,VV-VITA-38,2,33.97,52.87
2026-02-02,VV-VITA-381,5,70.92,75.49
2026-02-02,VV-VITA-385,2,30.73,30.73
2026-02-02,VV-VITA-389,1,22.72,22.72
2026-02-02,VV-VITA-39,1,18.17,18.17
2026-02-02,VV-VITA-394,2,37.85,55.62
2026-02-02,VV-VITA-395,2,39.66,41.55
2026-02-02,VV-VITA-398,1,18.17,18.17
2026-02-02,VV-VITA-403,5,82.91,101.52
2026-02-02,VV-VITA-49,2,34.36,36.07
2026-02-02,VV-VITA-50,1,18.82,20.9
2026-02-02,VV-VITA-63,1,16.22,16.22
2026-02-02,VV-VITA-90,2,39.43,39.43
2026-02-02,VV-VITA-94,1,26.35,26.35
2026-02-03,,19,311.05,314.33
2026-02-03,BJ-E223-8EKW,3,76.34,76.34
2026-02-03,CW-KVIN-V39Y,3,40.76,62.7
2026-02-03,VI-ZU99-SZ0B,1,17.26,17.26
2026-02-03,VV-VITA-02,1,18.17,18.17
2026-02-03,VV-VITA-102,2,40.57,40.57
2026-02-03,VV-VITA-109,2,39.16,39.16
2026-02-03,VV-VITA-116,1,16.11,17.9
2026-02-03,VV-VITA-122,1,20.82,20.82
2026-02-03,VV-VITA-124,2,47.45,47.45
2026-02-03,VV-VITA-127,7,161.52,161.52
2026-02-03,VV-VITA-142,2,51.8,51.8
2026-02-03,VV-VITA-155,3,48.07,62.7
2026-02-03,VV-VITA-157,2,27.8,27.8
2026-02-03,VV-VITA-158,3,81.36,81.36
2026-02-03,VV-VITA-159,6,115.86,115.86
2026-02-03,VV-VITA-188,1,18.49,18.49
2026-02-03,VV-VITA-198,4,77.81,77.81
2026-02-03,VV-VITA-199,1,17.91,19.9
2026-02-03,VV-VITA-202,4,63.31,64.9
2026-02-03,VV-VITA-207,3,38.81,59.7
2026-02-03,VV-VITA-208,2,39.8,39.8
2026-02-03,VV-VITA-223,11,236.71,248.04
2026-02-03,VV-VITA-228,5,107.96,110.14
2026-02-03,VV-VITA-231,4,108.81,108.81
2026-02-03,VV-VITA-256,1,18.74,20.82
2026-02-03,VV-VITA-264,2,54.52,54.52
2026-02-03,VV-VITA-276,1,23.63,23.63
2026-02-03,VV-VITA-277,2,25.76,27.05
2026-02-03,VV-VITA-286,1,17.92,19.91
2026-02-03,VV-VITA-298,2,25.32,38.94
2026-02-03,VV-VITA-301,3,51.84,51.84
2026-02-03,VV-VITA-304,1,14.73,16.35
2026-02-03,VV-VITA-308,2,33.67,51.8
2026-02-03,VV-VITA-31,1,21.9,21.9
2026-02-03,VV-VITA-310,1,22.41,24.9
2026-02-03,VV-VITA-311,5,89.05,90.86
2026-02-03,VV-VITA-313,1,18.9,18.9
2026-02-03,VV-VITA-317,1,16.92,16.92
2026-02-03,VV-VITA-320,6,138.47,145.75
2026-02-03,VV-VITA-329,2,37.84,39.74
2026-02-03,VV-VITA-341,2,31.26,31.26
2026-02-03,VV-VITA-342,5,94.04,102.04
2026-02-03,VV-VITA-344,2,40.82,42.93
2026-02-03,VV-VITA-354,-1,-0.17,47.25
2026-02-03,VV-VITA-356,1,13.7,13.7
2026-02-03,VV-VITA-357,1,17.01,18.9
2026-02-03,VV-VITA-358,1,17.18,17.18
2026-02-03,VV-VITA-359,3,59.97,59.97
2026-02-03,VV-VITA-364,9,146.56,196.93
2026-02-03,VV-VITA-365,1,13.41,14.9
2026-02-03,VV-VITA-366,3,40.23,44.7
2026-02-03,VV-VITA-367,3,44.36,44.36
2026-02-03,VV-VITA-368,1,16.15,16.15
2026-02-03,VV-VITA-373,1,12.67,12.67
2026-02-03,VV-VITA-375,1,15.21,16.9
2026-02-03,VV-VITA-377,3,43.21,44.7
2026-02-03,VV-VITA-381,8,119.75,121.24
2026-02-03,VV-VITA-385,1,15.21,16.9
2026-02-03,VV-VITA-389,2,43.02,47.8
2026-02-03,VV-VITA-39,1,23.93,23.93
2026-02-03,VV-VITA-395,1,17.01,18.9
2026-02-03,VV-VITA-398,5,70.71,73.49
2026-02-03,VV-VITA-49,2,35.98,39.97
2026-02-03,VV-VITA-50,4,78.52,80.6
2026-02-03,VV-VITA-93,3,39.96,53.78
2026-02-03,VV-VITA-94,2,49.62,52.25
2026-02-04,,23,359.59,364.48
2026-02-04,NX-CVPF-VCEZ,1,22.09,24.54
2026-02-04,VV-VITA-102,1,16.35,18.16
2026-02-04,VV-VITA-109,4,66.11,73.45
2026-02-04,VV-VITA-119,1,15.45,15.45
2026-02-04,VV-VITA-121,1,18.69,18.69
2026-02-04,VV-VITA-124,1,21.51,23.9
2026-02-04,VV-VITA-142,1,20.76,20.76
2026-02-04,VV-VITA-146,1,17.91,19.9
2026-02-04,VV-VITA-155,3,58.52,62.7
2026-02-04,VV-VITA-157,2,29.35,29.35
2026-02-04,VV-VITA-158,5,119.12,119.12
2026-02-04,VV-VITA-159,2,38.62,38.62
2026-02-04,VV-VITA-174,2,45.44,45.44
2026-02-04,VV-VITA-190,1,19.9,19.9
2026-02-04,VV-VITA-198,4,77.78,79.58
2026-02-04,VV-VITA-199,2,32.04,32.04
2026-02-04,VV-VITA-206,2,37.73,37.73
2026-02-04,VV-VITA-223,4,96.25,96.25
2026-02-04,VV-VITA-228,5,112.32,112.32
2026-02-04,VV-VITA-231,7,177.49,185.25
2026-02-04,VV-VITA-237,1,16.9,18.77
2026-02-04,VV-VITA-248,3,64.62,64.62
2026-02-04,VV-VITA-252,1,20.61,22.9
2026-02-04,VV-VITA-257,11,271.1,279.17
2026-02-04,VV-VITA-259,1,25.45,25.45
2026-02-04,VV-VITA-264,1,23.31,25.9
2026-02-04,VV-VITA-276,1,22.23,22.23
2026-02-04,VV-VITA-297,2,39.8,39.8
2026-02-04,VV-VITA-298,1,20.07,20.07
2026-02-04,VV-VITA-301,2,29.28,29.28
2026-02-04,VV-VITA-308,5,102.06,108.66
2026-02-04,VV-VITA-311,2,34.52,36.33
2026-02-04,VV-VITA-320,4,79.33,83.91
2026-02-04,VV-VITA-341,1,15.54,17.26
2026-02-04,VV-VITA-342,1,22.65,22.65
2026-02-04,VV-VITA-358,3,48.14,53.48
2026-02-04,VV-VITA-361,2,36.34,36.34
2026-02-04,VV-VITA-364,5,107.6,114.68
2026-02-04,VV-VITA-366,1,14.9,14.9
2026-02-04,VV-VITA-367,4,64.34,64.34
2026-02-04,VV-VITA-368,3,46.11,46.11
2026-02-04,VV-VITA-374,4,65.26,68.66
2026-02-04,VV-VITA-375,1,16.11,16.11
2026-02-04,VV-VITA-376,1,17.26,17.26
2026-02-04,VV-VITA-379,4,57.71,57.71
2026-02-04,VV-VITA-38,1,17.01,18.9
2026-02-04,VV-VITA-381,5,68.54,74.5
2026-02-04,VV-VITA-391,1,17.91,19.9
2026-02-04,VV-VITA-403,8,143.23,143.23
2026-02-04,VV-VITA-57-V,3,99.17,106.25
2026-02-04,VV-VITA-94,7,164.91,172.28
2026-02-05,,31,448.55,522.13
2026-02-05,BJ-E223-8EKW,4,83.25,92.5
2026-02-05,CW-KVIN-V39Y,1,27.18,27.18
2026-02-05,VV-VITA-02,3,54.52,54.52
2026-02-05,VV-VITA-101,3,80.44,80.44
2026-02-05,VV-VITA-121,1,18.69,18.69
2026-02-05,VV-VITA-124,1,23.55,23.55
2026-02-05,VV-VITA-127,1,24.9,24.9
2026-02-05,VV-VITA-129,2,30.14,30.14
2026-02-05,VV-VITA-142,1,21.39,23.76
2026-02-05,VV-VITA-155,-2,-45.44,0
2026-02-05,VV-VITA-157,1,18.86,18.86
2026-02-05,VV-VITA-158,3,75.87,75.87
2026-02-05,VV-VITA-159,11,220.15,225.84
2026-02-05,VV-VITA-171,1,27.26,27.26
2026-02-05,VV-VITA-173,1,18.17,18.17
2026-02-05,VV-VITA-208,1,19.9,19.9
2026-02-05,VV-VITA-223,3,63.66,68
2026-02-05,VV-VITA-228,5,101.72,106.07
2026-02-05,VV-VITA-231,2,48.93,54.36
2026-02-05,VV-VITA-247,6,94.68,105.2
2026-02-05,VV-VITA-249,2,35.86,39.83
2026-02-05,VV-VITA-256,2,45.8,45.8
2026-02-05,VV-VITA-257,6,138.33,142.67
2026-02-05,VV-VITA-264,15,280.2,373.5
2026-02-05,VV-VITA-276,1,21.27,23.62
2026-02-05,VV-VITA-277,1,13.55,13.55
2026-02-05,VV-VITA-284,1,22.72,22.72
2026-02-05,VV-VITA-298,2,38.94,38.94
2026-02-05,VV-VITA-303,1,16.35,18.16
2026-02-05,VV-VITA-308,2,49.53,49.53
2026-02-05,VV-VITA-311,2,32.71,36.32
2026-02-05,VV-VITA-313,-1,-19.99,0
2026-02-05,VV-VITA-317,1,17.65,17.65
2026-02-05,VV-VITA-319,4,64.19,64.19
2026-02-05,VV-VITA-320,10,210.14,213.93
2026-02-05,VV-VITA-341,2,30.21,31.8
2026-02-05,VV-VITA-342,2,34.59,36.41
2026-02-05,VV-VITA-344,3,64.81,64.81
2026-02-05,VV-VITA-354,-1,-14.23,0
2026-02-05,VV-VITA-361,1,19.33,19.33
2026-02-05,VV-VITA-364,6,128.54,130.52
2026-02-05,VV-VITA-367,2,32.37,33.91
2026-02-05,VV-VITA-369,1,18.17,18.17
2026-02-05,VV-VITA-371,1,18.17,18.17
2026-02-05,VV-VITA-373,1,13.21,14.67
2026-02-05,VV-VITA-375,2,28.78,30.18
2026-02-05,VV-VITA-377,3,46.15,47.96
2026-02-05,VV-VITA-379,3,48.65,48.65
2026-02-05,VV-VITA-38,1,13.63,13.63
2026-02-05,VV-VITA-383,1,16.35,18.16
2026-02-05,VV-VITA-387,1,30.93,30.93
2026-02-05,VV-VITA-389,2,39.47,43.85
2026-02-05,VV-VITA-39,1,18.17,18.17
2026-02-05,VV-VITA-394,1,20.08,20.08
2026-02-05,VV-VITA-395,1,18.9,18.9
2026-02-05,VV-VITA-49,4,68.38,73.87
2026-02-05,VV-VITA-50,3,61.7,61.7
2026-02-05,VV-VITA-57-V,1,34.27,34.27
2026-02-05,VV-VITA-57-V2,1,24.17,24.17
2026-02-05,VV-VITA-86,-1,-19,0
2026-02-06,,15,228.39,231.63
2026-02-06,CW-KVIN-V39Y,2,48.93,54.36
2026-02-06,VV-VITA-101,1,19.64,21.81
2026-02-06,VV-VITA-111,1,18.82,20.9
2026-02-06,VV-VITA-122,1,20.9,20.9
2026-02-06,VV-VITA-127,1,22.41,24.9
2026-02-06,VV-VITA-142,3,67.85,67.85
2026-02-06,VV-VITA-153,2,37.84,39.82
2026-02-06,VV-VITA-157,2,25.02,27.8
2026-02-06,VV-VITA-158,1,28.33,28.33
2026-02-06,VV-VITA-159,5,99.26,99.26
2026-02-06,VV-VITA-171,1,27.18,27.18
2026-02-06,VV-VITA-190,1,21.71,21.71
2026-02-06,VV-VITA-197,1,19.91,19.91
2026-02-06,VV-VITA-206,1,17.26,17.26
2026-02-06,VV-VITA-207,2,39.82,39.82
2026-02-06,VV-VITA-223,5,110.5,112.89
2026-02-06,VV-VITA-225,4,91.51,91.51
2026-02-06,VV-VITA-228,2,47.45,47.45
2026-02-06,VV-VITA-231,4,107.6,107.6
2026-02-06,VV-VITA-237,4,67.97,71.68
2026-02-06,VV-VITA-248,2,46.45,46.45
2026-02-06,VV-VITA-256,1,22.64,22.64
2026-02-06,VV-VITA-257,5,120.76,126.14
2026-02-06,VV-VITA-259,16,391.15,393.69
2026-02-06,VV-VITA-286,1,21.9,21.9
2026-02-06,VV-VITA-298,1,19.47,19.47
2026-02-06,VV-VITA-301,2,30.71,30.71
2026-02-06,VV-VITA-304,2,31.08,32.7
2026-02-06,VV-VITA-311,2,34.27,38.06
2026-02-06,VV-VITA-313,1,18.9,18.9
2026-02-06,VV-VITA-319,1,17.18,19.07
2026-02-06,VV-VITA-320,2,43.29,45.98
2026-02-06,VV-VITA-336,2,35.82,39.8
2026-02-06,VV-VITA-339,1,19.9,19.9
2026-02-06,VV-VITA-341,1,15.54,15.54
2026-02-06,VV-VITA-342,1,16.35,16.35
2026-02-06,VV-VITA-351,1,19.99,19.99
2026-02-06,VV-VITA-356,6,98.12,98.12
2026-02-06,VV-VITA-357,1,17.26,17.26
2026-02-06,VV-VITA-364,3,67.09,67.09
2026-02-06,VV-VITA-366,1,16.97,16.97
2026-02-06,VV-VITA-367,2,30.9,30.9
2026-02-06,VV-VITA-379,4,63.87,63.87
2026-02-06,VV-VITA-38,1,17.18,17.18
2026-02-06,VV-VITA-381,12,172.23,178.19
2026-02-06,VV-VITA-389,2,46.62,46.62
2026-02-06,VV-VITA-394,1,20.08,20.08
2026-02-06,VV-VITA-395,1,18.82,20.9
2026-02-06,VV-VITA-403,1,16.92,16.92
2026-02-06,VV-VITA-49,2,37.17,37.17
2026-02-06,VV-VITA-50,1,19.9,19.9
2026-02-06,VV-VITA-57-V,1,36.27,36.27
2026-02-06,VV-VITA-90,1,20.9,20.9
2026-02-06,VV-VITA-94,1,23.72,26.35
2026-02-07,,17,267.16,271.83
2026-02-07,BJ-E223-8EKW,3,71.26,76.33
2026-02-07,CP-DQMG-RVN9,1,21.9,21.9
2026-02-07,CW-KVIN-V39Y,1,15.05,16.72
2026-02-07,TU-QNYD-JRRX,1,15.23,15.23
2026-02-07,VI-ZU99-SZ0B,2,35.8,35.8
2026-02-07,VV-VITA-105,1,17.83,19.81
2026-02-07,VV-VITA-109,1,18.81,18.81
2026-02-07,VV-VITA-116,1,17.9,17.9
2026-02-07,VV-VITA-119,2,33.85,33.85
2026-02-07,VV-VITA-121,2,37.47,39.46
2026-02-07,VV-VITA-127,2,36.15,40.16
2026-02-07,VV-VITA-146,5,89.05,90.85
2026-02-07,VV-VITA-155,2,45.44,45.44
2026-02-07,VV-VITA-157,20,283.8,283.8
2026-02-07,VV-VITA-158,2,43.31,43.31
2026-02-07,VV-VITA-159,1,19.31,19.31
2026-02-07,VV-VITA-165,1,27.26,27.26
2026-02-07,VV-VITA-173,2,38.93,38.93
2026-02-07,VV-VITA-174,1,22.72,22.72
2026-02-07,VV-VITA-186,1,25.45,25.45
2026-02-07,VV-VITA-189,1,19.91,19.91
2026-02-07,VV-VITA-206,2,33.88,33.88
2026-02-07,VV-VITA-223,14,301.35,310.6
2026-02-07,VV-VITA-225,1,20.39,22.65
2026-02-07,VV-VITA-228,4,89.42,89.42
2026-02-07,VV-VITA-231,2,48.66,51.35
2026-02-07,VV-VITA-237,1,15.55,17.26
2026-02-07,VV-VITA-248,3,69.01,69.01
2026-02-07,VV-VITA-249,1,22.58,25.09
2026-02-07,VV-VITA-252,1,24.55,24.55
2026-02-07,VV-VITA-256,2,45.55,45.55
2026-02-07,VV-VITA-264,1,24.55,27.28
2026-02-07,VV-VITA-286,1,16.02,17.8
2026-02-07,VV-VITA-295,3,70.8,70.8
2026-02-07,VV-VITA-301,1,15.22,16.92
2026-02-07,VV-VITA-303,1,16.35,16.35
2026-02-07,VV-VITA-307,1,14.54,14.54
2026-02-07,VV-VITA-310,1,24.9,24.9
2026-02-07,VV-VITA-311,2,34.26,38.06
2026-02-07,VV-VITA-318,1,15.45,15.45
2026-02-07,VV-VITA-319,1,19.08,19.08
2026-02-07,VV-VITA-320,7,167.28,172.66
2026-02-07,VV-VITA-339,2,36.91,38.89
2026-02-07,VV-VITA-341,2,34.52,34.52
2026-02-07,VV-VITA-342,4,74.22,76.41
2026-02-07,VV-VITA-344,1,21.17,21.17
2026-02-07,VV-VITA-356,1,15.22,15.22
2026-02-07,VV-VITA-362,1,17.99,19.98
2026-02-07,VV-VITA-364,2,44.89,47.25
2026-02-07,VV-VITA-367,1,15.22,15.22
2026-02-07,VV-VITA-374,1,19.08,19.08
2026-02-07,VV-VITA-375,3,50.17,50.17
2026-02-07,VV-VITA-376,1,17.26,17.26
2026-02-07,VV-VITA-377,5,75.49,75.49
2026-02-07,VV-VITA-379,1,15.22,15.22
2026-02-07,VV-VITA-38,1,18.9,18.9
2026-02-07,VV-VITA-380,1,12.41,12.41
2026-02-07,VV-VITA-389,1,22.72,22.72
2026-02-07,VV-VITA-391,3,73.61,73.61
2026-02-07,VV-VITA-394,1,16,17.77
2026-02-07,VV-VITA-403,2,33.84,33.84
2026-02-07,VV-VITA-49,4,72.91,76.69
2026-02-07,VV-VITA-50,3,59.71,61.7
2026-02-07,VV-VITA-63,2,35.69,35.69
2026-02-07,VV-VITA-86,1,17.1,19
2026-02-07,VV-VITA-90,1,18.81,20.9
2026-02-07,VV-VITA-94,1,25.51,28.34
2026-02-08,,17,283.25,294.87
2026-02-08,NX-CVPF-VCEZ,2,39.27,43.62
2026-02-08,VV-VITA-101,1,24.55,27.28
2026-02-08,VV-VITA-102,1,16.35,18.16
2026-02-08,VV-VITA-116,1,18.17,18.17
2026-02-08,VV-VITA-121,1,20.45,20.45
2026-02-08,VV-VITA-122,3,44.84,68.97
2026-02-08,VV-VITA-124,2,44.02,48.91
2026-02-08,VV-VITA-127,2,44.12,46.61
2026-02-08,VV-VITA-129,1,17.68,19.64
2026-02-08,VV-VITA-136,5,99.5,99.5
2026-02-08,VV-VITA-142,4,97.21,104.98
2026-02-08,VV-VITA-146,7,101.31,136.29
2026-02-08,VV-VITA-155,2,32.49,49.98
2026-02-08,VV-VITA-157,10,110.44,169.9
2026-02-08,VV-VITA-158,10,201.27,251.22
2026-02-08,VV-VITA-159,3,54.07,57.92
2026-02-08,VV-VITA-165,2,38.99,59.98
2026-02-08,VV-VITA-166,1,18.66,20.73
2026-02-08,VV-VITA-168,1,20.45,22.71
2026-02-08,VV-VITA-170,1,17.01,18.9
2026-02-08,VV-VITA-171,2,38.99,59.98
2026-02-08,VV-VITA-173,1,16.35,18.16
2026-02-08,VV-VITA-190,2,29.89,45.98
2026-02-08,VV-VITA-197,1,22.09,24.54
2026-02-08,VV-VITA-198,2,25.99,39.98
2026-02-08,VV-VITA-207,1,16.28,18.08
2026-02-08,VV-VITA-208,8,144.26,174.47
2026-02-08,VV-VITA-215,1,14.29,15.87
2026-02-08,VV-VITA-223,4,79.09,87.85
2026-02-08,VV-VITA-228,2,31.19,47.98
2026-02-08,VV-VITA-231,4,82.95,117.14
2026-02-08,VV-VITA-237,1,19.9,19.9
2026-02-08,VV-VITA-248,2,43.99,46.44
2026-02-08,VV-VITA-257,2,48.61,48.61
2026-02-08,VV-VITA-259,5,110.19,132.31
2026-02-08,VV-VITA-264,1,24.54,27.27
2026-02-08,VV-VITA-276,5,96.73,126.5
2026-02-08,VV-VITA-277,3,37.46,39.8
2026-02-08,VV-VITA-284,6,134.04,136.31
2026-02-08,VV-VITA-286,2,44.55,44.55
2026-02-08,VV-VITA-295,1,22.55,22.55
2026-02-08,VV-VITA-298,2,41.46,41.46
2026-02-08,VV-VITA-301,1,14.67,14.67
2026-02-08,VV-VITA-304,3,42.84,45.82
2026-02-08,VV-VITA-308,2,33.79,51.98
2026-02-08,VV-VITA-31,3,65.7,65.7
2026-02-08,VV-VITA-311,3,52.62,56.24
2026-02-08,VV-VITA-316,2,32.71,32.71
2026-02-08,VV-VITA-317,1,14.59,16.21
2026-02-08,VV-VITA-318,1,15.27,16.96
2026-02-08,VV-VITA-320,11,217.42,245.5
2026-02-08,VV-VITA-336,12,155.93,239.88
2026-02-08,VV-VITA-338,2,35.82,39.8
2026-02-08,VV-VITA-341,3,44.45,47.48
2026-02-08,VV-VITA-342,3,53.82,57.78
2026-02-08,VV-VITA-344,1,21.17,21.17
2026-02-08,VV-VITA-351,5,99.95,99.95
2026-02-08,VV-VITA-356,1,16.84,16.84
2026-02-08,VV-VITA-361,1,15.21,16.9
2026-02-08,VV-VITA-362,4,57.18,87.96
2026-02-08,VV-VITA-364,8,179.57,181.76
2026-02-08,VV-VITA-368,1,16.15,16.15
2026-02-08,VV-VITA-373,1,14.67,14.67
2026-02-08,VV-VITA-375,1,17.99,17.99
2026-02-08,VV-VITA-376,1,15.54,17.26
2026-02-08,VV-VITA-377,4,59.6,59.6
2026-02-08,VV-VITA-379,1,12.79,12.79
2026-02-08,VV-VITA-38,1,13.63,13.63
2026-02-08,VV-VITA-381,1,14.9,14.9
2026-02-08,VV-VITA-385,1,16.9,16.9
2026-02-08,VV-VITA-387,1,26.17,29.07
2026-02-08,VV-VITA-389,1,23.9,23.9
2026-02-08,VV-VITA-393,1,17.77,17.77
2026-02-08,VV-VITA-394,1,18.07,20.07
2026-02-08,VV-VITA-403,3,50.77,50.77
2026-02-08,VV-VITA-49,3,56.89,58.88
2026-02-08,VV-VITA-50,10,149.44,229.9
2026-02-08,VV-VITA-63,1,16.22,16.22
2026-02-08,VV-VITA-93,1,13.83,15.36
2026-02-09,,24,409.83,459.79
2026-02-09,CW-KVIN-V39Y,1,19,19
2026-02-09,NX-CVPF-VCEZ,4,86.33,86.33
2026-02-09,TU-QNYD-JRRX,1,14.18,18.9
2026-02-09,VI-ZU99-SZ0B,3,40.28,53.7
2026-02-09,VV-VITA-102,7,130.57,132.37
2026-02-09,VV-VITA-107,2,33.08,37.8
2026-02-09,VV-VITA-109,2,29.13,41.89
2026-02-09,VV-VITA-111,4,59.74,85.78
2026-02-09,VV-VITA-121,1,20.76,20.76
2026-02-09,VV-VITA-122,3,44.84,68.97
2026-02-09,VV-VITA-124,2,41.48,47.45
2026-02-09,VV-VITA-127,9,192.98,224.1
2026-02-09,VV-VITA-136,1,14.93,19.9
2026-02-09,VV-VITA-142,1,27.32,27.32
2026-02-09,VV-VITA-146,6,95.95,117.66
2026-02-09,VV-VITA-153,1,14.93,19.9
2026-02-09,VV-VITA-155,1,22.9,22.9
2026-02-09,VV-VITA-158,3,89.25,89.25
2026-02-09,VV-VITA-159,1,20.45,22.71
2026-02-09,VV-VITA-166,1,19.81,19.81
2026-02-09,VV-VITA-170,4,69.93,75.6
2026-02-09,VV-VITA-171,3,70.19,84.14
2026-02-09,VV-VITA-173,1,14.93,19.9
2026-02-09,VV-VITA-174,2,28.35,37.8
2026-02-09,VV-VITA-186,1,25.9,25.9
2026-02-09,VV-VITA-188,1,13.43,17.9
2026-02-09,VV-VITA-190,3,49.75,59.7
2026-02-09,VV-VITA-197,1,16.84,25.9
2026-02-09,VV-VITA-198,3,57.97,57.97
2026-02-09,VV-VITA-202,1,15.9,15.9
2026-02-09,VV-VITA-208,2,41.62,41.62
2026-02-09,VV-VITA-215,2,39.32,39.32
2026-02-09,VV-VITA-223,36,273.18,851.44
2026-02-09,VV-VITA-225,3,54,64.45
2026-02-09,VV-VITA-228,8,182.11,184.4
2026-02-09,VV-VITA-231,7,156.9,184.18
2026-02-09,VV-VITA-237,1,17.26,17.26
2026-02-09,VV-VITA-249,4,87.43,94.51
2026-02-09,VV-VITA-252,2,43.72,43.72
2026-02-09,VV-VITA-256,1,22.9,22.9
2026-02-09,VV-VITA-257,1,21.73,21.73
2026-02-09,VV-VITA-259,1,25.45,25.45
2026-02-09,VV-VITA-276,1,16.9,25.99
2026-02-09,VV-VITA-286,2,43.8,43.8
2026-02-09,VV-VITA-295,1,17.93,23.9
2026-02-09,VV-VITA-298,5,91.27,110.79
2026-02-09,VV-VITA-301,4,72.9,72.9
2026-02-09,VV-VITA-303,1,14.93,19.9
2026-02-09,VV-VITA-304,4,57.85,64.14
2026-02-09,VV-VITA-31,3,49.28,65.7
2026-02-09,VV-VITA-310,2,37.35,49.8
2026-02-09,VV-VITA-311,1,19.9,19.9
2026-02-09,VV-VITA-317,1,16.05,16.05
2026-02-09,VV-VITA-318,1,18.9,18.9
2026-02-09,VV-VITA-320,6,135.61,137.5
2026-02-09,VV-VITA-329,3,60.7,60.7
2026-02-09,VV-VITA-338,2,35.44,37.16
2026-02-09,VV-VITA-339,3,60.52,60.52
2026-02-09,VV-VITA-341,3,42.05,42.05
2026-02-09,VV-VITA-342,3,62.72,62.72
2026-02-09,VV-VITA-344,-2,-51.01,0
2026-02-09,VV-VITA-355,3,65.05,73.79
2026-02-09,VV-VITA-361,4,59.24,75.04
2026-02-09,VV-VITA-364,9,195.34,223.81
2026-02-09,VV-VITA-367,2,33.62,33.62
2026-02-09,VV-VITA-369,3,53.7,53.7
2026-02-09,VV-VITA-375,1,17.91,17.91
2026-02-09,VV-VITA-377,7,134.84,134.84
2026-02-09,VV-VITA-379,1,16.1,16.1
2026-02-09,VV-VITA-38,3,41.43,46.15
2026-02-09,VV-VITA-381,5,73.81,75.3
2026-02-09,VV-VITA-39,3,65.71,65.71
2026-02-09,VV-VITA-391,2,49.08,49.08
2026-02-09,VV-VITA-398,4,56.84,56.84
2026-02-09,VV-VITA-403,3,57.71,59.7
2026-02-09,VV-VITA-49,3,53.72,61.41
2026-02-09,VV-VITA-50,4,64.7,82.69
2026-02-09,VV-VITA-57-V2,11,189.4,276.8
2026-02-09,VV-VITA-90,1,15.68,20.9
2026-02-09,VV-VITA-93,1,12.68,16.9
2026-02-09,VV-VITA-94,2,49.62,52.25
2026-02-10,,33,553.02,573.78
2026-02-10,BJ-E223-8EKW,2,49.8,49.8
2026-02-10,CW-KVIN-V39Y,1,20.9,20.9
2026-02-10,TU-QNYD-JRRX,1,15.88,15.88
2026-02-10,VV-VITA-101,1,17.83,19.81
2026-02-10,VV-VITA-102,2,37.2,39
2026-02-10,VV-VITA-107,1,17.01,18.9
2026-02-10,VV-VITA-109,1,18.81,18.81
2026-02-10,VV-VITA-111,4,79.62,79.62
2026-02-10,VV-VITA-121,4,89.76,89.76
2026-02-10,VV-VITA-122,2,41.71,43.8
2026-02-10,VV-VITA-127,3,73.9,73.9
2026-02-10,VV-VITA-142,1,21.26,23.62
2026-02-10,VV-VITA-146,1,18.17,18.17
2026-02-10,VV-VITA-155,1,22.72,22.72
2026-02-10,VV-VITA-158,2,54.17,60.18
2026-02-10,VV-VITA-165,1,27.26,27.26
2026-02-10,VV-VITA-168,2,44.42,46.94
2026-02-10,VV-VITA-174,1,22.72,22.72
2026-02-10,VV-VITA-197,3,73.65,73.65
2026-02-10,VV-VITA-198,1,16.36,18.16
2026-02-10,VV-VITA-203,1,19.9,19.9
2026-02-10,VV-VITA-208,2,39.8,39.8
2026-02-10,VV-VITA-215,2,39.42,39.42
2026-02-10,VV-VITA-223,35,154.91,840.64
2026-02-10,VV-VITA-228,6,129.87,129.87
2026-02-10,VV-VITA-231,13,307.14,354.81
2026-02-10,VV-VITA-248,1,21.9,21.9
2026-02-10,VV-VITA-249,1,21.51,23.9
2026-02-10,VV-VITA-256,3,66.15,68.44
2026-02-10,VV-VITA-259,2,50.89,50.89
2026-02-10,VV-VITA-284,1,22.72,22.72
2026-02-10,VV-VITA-297,1,16.18,16.18
2026-02-10,VV-VITA-301,6,108.41,117.77
2026-02-10,VV-VITA-303,1,16.35,16.35
2026-02-10,VV-VITA-304,2,31.08,32.7
2026-02-10,VV-VITA-308,1,23.63,23.63
2026-02-10,VV-VITA-310,1,21.71,21.71
2026-02-10,VV-VITA-311,2,37.16,38.96
2026-02-10,VV-VITA-313,1,17.83,19.81
2026-02-10,VV-VITA-317,1,19.91,19.91
2026-02-10,VV-VITA-320,13,282.71,308.66
2026-02-10,VV-VITA-339,2,39.88,39.88
2026-02-10,VV-VITA-341,2,29.86,29.86
2026-02-10,VV-VITA-342,4,73.93,76.12
2026-02-10,VV-VITA-344,2,41.97,41.97
2026-02-10,VV-VITA-345,3,60.27,64.44
2026-02-10,VV-VITA-346,1,13.9,15.44
2026-02-10,VV-VITA-355,2,41.22,45.8
2026-02-10,VV-VITA-356,2,32.62,32.62
2026-02-10,VV-VITA-359,-1,-18.9,0
2026-02-10,VV-VITA-361,3,52.7,54.5
2026-02-10,VV-VITA-364,1,23.63,23.63
2026-02-10,VV-VITA-366,1,15.45,15.45
2026-02-10,VV-VITA-367,1,15.04,15.04
2026-02-10,VV-VITA-368,1,19,19
2026-02-10,VV-VITA-375,1,17.18,17.18
2026-02-10,VV-VITA-377,3,49.42,49.42
2026-02-10,VV-VITA-379,4,62.97,68.06
2026-02-10,VV-VITA-38,1,13.63,13.63
2026-02-10,VV-VITA-380,1,13.9,13.9
2026-02-10,VV-VITA-381,6,94.35,97.33
2026-02-10,VV-VITA-389,2,47.8,47.8
2026-02-10,VV-VITA-39,3,53.75,59.72
2026-02-10,VV-VITA-402,1,23.63,23.63
2026-02-10,VV-VITA-407,3,81.79,81.79
2026-02-10,VV-VITA-49,3,56.8,56.8
2026-02-10,VV-VITA-50,3,53.73,59.7
2026-02-10,VV-VITA-90,2,37.89,37.89
2026-02-10,VV-VITA-93,1,15.21,16.9
2026-02-10,VV-VITA-94,2,49.62,52.25
2026-02-11,,37,589.23,629.43
2026-02-11,BJ-E223-8EKW,4,100.79,100.79
2026-02-11,CW-KVIN-V39Y,1,13.59,20.9
2026-02-11,NX-CVPF-VCEZ,1,20.9,20.9
2026-02-11,VI-ZU99-SZ0B,1,16.97,16.97
2026-02-11,VV-VITA-02,1,16.27,16.27
2026-02-11,VV-VITA-101,3,82.14,82.14
2026-02-11,VV-VITA-106,2,47.2,47.2
2026-02-11,VV-VITA-121,3,65.66,65.66
2026-02-11,VV-VITA-122,2,39.88,41.76
2026-02-11,VV-VITA-124,1,23.55,23.55
2026-02-11,VV-VITA-127,3,63.51,74.7
2026-02-11,VV-VITA-142,2,44.9,47.25
2026-02-11,VV-VITA-146,1,18.17,18.17
2026-02-11,VV-VITA-153,1,16.28,18.08
2026-02-11,VV-VITA-155,2,39.71,41.8
2026-02-11,VV-VITA-159,3,68.16,68.16
2026-02-11,VV-VITA-198,3,53.73,59.7
2026-02-11,VV-VITA-199,3,59.69,59.69
2026-02-11,VV-VITA-203,3,56.24,56.24
2026-02-11,VV-VITA-208,2,39.8,39.8
2026-02-11,VV-VITA-216,1,17.91,19.9
2026-02-11,VV-VITA-223,69,563.9,1636.79
2026-02-11,VV-VITA-228,11,220.95,242.96
2026-02-11,VV-VITA-231,11,273.33,296.56
2026-02-11,VV-VITA-237,2,39.8,39.8
2026-02-11,VV-VITA-247,6,110.84,120.16
2026-02-11,VV-VITA-249,3,70.88,70.88
2026-02-11,VV-VITA-252,2,49.1,49.1
2026-02-11,VV-VITA-257,2,53.8,53.8
2026-02-11,VV-VITA-259,3,79.09,79.09
2026-02-11,VV-VITA-276,2,32.37,49.8
2026-02-11,VV-VITA-277,1,11.61,12.9
2026-02-11,VV-VITA-298,3,61.08,65.24
2026-02-11,VV-VITA-301,1,19.9,19.9
2026-02-11,VV-VITA-304,2,29.63,31.25
2026-02-11,VV-VITA-308,1,16.84,25.9
2026-02-11,VV-VITA-311,5,90.78,92.59
2026-02-11,VV-VITA-318,1,12.29,18.9
2026-02-11,VV-VITA-320,9,194.58,202.96
2026-02-11,VV-VITA-326,6,123.08,124.97
2026-02-11,VV-VITA-338,9,175.95,175.95
2026-02-11,VV-VITA-339,2,38.89,38.89
2026-02-11,VV-VITA-341,2,31.24,32.79
2026-02-11,VV-VITA-342,6,120.99,124.61
2026-02-11,VV-VITA-344,5,116.88,116.88
2026-02-11,VV-VITA-345,1,20.37,22.63
2026-02-11,VV-VITA-346,1,15.45,15.45
2026-02-11,VV-VITA-355,2,46.27,46.27
2026-02-11,VV-VITA-356,1,17.9,17.9
2026-02-11,VV-VITA-361,3,45.6,48.78
2026-02-11,VV-VITA-366,6,90.14,93.53
2026-02-11,VV-VITA-367,1,14.65,16.27
2026-02-11,VV-VITA-369,1,18.17,18.17
2026-02-11,VV-VITA-371,1,18.17,18.17
2026-02-11,VV-VITA-375,1,15.2,15.2
2026-02-11,VV-VITA-376,4,65.72,65.72
2026-02-11,VV-VITA-378,1,12.9,12.9
2026-02-11,VV-VITA-38,3,39.99,44.42
2026-02-11,VV-VITA-380,1,12.64,12.64
2026-02-11,VV-VITA-381,5,72.25,73.65
2026-02-11,VV-VITA-383,1,18.17,18.17
2026-02-11,VV-VITA-385,1,19,19
2026-02-11,VV-VITA-389,2,45.44,45.44
2026-02-11,VV-VITA-39,2,35.84,39.82
2026-02-11,VV-VITA-391,1,22.09,24.53
2026-02-11,VV-VITA-394,2,42.46,47.16
2026-02-11,VV-VITA-398,1,17.83,19.81
2026-02-11,VV-VITA-403,5,84.95,97.68
2026-02-11,VV-VITA-49,2,32.64,34.35
2026-02-11,VV-VITA-50,6,82.77,117.59
2026-02-11,VV-VITA-63,1,19.08,19.08
2026-02-11,VV-VITA-93,5,69.97,84.5
2026-02-11,VV-VITA-94,7,158.87,182.2
2026-02-12,,21,346.99,417.64
2026-02-12,BJ-E223-8EKW,3,74.7,74.7
2026-02-12,NX-CVPF-VCEZ,1,20.9,20.9
2026-02-12,VV-VITA-106,4,74.44,91.6
2026-02-12,VV-VITA-107,3,46.47,46.47
2026-02-12,VV-VITA-109,1,20.9,20.9
2026-02-12,VV-VITA-121,1,22.72,22.72
2026-02-12,VV-VITA-124,3,70.64,70.64
2026-02-12,VV-VITA-153,2,37.74,39.72
2026-02-12,VV-VITA-155,2,43.62,43.62
2026-02-12,VV-VITA-158,3,64.91,76.33
2026-02-12,VV-VITA-159,3,68.16,68.16
2026-02-12,VV-VITA-171,5,132.14,137.58
2026-02-12,VV-VITA-172,3,65.89,68.15
2026-02-12,VV-VITA-197,100,1868,2490
2026-02-12,VV-VITA-198,1,18.17,18.17
2026-02-12,VV-VITA-207,3,60.56,60.56
2026-02-12,VV-VITA-208,1,19.9,19.9
2026-02-12,VV-VITA-215,1,19.81,19.81
2026-02-12,VV-VITA-216,1,22.09,24.54
2026-02-12,VV-VITA-223,39,244.75,913.23
2026-02-12,VV-VITA-228,5,103.28,112.32
2026-02-12,VV-VITA-231,11,268.68,298.44
2026-02-12,VV-VITA-237,3,57.06,57.06
2026-02-12,VV-VITA-247,6,115.56,124.91
2026-02-12,VV-VITA-249,1,23.9,23.9
2026-02-12,VV-VITA-257,4,97.21,97.21
2026-02-12,VV-VITA-258,1,19.99,19.99
2026-02-12,VV-VITA-264,2,54.64,54.64
2026-02-12,VV-VITA-297,1,19.9,19.9
2026-02-12,VV-VITA-301,6,94.81,111.49
2026-02-12,VV-VITA-304,1,14.9,14.9
2026-02-12,VV-VITA-308,1,23.63,23.63
2026-02-12,VV-VITA-311,3,57.97,57.97
2026-02-12,VV-VITA-317,1,19.91,19.91
2026-02-12,VV-VITA-320,5,103.22,103.22
2026-02-12,VV-VITA-338,1,17.26,17.26
2026-02-12,VV-VITA-339,2,38.98,38.98
2026-02-12,VV-VITA-341,2,31.44,31.44
2026-02-12,VV-VITA-342,3,56.42,56.42
2026-02-12,VV-VITA-356,2,38.72,38.72
2026-02-12,VV-VITA-359,2,39.98,39.98
2026-02-12,VV-VITA-361,6,105.42,107.32
2026-02-12,VV-VITA-366,2,27.1,27.1
2026-02-12,VV-VITA-374,1,19.08,19.08
2026-02-12,VV-VITA-376,1,15.9,15.9
2026-02-12,VV-VITA-379,1,17.9,17.9
2026-02-12,VV-VITA-38,1,18.9,18.9
2026-02-12,VV-VITA-381,6,89.4,89.4
2026-02-12,VV-VITA-385,2,35.66,39.62
2026-02-12,VV-VITA-387,2,58.16,58.16
2026-02-12,VV-VITA-391,1,24.54,24.54
2026-02-12,VV-VITA-403,5,104.14,104.14
2026-02-12,VV-VITA-405,1,15.9,15.9
2026-02-12,VV-VITA-407,1,27.9,27.9
2026-02-12,VV-VITA-49,1,18.9,18.9
2026-02-12,VV-VITA-57-V,2,70.89,70.89
2026-02-12,VV-VITA-94,1,25.9,25.9
2026-02-13,,38,584.49,657.3
2026-02-13,BJ-E223-8EKW,7,176.27,176.27
2026-02-13,CW-KVIN-V39Y,2,42.89,65.98
2026-02-13,TU-QNYD-JRRX,51,631.68,962.18
2026-02-13,VI-ZU99-SZ0B,2,24.69,37.98
2026-02-13,VV-VITA-101,1,21.81,21.81
2026-02-13,VV-VITA-104,1,18.68,20.75
2026-02-13,VV-VITA-109,1,18.81,18.81
2026-02-13,VV-VITA-116,1,16.11,17.9
2026-02-13,VV-VITA-121,4,77.37,81.17
2026-02-13,VV-VITA-122,1,20.9,20.9
2026-02-13,VV-VITA-124,1,23.55,23.55
2026-02-13,VV-VITA-142,1,23.63,23.63
2026-02-13,VV-VITA-146,4,51.98,79.96
2026-02-13,VV-VITA-155,3,65.89,68.16
2026-02-13,VV-VITA-157,2,27.8,27.8
2026-02-13,VV-VITA-158,3,60.35,85.54
2026-02-13,VV-VITA-159,6,118.08,149.49
2026-02-13,VV-VITA-165,1,24.55,27.26
2026-02-13,VV-VITA-166,3,52.79,70.98
2026-02-13,VV-VITA-170,3,36.86,56.7
2026-02-13,VV-VITA-171,6,141.47,172.95
2026-02-13,VV-VITA-173,1,18.09,18.09
2026-02-13,VV-VITA-197,2,39.82,39.82
2026-02-13,VV-VITA-198,3,38.99,59.97
2026-02-13,VV-VITA-199,1,18.17,18.17
2026-02-13,VV-VITA-202,2,31.8,31.8
2026-02-13,VV-VITA-203,1,18.17,18.17
2026-02-13,VV-VITA-208,1,19.9,19.9
2026-02-13,VV-VITA-216,1,18.09,18.09
2026-02-13,VV-VITA-223,40,240.72,938.14
2026-02-13,VV-VITA-225,4,86.25,86.25
2026-02-13,VV-VITA-228,9,152.95,206.92
2026-02-13,VV-VITA-231,5,102.54,141.77
2026-02-13,VV-VITA-247,4,45.83,91.6
2026-02-13,VV-VITA-248,1,24.55,24.55
2026-02-13,VV-VITA-252,2,48.26,48.26
2026-02-13,VV-VITA-258,2,37.8,37.8
2026-02-13,VV-VITA-259,1,22.9,25.44
2026-02-13,VV-VITA-301,1,12.35,18.99
2026-02-13,VV-VITA-303,3,47.52,54.51
2026-02-13,VV-VITA-304,1,14.73,16.35
2026-02-13,VV-VITA-310,1,24.9,24.9
2026-02-13,VV-VITA-311,3,52.44,56.23
2026-02-13,VV-VITA-317,2,27.29,41.98
2026-02-13,VV-VITA-320,11,174.04,236.98
2026-02-13,VV-VITA-338,1,19.9,19.9
2026-02-13,VV-VITA-341,2,31.8,31.8
2026-02-13,VV-VITA-342,2,40.07,40.07
2026-02-13,VV-VITA-350,1,13,19.99
2026-02-13,VV-VITA-351,1,19.9,19.9
2026-02-13,VV-VITA-354,2,33.79,51.98
2026-02-13,VV-VITA-355,1,22.72,22.72
2026-02-13,VV-VITA-356,2,32.22,35.8
2026-02-13,VV-VITA-359,1,14.3,21.99
2026-02-13,VV-VITA-361,2,36.35,36.35
2026-02-13,VV-VITA-362,1,14.3,21.99
2026-02-13,VV-VITA-367,3,38.99,59.97
2026-02-13,VV-VITA-371,2,31.8,31.8
2026-02-13,VV-VITA-375,2,33.75,33.75
2026-02-13,VV-VITA-376,1,17.26,17.26
2026-02-13,VV-VITA-377,5,73.24,74.59
2026-02-13,VV-VITA-379,1,19.08,19.08
2026-02-13,VV-VITA-380,1,13.9,13.9
2026-02-13,VV-VITA-381,4,61.41,64.48
2026-02-13,VV-VITA-389,3,72.83,72.83
2026-02-13,VV-VITA-39,4,75.61,77.41
2026-02-13,VV-VITA-391,3,73.61,73.61
2026-02-13,VV-VITA-398,2,22.52,27.8
2026-02-13,VV-VITA-403,3,50.76,59.7
2026-02-13,VV-VITA-405,3,36.57,47.7
2026-02-13,VV-VITA-46,11,217.45,219.44
2026-02-13,VV-VITA-49,1,19.99,19.99
2026-02-13,VV-VITA-57-V,1,34.73,34.73
2026-02-13,VV-VITA-86,-1,-17.1,0
2026-02-13,VV-VITA-93,3,50.41,53.79
2026-02-13,VV-VITA-94,4,95.57,107.4
2026-02-14,,13,217.16,223.82
2026-02-14,BJ-E223-8EKW,1,22.41,24.9
2026-02-14,NX-CVPF-VCEZ,2,39.27,43.61
2026-02-14,TU-QNYD-JRRX,3,51.94,51.94
2026-02-14,VV-VITA-101,1,21.81,21.81
2026-02-14,VV-VITA-102,3,49.08,54.5
2026-02-14,VV-VITA-109,1,17.91,17.91
2026-02-14,VV-VITA-111,4,79.51,81.6
2026-02-14,VV-VITA-124,4,91.83,94.18
2026-02-14,VV-VITA-142,2,43.98,48.86
2026-02-14,VV-VITA-146,1,18.17,18.17
2026-02-14,VV-VITA-153,4,70.68,79.62
2026-02-14,VV-VITA-158,2,48.36,50.89
2026-02-14,VV-VITA-159,3,69.07,71.34
2026-02-14,VV-VITA-165,1,24.54,27.26
2026-02-14,VV-VITA-171,4,110.16,110.16
2026-02-14,VV-VITA-172,1,19.9,19.9
2026-02-14,VV-VITA-173,5,90.79,90.79
2026-02-14,VV-VITA-186,1,25.45,25.45
2026-02-14,VV-VITA-189,3,63.7,63.7
2026-02-14,VV-VITA-198,1,18.17,18.17
2026-02-14,VV-VITA-199,2,39.8,39.8
2026-02-14,VV-VITA-203,4,71.34,80.72
2026-02-14,VV-VITA-207,5,89.59,99.54
2026-02-14,VV-VITA-215,1,17.17,19.07
2026-02-14,VV-VITA-223,29,44.04,678.11
2026-02-14,VV-VITA-225,1,22.72,22.72
2026-02-14,VV-VITA-228,4,88.33,88.33
2026-02-14,VV-VITA-231,14,337.7,379.7
2026-02-14,VV-VITA-237,2,33.95,37.72
2026-02-14,VV-VITA-247,2,40.72,40.72
2026-02-14,VV-VITA-258,1,18.9,18.9
2026-02-14,VV-VITA-301,2,37.16,37.16
2026-02-14,VV-VITA-303,1,16.35,18.16
2026-02-14,VV-VITA-308,1,21.26,21.26
2026-02-14,VV-VITA-311,3,57.97,57.97
2026-02-14,VV-VITA-320,11,239.53,261.62
2026-02-14,VV-VITA-338,2,34.52,34.52
2026-02-14,VV-VITA-341,2,32.8,32.8
2026-02-14,VV-VITA-342,1,16.35,16.35
2026-02-14,VV-VITA-357,1,17.26,17.26
2026-02-14,VV-VITA-361,2,30.42,33.8
2026-02-14,VV-VITA-367,2,34.01,35.8
2026-02-14,VV-VITA-373,1,17.26,17.26
2026-02-14,VV-VITA-374,2,36.25,36.25
2026-02-14,VV-VITA-375,1,19.99,19.99
2026-02-14,VV-VITA-376,1,17.26,17.26
2026-02-14,VV-VITA-377,3,44.7,44.7
2026-02-14,VV-VITA-378,3,46.34,46.34
2026-02-14,VV-VITA-38,3,51.43,51.43
2026-02-14,VV-VITA-381,2,34.52,34.52
2026-02-14,VV-VITA-403,1,19.9,19.9
2026-02-14,VV-VITA-46,9,177.65,181.63
2026-02-14,VV-VITA-49,1,18.9,18.9
2026-02-14,VV-VITA-57-V2,2,40.36,53.8
2026-02-14,VV-VITA-63,1,19.08,19.08
2026-02-14,VV-VITA-90,1,18.81,20.9
2026-02-14,VV-VITA-94,2,52.06,52.06
2026-02-15,,20,318.45,342.96
2026-02-15,BJ-E223-8EKW,4,92.04,103.89
2026-02-15,TU-QNYD-JRRX,3,53.26,53.26
2026-02-15,VI-ZU99-SZ0B,3,50.9,50.9
2026-02-15,VV-VITA-104,1,18.09,18.09
2026-02-15,VV-VITA-109,1,20.9,20.9
2026-02-15,VV-VITA-111,1,18.81,20.9
2026-02-15,VV-VITA-116,3,51.07,51.07
2026-02-15,VV-VITA-122,1,21.6,21.6
2026-02-15,VV-VITA-136,2,43.53,43.53
2026-02-15,VV-VITA-142,4,84.48,95.06
2026-02-15,VV-VITA-153,1,20.84,20.84
2026-02-15,VV-VITA-155,13,233.36,267.79
2026-02-15,VV-VITA-158,1,25.45,25.45
2026-02-15,VV-VITA-159,3,65.89,68.15
2026-02-15,VV-VITA-170,1,15.46,17.17
2026-02-15,VV-VITA-172,6,119.95,122.21
2026-02-15,VV-VITA-203,3,56.72,59.7
2026-02-15,VV-VITA-207,2,32.56,36.17
2026-02-15,VV-VITA-215,3,56.7,56.7
2026-02-15,VV-VITA-216,6,113.77,113.77
2026-02-15,VV-VITA-223,35,169,821.63
2026-02-15,VV-VITA-228,9,189.9,196.32
2026-02-15,VV-VITA-231,3,79.93,82.64
2026-02-15,VV-VITA-237,1,19.9,19.9
2026-02-15,VV-VITA-248,2,42.72,42.72
2026-02-15,VV-VITA-249,3,70.44,70.44
2026-02-15,VV-VITA-252,2,41.22,45.8
2026-02-15,VV-VITA-257,5,122.41,134.5
2026-02-15,VV-VITA-259,1,25.9,25.9
2026-02-15,VV-VITA-276,3,76.09,76.09
2026-02-15,VV-VITA-297,1,19.9,19.9
2026-02-15,VV-VITA-301,4,66.05,74.17
2026-02-15,VV-VITA-303,3,57.15,57.15
2026-02-15,VV-VITA-310,1,21.81,21.81
2026-02-15,VV-VITA-320,8,193.99,195.88
2026-02-15,VV-VITA-338,1,17.26,17.26
2026-02-15,VV-VITA-339,1,19.81,19.81
2026-02-15,VV-VITA-341,2,26.15,26.15
2026-02-15,VV-VITA-342,4,82.36,82.36
2026-02-15,VV-VITA-344,1,21.26,23.62
2026-02-15,VV-VITA-357,2,33.75,33.75
2026-02-15,VV-VITA-359,3,59.49,59.49
2026-02-15,VV-VITA-361,2,37.76,37.76
2026-02-15,VV-VITA-365,1,14.45,14.45
2026-02-15,VV-VITA-366,2,30.24,30.24
2026-02-15,VV-VITA-367,2,34.79,34.79
2026-02-15,VV-VITA-376,1,16.43,16.43
2026-02-15,VV-VITA-377,2,34.53,36.33
2026-02-15,VV-VITA-38,3,41.35,44.42
2026-02-15,VV-VITA-380,1,14.24,14.24
2026-02-15,VV-VITA-381,6,84.93,89.4
2026-02-15,VV-VITA-387,1,29.53,29.53
2026-02-15,VV-VITA-398,1,18.17,18.17
2026-02-15,VV-VITA-403,6,110.85,122.22
2026-02-15,VV-VITA-46,2,38.76,38.76
2026-02-15,VV-VITA-49,1,19.99,19.99
2026-02-15,VV-VITA-50,3,54.27,54.27
2026-02-15,VV-VITA-57-V2,1,27.17,27.17
2026-02-15,VV-VITA-93,1,16.9,16.9
2026-02-16,,47,692.87,766.74
2026-02-16,BJ-E223-8EKW,0,1.81,24.45
2026-02-16,CW-KVIN-V39Y,1,27.39,27.39
2026-02-16,VV-VITA-02,2,36.34,36.34
2026-02-16,VV-VITA-101,1,25.9,25.9
2026-02-16,VV-VITA-102,1,19.9,19.9
2026-02-16,VV-VITA-105,1,16.27,16.27
2026-02-16,VV-VITA-111,2,32.36,32.36
2026-02-16,VV-VITA-116,1,17.9,17.9
2026-02-16,VV-VITA-122,1,22.9,22.9
2026-02-16,VV-VITA-124,4,91.63,91.63
2026-02-16,VV-VITA-142,8,145.09,194.56
2026-02-16,VV-VITA-146,2,38.07,38.07
2026-02-16,VV-VITA-151,9,170.65,214.82
2026-02-16,VV-VITA-155,2,37.62,41.8
2026-02-16,VV-VITA-157,1,15.36,15.36
2026-02-16,VV-VITA-158,6,129.13,184.95
2026-02-16,VV-VITA-159,1,22.72,22.72
2026-02-16,VV-VITA-166,1,17.91,19.9
2026-02-16,VV-VITA-171,2,52.29,55.08
2026-02-16,VV-VITA-172,10,169.82,204.64
2026-02-16,VV-VITA-173,2,35.62,35.62
2026-02-16,VV-VITA-174,1,22.72,22.72
2026-02-16,VV-VITA-203,-2,-35.82,0
2026-02-16,VV-VITA-216,7,104.48,139.3
2026-02-16,VV-VITA-222,12,233.53,275.35
2026-02-16,VV-VITA-223,34,108.72,795.67
2026-02-16,VV-VITA-228,6,119.69,130.96
2026-02-16,VV-VITA-231,1,27.26,27.26
2026-02-16,VV-VITA-237,7,92.19,159.2
2026-02-16,VV-VITA-247,1,19.9,19.9
2026-02-16,VV-VITA-248,1,21.9,21.9
2026-02-16,VV-VITA-249,1,22.67,25.19
2026-02-16,VV-VITA-257,5,87.43,134.5
2026-02-16,VV-VITA-258,2,30.73,30.73
2026-02-16,VV-VITA-259,1,25.9,25.9
2026-02-16,VV-VITA-264,7,191.88,191.88
2026-02-16,VV-VITA-277,1,15.07,15.07
2026-02-16,VV-VITA-286,5,112.52,112.52
2026-02-16,VV-VITA-295,1,20.9,20.9
2026-02-16,VV-VITA-297,1,17.91,19.9
2026-02-16,VV-VITA-298,5,98.1,98.1
2026-02-16,VV-VITA-301,4,63.95,71.69
2026-02-16,VV-VITA-304,5,48.43,74.5
2026-02-16,VV-VITA-310,5,80.93,124.5
2026-02-16,VV-VITA-311,1,19.9,19.9
2026-02-16,VV-VITA-313,3,40.51,47.64
2026-02-16,VV-VITA-316,3,59.7,59.7
2026-02-16,VV-VITA-320,9,171.57,218.64
2026-02-16,VV-VITA-338,5,81.98,81.98
2026-02-16,VV-VITA-341,3,46.12,46.12
2026-02-16,VV-VITA-342,2,37.87,37.87
2026-02-16,VV-VITA-344,1,23.63,23.63
2026-02-16,VV-VITA-349,5,54.93,84.5
2026-02-16,VV-VITA-351,1,17.53,17.53
2026-02-16,VV-VITA-354,7,103.23,145.11
2026-02-16,VV-VITA-356,10,116.35,179
2026-02-16,VV-VITA-358,1,17.18,17.18
2026-02-16,VV-VITA-359,2,37.8,37.8
2026-02-16,VV-VITA-361,3,50.85,54.62
2026-02-16,VV-VITA-363,5,54.93,84.5
2026-02-16,VV-VITA-367,7,92.84,126.02
2026-02-16,VV-VITA-372,9,137.03,170.1
2026-02-16,VV-VITA-38,2,37.8,37.8
2026-02-16,VV-VITA-380,5,45.18,69.5
2026-02-16,VV-VITA-381,-3,-40.09,13.55
2026-02-16,VV-VITA-383,1,17.18,17.18
2026-02-16,VV-VITA-385,3,52.8,52.8
2026-02-16,VV-VITA-387,1,29.08,29.08
2026-02-16,VV-VITA-389,10,155.35,239
2026-02-16,VV-VITA-398,4,51.44,55.6
2026-02-16,VV-VITA-403,5,88.58,99.5
2026-02-16,VV-VITA-405,1,15.9,15.9
2026-02-16,VV-VITA-407,3,61.98,66.45
2026-02-16,VV-VITA-46,18,324.46,359.28
2026-02-16,VV-VITA-49,2,36.91,36.91
2026-02-16,VV-VITA-50,5,64.68,99.5
2026-02-16,VV-VITA-90,2,41.8,41.8
2026-02-16,VV-VITA-93,1,16.02,16.02
2026-02-16,VV-VITA-94,9,158.2,216.56
2026-02-17,,18,310.54,323.87
2026-02-17,BJ-E223-8EKW,1,25.45,25.45
2026-02-17,NX-CVPF-VCEZ,1,21.81,21.81
2026-02-17,TU-QNYD-JRRX,3,50.66,50.66
2026-02-17,VV-VITA-101,1,21.81,21.81
2026-02-17,VV-VITA-105,1,19.81,19.81
2026-02-17,VV-VITA-107,1,18.9,18.9
2026-02-17,VV-VITA-109,3,56.7,56.7
2026-02-17,VV-VITA-129,1,18.9,18.9
2026-02-17,VV-VITA-142,2,49.53,49.53
2026-02-17,VV-VITA-146,3,49.83,65.11
2026-02-17,VV-VITA-151,1,23.63,23.63
2026-02-17,VV-VITA-153,2,39.72,39.72
2026-02-17,VV-VITA-159,4,94.4,106.04
2026-02-17,VV-VITA-168,1,23.9,23.9
2026-02-17,VV-VITA-170,7,91.7,132.3
2026-02-17,VV-VITA-171,1,24.54,27.26
2026-02-17,VV-VITA-172,4,61.54,82.42
2026-02-17,VV-VITA-173,1,19.9,19.9
2026-02-17,VV-VITA-174,1,20.76,20.76
2026-02-17,VV-VITA-186,1,24.45,24.45
2026-02-17,VV-VITA-197,3,73.65,73.65
2026-02-17,VV-VITA-198,1,18.17,18.17
2026-02-17,VV-VITA-199,1,16.02,16.02
2026-02-17,VV-VITA-203,1,19.9,19.9
2026-02-17,VV-VITA-216,1,20.9,20.9
2026-02-17,VV-VITA-222,5,86.06,119.5
2026-02-17,VV-VITA-223,38,162.85,895.75
2026-02-17,VV-VITA-225,1,22.72,22.72
2026-02-17,VV-VITA-231,7,153.94,176.32
2026-02-17,VV-VITA-248,2,42.72,42.72
2026-02-17,VV-VITA-252,2,44.24,46.53
2026-02-17,VV-VITA-257,3,55.36,65.11
2026-02-17,VV-VITA-258,3,56.7,56.7
2026-02-17,VV-VITA-259,2,45.81,50.89
2026-02-17,VV-VITA-264,3,78.12,82.23
2026-02-17,VV-VITA-277,4,54.75,59.39
2026-02-17,VV-VITA-286,1,22.98,22.98
2026-02-17,VV-VITA-297,1,19.9,19.9
2026-02-17,VV-VITA-301,3,54.99,56.98
2026-02-17,VV-VITA-303,1,18.17,18.17
2026-02-17,VV-VITA-307,4,64.08,64.08
2026-02-17,VV-VITA-308,2,54.84,54.84
2026-02-17,VV-VITA-318,5,82.22,94.5
2026-02-17,VV-VITA-319,1,19.08,19.08
2026-02-17,VV-VITA-320,5,91.47,118.86
2026-02-17,VV-VITA-338,2,37.07,37.07
2026-02-17,VV-VITA-341,4,62.69,65.95
2026-02-17,VV-VITA-342,4,67.41,70.85
2026-02-17,VV-VITA-344,4,87.82,95.15
2026-02-17,VV-VITA-349,2,35.82,35.82
2026-02-17,VV-VITA-356,4,65.01,65.01
2026-02-17,VV-VITA-362,1,19.91,19.91
2026-02-17,VV-VITA-363,6,80.66,101.76
2026-02-17,VV-VITA-367,2,34.27,34.27
2026-02-17,VV-VITA-372,4,77.34,77.34
2026-02-17,VV-VITA-375,1,19.99,19.99
2026-02-17,VV-VITA-377,3,45.34,46.94
2026-02-17,VV-VITA-38,1,18.9,18.9
2026-02-17,VV-VITA-381,5,73.88,76.86
2026-02-17,VV-VITA-387,1,29.08,29.08
2026-02-17,VV-VITA-389,1,22.72,22.72
2026-02-17,VV-VITA-403,4,71.64,79.6
2026-02-17,VV-VITA-405,1,15.9,15.9
2026-02-17,VV-VITA-407,2,43.62,43.62
2026-02-17,VV-VITA-46,12,184.13,239.81
2026-02-17,VV-VITA-49,4,72.91,76.69
2026-02-17,VV-VITA-50,5,86.59,101.5
2026-02-17,VV-VITA-57-V2,1,22.72,22.72
2026-02-17,VV-VITA-63,3,53.44,57.23
2026-02-17,VV-VITA-90,16,332.31,334.4
2026-02-17,VV-VITA-93,1,17.53,17.53
2026-02-17,VV-VITA-94,5,122.17,134.51
2026-02-18,,39,646.88,705.85
2026-02-18,CP-DQMG-RVN9,2,39.7,41.89
2026-02-18,CW-KVIN-V39Y,2,39.71,41.8
2026-02-18,VV-VITA-101,2,43.62,43.62
2026-02-18,VV-VITA-104,1,19.99,19.99
2026-02-18,VV-VITA-105,1,19.99,19.99
2026-02-18,VV-VITA-109,5,94.5,94.5
2026-02-18,VV-VITA-111,2,35.85,43.89
2026-02-18,VV-VITA-116,1,17.9,17.9
2026-02-18,VV-VITA-121,1,19.71,21.9
2026-02-18,VV-VITA-124,3,66.29,70.98
2026-02-18,VV-VITA-129,1,18.17,18.17
2026-02-18,VV-VITA-146,1,18.17,18.17
2026-02-18,VV-VITA-151,4,88.32,92.88
2026-02-18,VV-VITA-153,6,107.34,118.36
2026-02-18,VV-VITA-157,2,27.8,27.8
2026-02-18,VV-VITA-158,1,31.9,31.9
2026-02-18,VV-VITA-159,3,53.71,63.17
2026-02-18,VV-VITA-166,4,74.93,80.63
2026-02-18,VV-VITA-173,3,52.54,54.34
2026-02-18,VV-VITA-174,1,17.01,18.9
2026-02-18,VV-VITA-189,1,20.9,20.9
2026-02-18,VV-VITA-197,3,66.64,75.7
2026-02-18,VV-VITA-203,6,102.94,115.86
2026-02-18,VV-VITA-208,5,86.58,99.5
2026-02-18,VV-VITA-222,2,40.53,49.62
2026-02-18,VV-VITA-223,55,313.58,1263.84
2026-02-18,VV-VITA-225,1,20.9,20.9
2026-02-18,VV-VITA-231,11,257.85,303.17
2026-02-18,VV-VITA-237,11,182.44,210.5
2026-02-18,VV-VITA-247,2,39.56,41.64
2026-02-18,VV-VITA-248,3,63.54,63.54
2026-02-18,VV-VITA-249,2,45.16,47.52
2026-02-18,VV-VITA-257,-1,-26.9,0
2026-02-18,VV-VITA-259,1,18.2,27.99
2026-02-18,VV-VITA-264,1,27.37,27.37
2026-02-18,VV-VITA-276,10,230.93,245
2026-02-18,VV-VITA-277,3,45.21,45.21
2026-02-18,VV-VITA-284,3,65.12,65.12
2026-02-18,VV-VITA-286,1,20.73,23.03
2026-02-18,VV-VITA-298,1,23.6,23.6
2026-02-18,VV-VITA-304,4,52.57,66.78
2026-02-18,VV-VITA-308,1,25.9,25.9
2026-02-18,VV-VITA-311,2,36.25,38.06
2026-02-18,VV-VITA-320,7,177.58,193.1
2026-02-18,VV-VITA-326,1,24.9,24.9
2026-02-18,VV-VITA-338,1,17.26,17.26
2026-02-18,VV-VITA-341,5,76.69,79.95
2026-02-18,VV-VITA-342,5,87.49,92.74
2026-02-18,VV-VITA-344,1,24.9,24.9
2026-02-18,VV-VITA-349,2,32.55,32.55
2026-02-18,VV-VITA-357,1,18.9,18.9
2026-02-18,VV-VITA-361,6,93.77,111.37
2026-02-18,VV-VITA-366,1,13.55,13.55
2026-02-18,VV-VITA-368,2,34.28,36.07
2026-02-18,VV-VITA-372,1,18.9,18.9
2026-02-18,VV-VITA-374,1,19.9,19.9
2026-02-18,VV-VITA-375,2,36.89,36.89
2026-02-18,VV-VITA-377,4,55.14,59.6
2026-02-18,VV-VITA-38,2,31.16,32.52
2026-02-18,VV-VITA-381,7,107.54,109.03
2026-02-18,VV-VITA-383,3,53.7,53.7
2026-02-18,VV-VITA-389,3,57.16,70.42
2026-02-18,VV-VITA-394,4,89.69,91.78
2026-02-18,VV-VITA-398,1,12.51,13.9
2026-02-18,VV-VITA-407,11,241.95,241.95
2026-02-18,VV-VITA-46,5,96.7,99.68
2026-02-18,VV-VITA-49,9,146.54,168.5
2026-02-18,VV-VITA-50,3,54.66,64.79
2026-02-18,VV-VITA-57-V2,1,23.9,23.9
2026-02-18,VV-VITA-90,6,119.51,121.6
2026-02-18,VV-VITA-93,1,19.99,19.99
2026-02-18,VV-VITA-94,5,122.15,134.48
2026-02-19,,42,594.03,677.97
2026-02-19,BJ-E223-8EKW,2,50.35,50.35
2026-02-19,CP-DQMG-RVN9,5,101.49,101.49
2026-02-19,NX-CVPF-VCEZ,1,19,19
2026-02-19,TU-QNYD-JRRX,2,37.8,37.8
2026-02-19,VI-ZU99-SZ0B,1,17.9,17.9
2026-02-19,VV-VITA-101,1,23.12,23.12
2026-02-19,VV-VITA-105,1,19.81,19.81
2026-02-19,VV-VITA-121,1,22.72,22.72
2026-02-19,VV-VITA-124,4,94.19,94.19
2026-02-19,VV-VITA-127,4,74.72,99.6
2026-02-19,VV-VITA-136,1,22.72,22.72
2026-02-19,VV-VITA-142,4,91.96,103.6
2026-02-19,VV-VITA-151,5,107.92,117.33
2026-02-19,VV-VITA-155,3,47.6,55.98
2026-02-19,VV-VITA-158,3,95.7,95.7
2026-02-19,VV-VITA-159,5,108.96,124.81
2026-02-19,VV-VITA-165,1,27.26,27.26
2026-02-19,VV-VITA-171,2,51.01,56.67
2026-02-19,VV-VITA-173,3,56.08,56.08
2026-02-19,VV-VITA-183,17,412.84,419.35
2026-02-19,VV-VITA-189,6,130.4,130.4
2026-02-19,VV-VITA-197,3,67.01,77.21
2026-02-19,VV-VITA-203,2,32.71,36.34
2026-02-19,VV-VITA-208,2,35.82,39.8
2026-02-19,VV-VITA-216,4,79.6,79.6
2026-02-19,VV-VITA-222,46,938.3,1099.4
2026-02-19,VV-VITA-223,30,41.15,733.8
2026-02-19,VV-VITA-225,3,47.6,55.98
2026-02-19,VV-VITA-228,22,430.08,559.97
2026-02-19,VV-VITA-231,49,1125.92,1319.58
2026-02-19,VV-VITA-237,6,101.52,119.4
2026-02-19,VV-VITA-247,2,35.82,39.8
2026-02-19,VV-VITA-248,2,47.54,47.54
2026-02-19,VV-VITA-249,1,23.63,23.63
2026-02-19,VV-VITA-258,2,37.8,37.8
2026-02-19,VV-VITA-264,4,101.45,106.63
2026-02-19,VV-VITA-297,1,21.81,21.81
2026-02-19,VV-VITA-301,1,18.43,18.43
2026-02-19,VV-VITA-303,1,18.17,18.17
2026-02-19,VV-VITA-308,2,45.72,48.17
2026-02-19,VV-VITA-317,2,39.8,39.8
2026-02-19,VV-VITA-320,8,175.76,181.45
2026-02-19,VV-VITA-326,1,21.94,21.94
2026-02-19,VV-VITA-336,1,19.9,19.9
2026-02-19,VV-VITA-339,1,17.17,19.07
2026-02-19,VV-VITA-342,1,21.19,23.54
2026-02-19,VV-VITA-346,1,13.9,13.9
2026-02-19,VV-VITA-358,1,22.72,22.72
2026-02-19,VV-VITA-361,6,97.26,109.02
2026-02-19,VV-VITA-363,1,14.89,14.89
2026-02-19,VV-VITA-371,2,35.22,37.02
2026-02-19,VV-VITA-372,3,50.54,52.2
2026-02-19,VV-VITA-375,3,53.35,53.35
2026-02-19,VV-VITA-378,2,25.8,25.8
2026-02-19,VV-VITA-379,2,34.01,35.8
2026-02-19,VV-VITA-380,3,41.7,41.7
2026-02-19,VV-VITA-381,12,181.18,184.38
2026-02-19,VV-VITA-383,1,16.35,18.16
2026-02-19,VV-VITA-385,2,35.06,35.06
2026-02-19,VV-VITA-387,2,58.16,58.16
2026-02-19,VV-VITA-398,1,12.64,12.64
2026-02-19,VV-VITA-403,2,35.82,39.8
2026-02-19,VV-VITA-405,4,63.6,63.6
2026-02-19,VV-VITA-407,8,158.63,177.54
2026-02-19,VV-VITA-46,5,92.37,101.31
2026-02-19,VV-VITA-57-V2,3,71.7,71.7
2026-02-19,VV-VITA-63,2,39.9,39.9
2026-02-19,VV-VITA-90,11,211.63,224.8
2026-02-19,VV-VITA-93,1,17.99,19.98
2026-02-19,VV-VITA-94,8,155.44,207.2
2026-02-20,,18,316.55,341.18
2026-02-20,BJ-E223-8EKW,2,47.86,50.35
2026-02-20,TU-QNYD-JRRX,52,653.9,984.4
2026-02-20,VV-VITA-124,2,44.74,47.09
2026-02-20,VV-VITA-142,1,21.27,23.62
2026-02-20,VV-VITA-146,1,18.17,18.17
2026-02-20,VV-VITA-151,8,171.04,186.3
2026-02-20,VV-VITA-155,1,20.45,22.72
2026-02-20,VV-VITA-158,4,111.08,111.08
2026-02-20,VV-VITA-159,6,130.23,153.15
2026-02-20,VV-VITA-172,50,746.5,995
2026-02-20,VV-VITA-173,1,16.35,18.16
2026-02-20,VV-VITA-183,1,25.9,25.9
2026-02-20,VV-VITA-186,2,50.89,50.89
2026-02-20,VV-VITA-189,1,19.71,21.9
2026-02-20,VV-VITA-197,100,1868,2490
2026-02-20,VV-VITA-198,1,17.91,19.9
2026-02-20,VV-VITA-203,5,82.7,90.85
2026-02-20,VV-VITA-216,3,61.7,61.7
2026-02-20,VV-VITA-222,3,70.65,75.7
2026-02-20,VV-VITA-223,21,65.7,485.35
2026-02-20,VV-VITA-225,1,21.89,21.89
2026-02-20,VV-VITA-228,2,42.63,42.63
2026-02-20,VV-VITA-231,9,215.83,238.24
2026-02-20,VV-VITA-247,1,20.76,20.76
2026-02-20,VV-VITA-257,2,39.05,43.38
2026-02-20,VV-VITA-277,1,15.07,15.07
2026-02-20,VV-VITA-286,1,21.9,21.9
2026-02-20,VV-VITA-298,2,46.53,46.53
2026-02-20,VV-VITA-301,1,17.26,17.26
2026-02-20,VV-VITA-304,1,16.35,16.35
2026-02-20,VV-VITA-308,3,71.49,74.08
2026-02-20,VV-VITA-311,1,18.17,18.17
2026-02-20,VV-VITA-320,4,87.11,94.06
2026-02-20,VV-VITA-338,3,52.92,56.88
2026-02-20,VV-VITA-339,1,19.08,19.08
2026-02-20,VV-VITA-341,2,34.52,34.52
2026-02-20,VV-VITA-342,4,72.69,72.69
2026-02-20,VV-VITA-344,3,68.53,70.88
2026-02-20,VV-VITA-359,1,18.9,18.9
2026-02-20,VV-VITA-367,1,18.17,18.17
2026-02-20,VV-VITA-38,1,12.26,13.62
2026-02-20,VV-VITA-381,5,73.01,74.5
2026-02-20,VV-VITA-389,5,110.27,126.48
2026-02-20,VV-VITA-50,3,62.7,62.7
2026-02-20,VV-VITA-57-V,2,70.89,70.89
2026-02-20,VV-VITA-90,5,104.39,106.48
2026-02-20,VV-VITA-94,4,90.96,105.41
2026-02-21,,22,328.31,338.6
2026-02-21,BJ-E223-8EKW,4,91.86,103.68
2026-02-21,CP-DQMG-RVN9,1,22.97,22.97
2026-02-21,NX-CVPF-VCEZ,1,21.81,21.81
2026-02-21,TU-QNYD-JRRX,2,37.8,37.8
2026-02-21,VI-ZU99-SZ0B,4,68.73,68.73
2026-02-21,VV-VITA-101,1,21.81,21.81
2026-02-21,VV-VITA-104,1,16.41,16.41
2026-02-21,VV-VITA-111,1,19.9,19.9
2026-02-21,VV-VITA-136,4,83.16,83.16
2026-02-21,VV-VITA-142,3,66.06,77.7
2026-02-21,VV-VITA-151,3,74.63,74.63
2026-02-21,VV-VITA-153,1,20.79,20.79
2026-02-21,VV-VITA-155,3,64.44,64.44
2026-02-21,VV-VITA-158,1,25.45,25.45
2026-02-21,VV-VITA-159,4,80.67,90.86
2026-02-21,VV-VITA-172,2,36.18,36.18
2026-02-21,VV-VITA-173,1,18.17,18.17
2026-02-21,VV-VITA-174,1,19.69,19.69
2026-02-21,VV-VITA-183,5,128.7,128.7
2026-02-21,VV-VITA-197,2,44.82,49.8
2026-02-21,VV-VITA-198,1,18.17,18.17
2026-02-21,VV-VITA-199,1,19.9,19.9
2026-02-21,VV-VITA-203,2,36.62,36.62
2026-02-21,VV-VITA-208,1,19.9,19.9
2026-02-21,VV-VITA-216,2,39.8,39.8
2026-02-21,VV-VITA-222,7,147.56,162.68
2026-02-21,VV-VITA-223,29,114.33,691.91
2026-02-21,VV-VITA-228,4,83.35,87.51
2026-02-21,VV-VITA-231,7,170.83,188.3
2026-02-21,VV-VITA-237,1,19.9,19.9
2026-02-21,VV-VITA-247,1,20.82,20.82
2026-02-21,VV-VITA-248,1,20.82,20.82
2026-02-21,VV-VITA-257,1,26.9,26.9
2026-02-21,VV-VITA-258,4,68.04,75.6
2026-02-21,VV-VITA-276,1,24.9,24.9
2026-02-21,VV-VITA-298,2,42.48,47.2
2026-02-21,VV-VITA-308,1,23.63,23.63
2026-02-21,VV-VITA-311,6,100.35,112.48
2026-02-21,VV-VITA-317,2,34.36,38.14
2026-02-21,VV-VITA-318,2,36.62,38.59
2026-02-21,VV-VITA-320,5,109.99,126.67
2026-02-21,VV-VITA-339,1,19.9,19.9
2026-02-21,VV-VITA-342,1,18.17,18.17
2026-02-21,VV-VITA-356,2,37.47,41.63
2026-02-21,VV-VITA-357,2,34.53,34.53
2026-02-21,VV-VITA-367,1,21.73,21.73
2026-02-21,VV-VITA-368,1,18.17,18.17
2026-02-21,VV-VITA-377,3,38.01,44.7
2026-02-21,VV-VITA-38,3,34.77,40.87
2026-02-21,VV-VITA-380,1,13.9,13.9
2026-02-21,VV-VITA-381,1,14.9,14.9
2026-02-21,VV-VITA-387,2,52.35,58.15
2026-02-21,VV-VITA-389,2,45.44,45.44
2026-02-21,VV-VITA-403,6,107.5,119.42
2026-02-21,VV-VITA-407,6,131.88,131.88
2026-02-21,VV-VITA-46,2,39.98,39.98
2026-02-21,VV-VITA-49,2,36.87,36.87
2026-02-21,VV-VITA-50,1,19.81,19.81
2026-02-21,VV-VITA-57-V,1,41.61,41.61
2026-02-21,VV-VITA-63,1,19.08,19.08
2026-02-21,VV-VITA-94,1,26.35,26.35
2026-02-22,,36,593.41,649.98
2026-02-22,BJ-E223-8EKW,3,64.91,76.33
2026-02-22,CW-KVIN-V39Y,2,49.31,54.78
2026-02-22,TU-QNYD-JRRX,2,36.16,36.16
2026-02-22,VV-VITA-02,1,18.17,18.17
2026-02-22,VV-VITA-105,1,18,19.99
2026-02-22,VV-VITA-121,4,83.03,83.03
2026-02-22,VV-VITA-124,3,74.21,74.21
2026-02-22,VV-VITA-142,1,23.63,23.63
2026-02-22,VV-VITA-146,2,35.18,43.41
2026-02-22,VV-VITA-151,2,42.55,47.25
2026-02-22,VV-VITA-153,1,19.81,19.81
2026-02-22,VV-VITA-157,3,38.39,42.66
2026-02-22,VV-VITA-158,1,25.45,25.45
2026-02-22,VV-VITA-166,1,23.63,23.63
2026-02-22,VV-VITA-171,1,24.46,27.17
2026-02-22,VV-VITA-183,2,51.8,51.8
2026-02-22,VV-VITA-198,1,19.9,19.9
2026-02-22,VV-VITA-203,1,18.17,18.17
2026-02-22,VV-VITA-216,4,79.6,79.6
2026-02-22,VV-VITA-222,8,169.18,190.66
2026-02-22,VV-VITA-223,34,220.48,800.71
2026-02-22,VV-VITA-225,2,44.6,44.6
2026-02-22,VV-VITA-228,8,178.65,183.23
2026-02-22,VV-VITA-231,3,69.55,81.79
2026-02-22,VV-VITA-248,6,131.32,147.24
2026-02-22,VV-VITA-249,4,99.38,99.38
2026-02-22,VV-VITA-258,2,30.93,34.36
2026-02-22,VV-VITA-259,1,25.9,25.9
2026-02-22,VV-VITA-277,1,16.35,16.35
2026-02-22,VV-VITA-295,1,20.9,20.9
2026-02-22,VV-VITA-297,2,41.71,41.71
2026-02-22,VV-VITA-298,1,23.63,23.63
2026-02-22,VV-VITA-301,3,56.14,62.38
2026-02-22,VV-VITA-304,3,45.96,45.96
2026-02-22,VV-VITA-308,1,23.31,25.9
2026-02-22,VV-VITA-310,1,22.23,22.23
2026-02-22,VV-VITA-311,1,16.36,18.17
2026-02-22,VV-VITA-320,4,99.61,110.68
2026-02-22,VV-VITA-339,1,19.9,19.9
2026-02-22,VV-VITA-341,7,104.96,108.14
2026-02-22,VV-VITA-342,4,83.2,83.2
2026-02-22,VV-VITA-344,1,23.63,23.63
2026-02-22,VV-VITA-350,1,18.86,18.86
2026-02-22,VV-VITA-354,2,41.61,43.8
2026-02-22,VV-VITA-356,3,47.35,50.6
2026-02-22,VV-VITA-367,1,17.9,17.9
2026-02-22,VV-VITA-368,1,18.24,21.7
2026-02-22,VV-VITA-371,1,18.17,18.17
2026-02-22,VV-VITA-372,3,53.87,56.7
2026-02-22,VV-VITA-374,2,35.74,39.71
2026-02-22,VV-VITA-375,5,83.4,88.56
2026-02-22,VV-VITA-377,1,13.55,13.55
2026-02-22,VV-VITA-38,3,34.77,40.87
2026-02-22,VV-VITA-381,7,106.11,115.41
2026-02-22,VV-VITA-387,3,72.28,85.01
2026-02-22,VV-VITA-389,2,47.09,49.61
2026-02-22,VV-VITA-398,1,18.17,18.17
2026-02-22,VV-VITA-403,1,19.9,19.9
2026-02-22,VV-VITA-405,5,74.66,79.5
2026-02-22,VV-VITA-407,3,65.94,65.94
2026-02-22,VV-VITA-46,5,96.61,99.59
2026-02-22,VV-VITA-49,3,54.81,56.7
2026-02-22,VV-VITA-63,1,22.9,22.9
2026-02-22,VV-VITA-88,1,22.9,25.44
2026-02-22,VV-VITA-90,6,121.22,125.4
2026-02-22,VV-VITA-94,4,108.39,108.39
2026-02-23,,34,536.62,634.09
2026-02-23,BJ-E223-8EKW,6,129.92,149.95
2026-02-23,CP-DQMG-RVN9,2,43.8,43.8
2026-02-23,NX-CVPF-VCEZ,1,19.71,21.9
2026-02-23,TU-QNYD-JRRX,3,53.26,53.26
2026-02-23,VV-VITA-101,1,25.9,25.9
2026-02-23,VV-VITA-107,1,17.18,17.18
2026-02-23,VV-VITA-129,1,17.74,19.71
2026-02-23,VV-VITA-136,1,22.72,22.72
2026-02-23,VV-VITA-142,11,197.4,262.64
2026-02-23,VV-VITA-151,1,17.6,19.55
2026-02-23,VV-VITA-155,7,130.01,176.28
2026-02-23,VV-VITA-158,3,81.36,95.7
2026-02-23,VV-VITA-165,1,27.26,27.26
2026-02-23,VV-VITA-166,2,35.66,39.62
2026-02-23,VV-VITA-171,1,27.18,27.18
2026-02-23,VV-VITA-183,6,119.14,155.4
2026-02-23,VV-VITA-186,1,25.45,25.45
2026-02-23,VV-VITA-188,2,37.89,37.89
2026-02-23,VV-VITA-197,1,22.09,24.54
2026-02-23,VV-VITA-198,-1,-18.17,0
2026-02-23,VV-VITA-199,9,136.78,173.4
2026-02-23,VV-VITA-202,1,18.17,18.17
2026-02-23,VV-VITA-203,4,64.53,72.68
2026-02-23,VV-VITA-208,3,55.72,59.7
2026-02-23,VV-VITA-216,2,44.45,44.45
2026-02-23,VV-VITA-222,2,41.06,45.62
2026-02-23,VV-VITA-223,10,148.24,225.68
2026-02-23,VV-VITA-225,1,20.9,20.9
2026-02-23,VV-VITA-228,9,150.43,199.85
2026-02-23,VV-VITA-231,5,87.43,134.5
2026-02-23,VV-VITA-237,13,197.79,245.51
2026-02-23,VV-VITA-247,1,18.74,20.82
2026-02-23,VV-VITA-248,1,21.9,21.9
2026-02-23,VV-VITA-249,1,23.63,23.63
2026-02-23,VV-VITA-257,2,43.17,45.43
2026-02-23,VV-VITA-276,8,149.52,200.7
2026-02-23,VV-VITA-284,1,22.72,22.72
2026-02-23,VV-VITA-298,1,23.6,23.6
2026-02-23,VV-VITA-301,3,55.72,59.7
2026-02-23,VV-VITA-310,1,21.81,21.81
2026-02-23,VV-VITA-311,1,20.78,20.78
2026-02-23,VV-VITA-317,3,57.34,61.5
2026-02-23,VV-VITA-318,5,76.65,87.63
2026-02-23,VV-VITA-320,4,79.93,83.7
2026-02-23,VV-VITA-336,4,79.6,79.6
2026-02-23,VV-VITA-338,6,95.7,110.52
2026-02-23,VV-VITA-339,1,19.9,19.9
2026-02-23,VV-VITA-341,4,60.44,60.44
2026-02-23,VV-VITA-342,7,110.58,148.9
2026-02-23,VV-VITA-344,3,67.08,67.08
2026-02-23,VV-VITA-349,1,16.35,18.16
2026-02-23,VV-VITA-356,4,57.5,67.04
2026-02-23,VV-VITA-357,3,51.79,51.79
2026-02-23,VV-VITA-359,-2,-37.8,0
2026-02-23,VV-VITA-361,13,176.47,231.67
2026-02-23,VV-VITA-367,5,72.28,110.76
2026-02-23,VV-VITA-371,5,51.68,79.5
2026-02-23,VV-VITA-375,1,12.44,13.82
2026-02-23,VV-VITA-377,1,14.9,14.9
2026-02-23,VV-VITA-38,4,59.78,67.9
2026-02-23,VV-VITA-381,14,189.6,201.9
2026-02-23,VV-VITA-387,2,47.13,58.16
2026-02-23,VV-VITA-389,3,70.41,75.19
2026-02-23,VV-VITA-402,8,0,205.03
2026-02-23,VV-VITA-403,3,55.72,59.7
2026-02-23,VV-VITA-46,0,1.74,21.73
2026-02-23,VV-VITA-49,2,36.1,38
2026-02-23,VV-VITA-57-V,1,31.9,35.44
2026-02-23,VV-VITA-63,1,19.08,19.08
2026-02-23,VV-VITA-88,2,31.07,47.8
2026-02-23,VV-VITA-90,5,97.87,101.76
2026-02-23,VV-VITA-94,2,39.71,77.7
2026-02-24,,22,343.61,397.92
2026-02-24,BJ-E223-8EKW,6,139.61,151.03
2026-02-24,CW-KVIN-V39Y,1,13.59,20.9
2026-02-24,NX-CVPF-VCEZ,2,44.19,49.1
2026-02-24,TU-QNYD-JRRX,3,46.39,51.54
2026-02-24,VV-VITA-02,2,35.06,35.06
2026-02-24,VV-VITA-101,1,19.81,19.81
2026-02-24,VV-VITA-104,1,19.99,19.99
2026-02-24,VV-VITA-109,1,18.9,18.9
2026-02-24,VV-VITA-111,1,19.9,19.9
2026-02-24,VV-VITA-116,2,34.01,35.8
2026-02-24,VV-VITA-121,1,14.24,21.9
2026-02-24,VV-VITA-124,4,94.54,94.54
2026-02-24,VV-VITA-129,-1,-17.01,0
2026-02-24,VV-VITA-146,1,19.54,21.71
2026-02-24,VV-VITA-151,3,60.51,65.29
2026-02-24,VV-VITA-153,8,110.53,159.25
2026-02-24,VV-VITA-157,1,13.9,13.9
2026-02-24,VV-VITA-158,1,26.27,26.27
2026-02-24,VV-VITA-165,1,25.51,28.34
2026-02-24,VV-VITA-171,3,76.27,81.7
2026-02-24,VV-VITA-172,2,39.8,39.8
2026-02-24,VV-VITA-183,3,74.57,74.57
2026-02-24,VV-VITA-188,1,16.89,16.89
2026-02-24,VV-VITA-197,2,49.8,49.8
2026-02-24,VV-VITA-199,1,19.9,19.9
2026-02-24,VV-VITA-204,1,17.26,17.26
2026-02-24,VV-VITA-207,4,73.96,82.17
2026-02-24,VV-VITA-215,2,30.38,36.99
2026-02-24,VV-VITA-216,2,41.99,44.44
2026-02-24,VV-VITA-222,3,69.31,71.7
2026-02-24,VV-VITA-223,12,270.29,282.05
2026-02-24,VV-VITA-225,4,54.55,90.86
2026-02-24,VV-VITA-228,14,286.14,315.14
2026-02-24,VV-VITA-231,11,267.99,302.28
2026-02-24,VV-VITA-247,3,52.95,62.27
2026-02-24,VV-VITA-249,0,2.12,23.63
2026-02-24,VV-VITA-252,2,45.8,45.8
2026-02-24,VV-VITA-257,0,-0.01,21.71
2026-02-24,VV-VITA-276,3,57.28,74.7
2026-02-24,VV-VITA-301,1,19.9,19.9
2026-02-24,VV-VITA-303,1,19.9,19.9
2026-02-24,VV-VITA-307,1,14.54,14.54
2026-02-24,VV-VITA-310,1,21.81,21.81
2026-02-24,VV-VITA-311,3,52.01,55.69
2026-02-24,VV-VITA-316,1,17.83,19.81
2026-02-24,VV-VITA-317,1,19.08,19.08
2026-02-24,VV-VITA-318,1,15.45,15.45
2026-02-24,VV-VITA-320,3,75.32,80.7
2026-02-24,VV-VITA-336,3,59.7,59.7
2026-02-24,VV-VITA-341,11,166.66,176.05
2026-02-24,VV-VITA-342,6,122.97,127.13
2026-02-24,VV-VITA-344,2,42.55,47.25
2026-02-24,VV-VITA-356,3,45.66,53.7
2026-02-24,VV-VITA-357,1,17.01,18.9
2026-02-24,VV-VITA-366,2,21.8,24.22
2026-02-24,VV-VITA-367,1,18.17,18.17
2026-02-24,VV-VITA-375,1,12.36,12.36
2026-02-24,VV-VITA-377,2,26.82,29.8
2026-02-24,VV-VITA-378,2,25.8,25.8
2026-02-24,VV-VITA-38,3,38.18,40.88
2026-02-24,VV-VITA-380,1,10.17,11.3
2026-02-24,VV-VITA-381,13,176.84,184.29
2026-02-24,VV-VITA-385,2,35.9,35.9
2026-02-24,VV-VITA-398,2,20.34,22.6
2026-02-24,VV-VITA-402,11,17.73,275.81
2026-02-24,VV-VITA-46,3,59.79,59.79
2026-02-24,VV-VITA-49,1,13.83,15.36
2026-02-24,VV-VITA-50,2,41.8,41.8
2026-02-24,VV-VITA-57-V,3,102.15,102.15
2026-02-24,VV-VITA-63,1,21.68,24.09
2026-02-24,VV-VITA-88,8,124.32,191.2
2026-02-24,VV-VITA-90,5,98.18,104.45
2026-02-24,VV-VITA-93,1,16.9,16.9
2026-02-24,VV-VITA-94,10,234.49,260.36
2026-02-25,,29,459.72,499.64
2026-02-25,BJ-E223-8EKW,2,44.82,49.8
2026-02-25,NX-CVPF-VCEZ,1,19.64,21.81
2026-02-25,TU-QNYD-JRRX,51,633.4,963.9
2026-02-25,VV-VITA-109,4,68.87,70.35
2026-02-25,VV-VITA-111,1,20.9,20.9
2026-02-25,VV-VITA-116,2,32.72,36.34
2026-02-25,VV-VITA-124,3,70.25,72.59
2026-02-25,VV-VITA-127,3,67.01,78.84
2026-02-25,VV-VITA-129,1,15.46,17.17
2026-02-25,VV-VITA-142,5,102.43,117.71
2026-02-25,VV-VITA-155,6,113.03,129.39
2026-02-25,VV-VITA-157,1,15.45,15.45
2026-02-25,VV-VITA-158,6,167.54,188.71
2026-02-25,VV-VITA-159,1,22.72,22.72
2026-02-25,VV-VITA-166,2,31.96,38.98
2026-02-25,VV-VITA-173,5,81.69,87.13
2026-02-25,VV-VITA-183,3,77.3,77.3
2026-02-25,VV-VITA-197,1,20.37,22.63
2026-02-25,VV-VITA-199,1,20.81,20.81
2026-02-25,VV-VITA-203,2,34.45,36.25
2026-02-25,VV-VITA-206,3,48.85,54.27
2026-02-25,VV-VITA-215,1,19.08,19.08
2026-02-25,VV-VITA-216,1,17.53,17.53
2026-02-25,VV-VITA-222,2,44.19,49.1
2026-02-25,VV-VITA-223,8,167.19,178.28
2026-02-25,VV-VITA-228,5,85.52,112.98
2026-02-25,VV-VITA-231,17,415.22,458.89
2026-02-25,VV-VITA-237,6,102.47,114.39
2026-02-25,VV-VITA-247,4,71.01,82.35
2026-02-25,VV-VITA-248,2,44.16,49.06
2026-02-25,VV-VITA-249,2,43.97,46.23
2026-02-25,VV-VITA-257,1,21.71,21.71
2026-02-25,VV-VITA-259,1,25.9,25.9
2026-02-25,VV-VITA-276,1,23.63,23.63
2026-02-25,VV-VITA-277,1,11.73,11.73
2026-02-25,VV-VITA-298,2,48.22,48.22
2026-02-25,VV-VITA-301,1,15.54,17.26
2026-02-25,VV-VITA-303,2,32.62,32.62
2026-02-25,VV-VITA-310,8,166.09,180.63
2026-02-25,VV-VITA-311,3,49.06,54.51
2026-02-25,VV-VITA-317,1,16.28,18.08
2026-02-25,VV-VITA-320,6,148.2,153.58
2026-02-25,VV-VITA-339,2,35.66,39.62
2026-02-25,VV-VITA-341,6,91.95,96.83
2026-02-25,VV-VITA-342,6,102.88,133.2
2026-02-25,VV-VITA-344,2,44,46.26
2026-02-25,VV-VITA-351,4,73.96,79.95
2026-02-25,VV-VITA-354,1,18.68,24.9
2026-02-25,VV-VITA-356,2,35.66,39.62
2026-02-25,VV-VITA-359,1,14.8,19.73
2026-02-25,VV-VITA-361,2,36.72,38.65
2026-02-25,VV-VITA-367,2,32.71,36.34
2026-02-25,VV-VITA-372,1,14.8,19.73
2026-02-25,VV-VITA-377,2,28.55,28.55
2026-02-25,VV-VITA-379,1,14.18,18.9
2026-02-25,VV-VITA-38,3,47.77,53.08
2026-02-25,VV-VITA-381,7,97.03,104.39
2026-02-25,VV-VITA-387,2,58.78,61.86
2026-02-25,VV-VITA-398,3,46.36,54.51
2026-02-25,VV-VITA-402,9,43.23,228.11
2026-02-25,VV-VITA-403,2,39.81,39.81
2026-02-25,VV-VITA-407,2,41.86,55.8
2026-02-25,VV-VITA-46,2,37.81,39.8
2026-02-25,VV-VITA-49,1,18.9,18.9
2026-02-25,VV-VITA-57-V,2,70.9,70.9
2026-02-25,VV-VITA-57-V2,2,45.92,48.33
2026-02-25,VV-VITA-88,4,71.72,95.6
2026-02-25,VV-VITA-90,2,41.8,41.8
2026-02-25,VV-VITA-94,5,94.29,123.08
2026-02-26,,19,314.73,338.4
2026-02-26,BJ-E223-8EKW,3,63.51,74.7
2026-02-26,CP-DQMG-RVN9,2,39,40.9
2026-02-26,VV-VITA-101,2,47.71,47.71
2026-02-26,VV-VITA-109,3,50.02,50.02
2026-02-26,VV-VITA-121,2,43.8,43.8
2026-02-26,VV-VITA-124,2,45.91,48.35
2026-02-26,VV-VITA-129,1,15.46,17.17
2026-02-26,VV-VITA-136,1,16.18,16.18
2026-02-26,VV-VITA-142,5,97.63,112.38
2026-02-26,VV-VITA-151,1,23.63,23.63
2026-02-26,VV-VITA-153,2,35.82,39.8
2026-02-26,VV-VITA-155,2,39.71,41.8
2026-02-26,VV-VITA-157,3,40.99,42.38
2026-02-26,VV-VITA-158,1,31.9,31.9
2026-02-26,VV-VITA-159,4,97.64,110.37
2026-02-26,VV-VITA-166,5,88.48,104.1
2026-02-26,VV-VITA-173,4,77.61,79.6
2026-02-26,VV-VITA-198,2,36.34,36.34
2026-02-26,VV-VITA-199,1,19.9,19.9
2026-02-26,VV-VITA-202,1,13.55,13.55
2026-02-26,VV-VITA-203,3,55.72,59.7
2026-02-26,VV-VITA-208,2,37.81,39.8
2026-02-26,VV-VITA-222,-3,-60.96,0
2026-02-26,VV-VITA-223,8,172.44,181.4
2026-02-26,VV-VITA-225,1,20.9,20.9
2026-02-26,VV-VITA-228,6,127.37,134.13
2026-02-26,VV-VITA-231,4,106.38,109.09
2026-02-26,VV-VITA-237,3,45.69,59.7
2026-02-26,VV-VITA-248,8,160.55,169.54
2026-02-26,VV-VITA-252,6,120.55,141.76
2026-02-26,VV-VITA-257,1,26.9,26.9
2026-02-26,VV-VITA-276,2,49.8,49.8
2026-02-26,VV-VITA-297,2,39.27,43.61
2026-02-26,VV-VITA-301,3,53.76,59.72
2026-02-26,VV-VITA-304,1,14.73,16.35
2026-02-26,VV-VITA-308,2,51.8,51.8
2026-02-26,VV-VITA-31,2,35.6,35.6
2026-02-26,VV-VITA-311,4,68.07,92.61
2026-02-26,VV-VITA-317,1,17.91,19.9
2026-02-26,VV-VITA-320,7,138.11,146.67
2026-02-26,VV-VITA-326,1,19.08,19.08
2026-02-26,VV-VITA-338,8,138,149.3
2026-02-26,VV-VITA-341,2,29.99,29.99
2026-02-26,VV-VITA-342,3,61.71,61.71
2026-02-26,VV-VITA-344,2,46.04,48.53
2026-02-26,VV-VITA-351,2,37.81,39.8
2026-02-26,VV-VITA-359,3,47.78,49.58
2026-02-26,VV-VITA-361,1,16.9,16.9
2026-02-26,VV-VITA-367,1,18.17,18.17
2026-02-26,VV-VITA-371,1,18.17,18.17
2026-02-26,VV-VITA-377,3,41.72,44.7
2026-02-26,VV-VITA-38,1,17.01,18.9
2026-02-26,VV-VITA-381,12,168.17,176.56
2026-02-26,VV-VITA-389,1,24.45,24.45
2026-02-26,VV-VITA-394,3,63.45,68.15
2026-02-26,VV-VITA-402,16,160.88,395.38
2026-02-26,VV-VITA-403,2,39.8,39.8
2026-02-26,VV-VITA-46,6,90.19,103.87
2026-02-26,VV-VITA-49,3,51,59.97
2026-02-26,VV-VITA-86,3,44.79,59.7
2026-02-26,VV-VITA-90,3,59.22,59.22
2026-02-26,VV-VITA-94,1,29,29
2026-02-27,,39,551.27,659.24
2026-02-27,BJ-E223-8EKW,9,112.1,224.1
2026-02-27,NX-CVPF-VCEZ,7,100.78,140.49
2026-02-27,TU-QNYD-JRRX,38,480.06,718.2
2026-02-27,VI-ZU99-SZ0B,3,34.91,53.7
2026-02-27,VV-VITA-101,1,20.39,20.39
2026-02-27,VV-VITA-104,1,18,19.99
2026-02-27,VV-VITA-107,36,442.26,680.4
2026-02-27,VV-VITA-109,6,73.71,113.4
2026-02-27,VV-VITA-111,9,116.42,179.1
2026-02-27,VV-VITA-116,1,17.9,17.9
2026-02-27,VV-VITA-121,1,20.45,20.45
2026-02-27,VV-VITA-124,3,46.61,71.7
2026-02-27,VV-VITA-129,1,18.17,18.17
2026-02-27,VV-VITA-142,4,51.83,103.6
2026-02-27,VV-VITA-146,13,135.83,256.96
2026-02-27,VV-VITA-151,6,71.73,143.4
2026-02-27,VV-VITA-153,19,199.11,378.1
2026-02-27,VV-VITA-155,4,54.09,85.42
2026-02-27,VV-VITA-158,6,145.75,172.02
2026-02-27,VV-VITA-159,12,155.47,310.8
2026-02-27,VV-VITA-170,4,53.87,75.6
2026-02-27,VV-VITA-171,2,49.09,54.52
2026-02-27,VV-VITA-172,7,100.33,142.12
2026-02-27,VV-VITA-186,6,101.01,155.4
2026-02-27,VV-VITA-189,3,42.71,65.7
2026-02-27,VV-VITA-198,1,18.17,18.17
2026-02-27,VV-VITA-203,7,122.41,132.37
2026-02-27,VV-VITA-204,2,37.8,37.8
2026-02-27,VV-VITA-206,3,34.91,53.7
2026-02-27,VV-VITA-207,4,80.18,82.17
2026-02-27,VV-VITA-215,1,17.01,18.9
2026-02-27,VV-VITA-216,1,19.9,19.9
2026-02-27,VV-VITA-222,2,43.02,47.8
2026-02-27,VV-VITA-223,14,291.26,320.51
2026-02-27,VV-VITA-224,41,802.73,822.82
2026-02-27,VV-VITA-225,9,94.09,188.1
2026-02-27,VV-VITA-228,1,21.81,21.81
2026-02-27,VV-VITA-230,7,175.7,175.7
2026-02-27,VV-VITA-231,10,261.75,274.06
2026-02-27,VV-VITA-237,10,107.52,199
2026-02-27,VV-VITA-247,4,69.67,75.08
2026-02-27,VV-VITA-248,1,19.71,21.9
2026-02-27,VV-VITA-249,18,279.63,430.2
2026-02-27,VV-VITA-257,7,151.65,173.63
2026-02-27,VV-VITA-259,1,25.45,25.45
2026-02-27,VV-VITA-276,3,54.78,74.7
2026-02-27,VV-VITA-277,1,12.9,12.9
2026-02-27,VV-VITA-286,-1,-20.73,0
2026-02-27,VV-VITA-287,1,19.9,19.9
2026-02-27,VV-VITA-295,1,20.9,20.9
2026-02-27,VV-VITA-297,-1,-16.18,0
2026-02-27,VV-VITA-298,15,223.28,343.5
2026-02-27,VV-VITA-303,1,17.91,19.9
2026-02-27,VV-VITA-304,4,38.74,59.6
2026-02-27,VV-VITA-31,1,21.9,21.9
2026-02-27,VV-VITA-310,2,39.07,43.41
2026-02-27,VV-VITA-311,3,49.51,49.51
2026-02-27,VV-VITA-316,9,131.34,179.1
2026-02-27,VV-VITA-317,8,119.13,160.92
2026-02-27,VV-VITA-318,1,18.9,18.9
2026-02-27,VV-VITA-319,3,38.81,59.7
2026-02-27,VV-VITA-320,4,80.33,82.22
2026-02-27,VV-VITA-336,3,59.7,59.7
2026-02-27,VV-VITA-338,3,48.35,51.78
2026-02-27,VV-VITA-339,6,77.61,119.4
2026-02-27,VV-VITA-341,4,62.65,67.68
2026-02-27,VV-VITA-342,1,16.35,18.16
2026-02-27,VV-VITA-344,2,40.03,70.87
2026-02-27,VV-VITA-345,2,39.71,41.8
2026-02-27,VV-VITA-346,3,30.26,41.34
2026-02-27,VV-VITA-354,6,90.65,133.65
2026-02-27,VV-VITA-356,8,89.54,143.2
2026-02-27,VV-VITA-358,5,61.43,94.5
2026-02-27,VV-VITA-359,6,73.71,113.4
2026-02-27,VV-VITA-367,8,86.21,143.46
2026-02-27,VV-VITA-369,3,34.91,53.7
2026-02-27,VV-VITA-371,8,94.63,128.02
2026-02-27,VV-VITA-375,7,83.9,119.39
2026-02-27,VV-VITA-377,1,14.9,14.9
2026-02-27,VV-VITA-378,8,67.08,103.2
2026-02-27,VV-VITA-379,8,71.65,143.2
2026-02-27,VV-VITA-38,3,41.55,46.15
2026-02-27,VV-VITA-380,5,45.18,69.5
2026-02-27,VV-VITA-381,10,114.73,149
2026-02-27,VV-VITA-383,3,34.91,53.7
2026-02-27,VV-VITA-385,8,106.23,141.5
2026-02-27,VV-VITA-389,2,40.91,45.43
2026-02-27,VV-VITA-39,25,378.25,570.61
2026-02-27,VV-VITA-395,2,32.71,32.71
2026-02-27,VV-VITA-398,1,13.9,13.9
2026-02-27,VV-VITA-402,11,0,282.71
2026-02-27,VV-VITA-407,2,50.73,50.73
2026-02-27,VV-VITA-46,12,175.8,244.21
2026-02-27,VV-VITA-49,2,38.89,38.89
2026-02-27,VV-VITA-57-V,1,35.45,35.45
2026-02-27,VV-VITA-57-V2,4,68.12,95.6
2026-02-27,VV-VITA-86,9,137.31,179.1
2026-02-27,VV-VITA-88,1,23.9,23.9
2026-02-27,VV-VITA-90,2,41.28,64.74
2026-02-27,VV-VITA-94,4,93.58,105.41
2026-02-28,,12,236.21,239.87
2026-02-28,TU-QNYD-JRRX,4,62.15,69.04
2026-02-28,VV-VITA-107,2,39.62,39.62
2026-02-28,VV-VITA-109,1,18.9,18.9
2026-02-28,VV-VITA-121,2,41.52,41.52
2026-02-28,VV-VITA-129,1,14.17,15.74
2026-02-28,VV-VITA-151,1,23.63,23.63
2026-02-28,VV-VITA-157,1,15.45,15.45
2026-02-28,VV-VITA-158,3,64.91,76.33
2026-02-28,VV-VITA-165,1,29.72,29.72
2026-02-28,VV-VITA-173,1,20.91,20.91
2026-02-28,VV-VITA-183,1,25.5,25.5
2026-02-28,VV-VITA-186,4,94.41,94.41
2026-02-28,VV-VITA-207,2,37.09,37.09
2026-02-28,VV-VITA-208,2,35.82,39.8
2026-02-28,VV-VITA-216,1,19.9,19.9
2026-02-28,VV-VITA-222,1,21.51,23.9
2026-02-28,VV-VITA-223,5,112.28,114.67
2026-02-28,VV-VITA-224,12,225.87,239.8
2026-02-28,VV-VITA-228,3,67.94,67.94
2026-02-28,VV-VITA-230,1,25.9,25.9
2026-02-28,VV-VITA-231,5,123.49,135.7
2026-02-28,VV-VITA-237,6,109.45,119.4
2026-02-28,VV-VITA-247,3,61.72,61.72
2026-02-28,VV-VITA-248,2,32.85,36.5
2026-02-28,VV-VITA-252,1,24.55,24.55
2026-02-28,VV-VITA-257,1,26.9,26.9
2026-02-28,VV-VITA-259,3,67.37,79.26
2026-02-28,VV-VITA-286,1,21.9,21.9
2026-02-28,VV-VITA-287,2,37.81,39.8
2026-02-28,VV-VITA-301,2,37.16,37.16
2026-02-28,VV-VITA-304,1,13.41,14.9
2026-02-28,VV-VITA-308,4,91.08,95.79
2026-02-28,VV-VITA-31,1,18.17,18.17
2026-02-28,VV-VITA-310,3,71.61,71.61
2026-02-28,VV-VITA-311,7,115.46,134.14
2026-02-28,VV-VITA-318,1,15.45,15.45
2026-02-28,VV-VITA-320,10,210.95,222.03
2026-02-28,VV-VITA-341,1,15.54,17.26
2026-02-28,VV-VITA-342,1,19.71,21.9
2026-02-28,VV-VITA-344,2,42.55,47.25
2026-02-28,VV-VITA-351,3,50.76,59.7
2026-02-28,VV-VITA-361,1,18.63,18.63
2026-02-28,VV-VITA-363,3,50.58,50.58
2026-02-28,VV-VITA-365,1,13.55,13.55
2026-02-28,VV-VITA-367,1,16.11,17.9
2026-02-28,VV-VITA-374,1,17.18,17.18
2026-02-28,VV-VITA-381,7,110.01,112.99
2026-02-28,VV-VITA-385,1,17.83,19.81
2026-02-28,VV-VITA-387,1,28.55,28.55
2026-02-28,VV-VITA-389,3,66.92,71.7
2026-02-28,VV-VITA-39,18,375.09,386.54
2026-02-28,VV-VITA-395,1,18.9,18.9
2026-02-28,VV-VITA-402,7,48.53,177.64
2026-02-28,VV-VITA-403,2,37.81,39.8
2026-02-28,VV-VITA-46,3,57.89,59.88
2026-02-28,VV-VITA-50,2,38.62,40.71
2026-02-28,VV-VITA-57-V2,1,26.35,26.35
2026-02-28,VV-VITA-86,3,53.73,59.7
2026-02-28,VV-VITA-88,1,25.45,25.45
2026-02-28,VV-VITA-90,4,83.6,83.6
2026-03-01,,40,616.54,696.08
2026-03-01,VV-VITA-101,1,21.4,21.4
2026-03-01,VV-VITA-107,2,21.68,28.9
2026-03-01,VV-VITA-109,3,36.87,56.7
2026-03-01,VV-VITA-111,2,29.86,39.81
2026-03-01,VV-VITA-116,1,18.72,18.72
2026-03-01,VV-VITA-121,8,160.32,168.87
2026-03-01,VV-VITA-124,2,39.09,47.45
2026-03-01,VV-VITA-151,2,45.17,47.52
2026-03-01,VV-VITA-153,3,46.69,56.06
2026-03-01,VV-VITA-155,6,126.23,134.94
2026-03-01,VV-VITA-157,5,71.55,71.55
2026-03-01,VV-VITA-158,1,25.45,25.45
2026-03-01,VV-VITA-159,1,22.72,22.72
2026-03-01,VV-VITA-173,3,57.54,57.54
2026-03-01,VV-VITA-203,3,45.47,54.42
2026-03-01,VV-VITA-207,4,76.23,76.23
2026-03-01,VV-VITA-208,1,19.9,19.9
2026-03-01,VV-VITA-222,6,130.27,143.4
2026-03-01,VV-VITA-223,13,270.44,294.91
2026-03-01,VV-VITA-224,14,277.04,294.83
2026-03-01,VV-VITA-228,4,83.98,88.33
2026-03-01,VV-VITA-230,3,79.22,79.22
2026-03-01,VV-VITA-231,11,252.7,286.14
2026-03-01,VV-VITA-247,4,72.47,80.52
2026-03-01,VV-VITA-248,3,51.61,66.18
2026-03-01,VV-VITA-257,3,69.06,71.32
2026-03-01,VV-VITA-258,3,51.03,56.7
2026-03-01,VV-VITA-259,1,25.9,25.9
2026-03-01,VV-VITA-276,3,57.78,76.16
2026-03-01,VV-VITA-277,4,58.88,65.41
2026-03-01,VV-VITA-301,1,19.9,19.9
2026-03-01,VV-VITA-304,3,41.86,43.35
2026-03-01,VV-VITA-310,4,96.46,96.46
2026-03-01,VV-VITA-311,2,34.52,36.33
2026-03-01,VV-VITA-320,17,360.95,406.41
2026-03-01,VV-VITA-338,1,19.9,19.9
2026-03-01,VV-VITA-339,1,19.9,19.9
2026-03-01,VV-VITA-341,3,51.79,51.79
2026-03-01,VV-VITA-342,4,84.17,86.36
2026-03-01,VV-VITA-344,1,21.26,23.62
2026-03-01,VV-VITA-351,2,33.79,37.54
2026-03-01,VV-VITA-354,1,23.63,23.63
2026-03-01,VV-VITA-356,3,46.93,56.3
2026-03-01,VV-VITA-357,1,18.9,18.9
2026-03-01,VV-VITA-367,2,29.33,39.09
2026-03-01,VV-VITA-374,1,19.08,19.08
2026-03-01,VV-VITA-375,2,23.18,30.9
2026-03-01,VV-VITA-377,3,46.36,54.51
2026-03-01,VV-VITA-379,2,30.93,34.36
2026-03-01,VV-VITA-381,14,201.15,208.6
2026-03-01,VV-VITA-385,2,33.8,33.8
2026-03-01,VV-VITA-389,5,112.1,116.88
2026-03-01,VV-VITA-39,4,72.69,72.69
2026-03-01,VV-VITA-395,1,16.65,16.65
2026-03-01,VV-VITA-398,2,18.08,27.8
2026-03-01,VV-VITA-402,9,91.08,222.89
2026-03-01,VV-VITA-403,1,17.91,19.9
2026-03-01,VV-VITA-46,3,56.74,60.72
2026-03-01,VV-VITA-50,2,39.82,39.82
2026-03-01,VV-VITA-57-V,1,31.9,35.44
2026-03-01,VV-VITA-57-V2,1,21.51,23.9
2026-03-01,VV-VITA-90,4,84.71,84.71
2026-03-01,VV-VITA-94,1,23.72,26.35
2026-03-02,,34,504.94,585.14
2026-03-02,BJ-E223-8EKW,3,69.72,74.7
2026-03-02,CW-KVIN-V39Y,3,57,57
2026-03-02,NX-CVPF-VCEZ,2,39.26,43.61
2026-03-02,VV-VITA-101,5,84.18,129.5
2026-03-02,VV-VITA-104,2,38.08,38.08
2026-03-02,VV-VITA-116,2,31.58,33.56
2026-03-02,VV-VITA-121,2,39.45,39.45
2026-03-02,VV-VITA-124,2,40.46,42.81
2026-03-02,VV-VITA-136,4,78.75,78.75
2026-03-02,VV-VITA-151,3,64.69,76.08
2026-03-02,VV-VITA-153,2,35.85,39.82
2026-03-02,VV-VITA-155,1,20.9,20.9
2026-03-02,VV-VITA-158,3,80.26,82.79
2026-03-02,VV-VITA-159,2,48.62,48.62
2026-03-02,VV-VITA-165,2,49.08,54.52
2026-03-02,VV-VITA-166,1,19.9,19.9
2026-03-02,VV-VITA-168,1,23.9,23.9
2026-03-02,VV-VITA-172,1,18.09,18.09
2026-03-02,VV-VITA-190,1,19.9,19.9
2026-03-02,VV-VITA-198,3,50.88,54.51
2026-03-02,VV-VITA-203,2,37.81,39.8
2026-03-02,VV-VITA-204,6,79.78,112.85
2026-03-02,VV-VITA-207,1,19.9,19.9
2026-03-02,VV-VITA-215,9,130.13,170.82
2026-03-02,VV-VITA-216,10,156.4,191.22
2026-03-02,VV-VITA-222,1,23.9,23.9
2026-03-02,VV-VITA-223,7,147.9,149.99
2026-03-02,VV-VITA-224,12,206.98,241.8
2026-03-02,VV-VITA-228,7,124.55,142.63
2026-03-02,VV-VITA-230,1,21.06,21.06
2026-03-02,VV-VITA-231,16,338.88,391.42
2026-03-02,VV-VITA-247,2,34.92,37
2026-03-02,VV-VITA-248,4,80.41,90.25
2026-03-02,VV-VITA-249,2,47.8,47.8
2026-03-02,VV-VITA-257,1,22.72,22.72
2026-03-02,VV-VITA-258,1,19.99,19.99
2026-03-02,VV-VITA-276,-1,-18.19,26.27
2026-03-02,VV-VITA-277,1,11.61,12.9
2026-03-02,VV-VITA-287,15,232.52,302.17
2026-03-02,VV-VITA-297,1,19.9,19.9
2026-03-02,VV-VITA-301,3,40.94,48.15
2026-03-02,VV-VITA-304,4,47.32,47.32
2026-03-02,VV-VITA-308,12,285.14,285.14
2026-03-02,VV-VITA-31,6,90.89,131.4
2026-03-02,VV-VITA-311,2,32.73,36.36
2026-03-02,VV-VITA-317,2,36.18,36.18
2026-03-02,VV-VITA-318,1,17.18,17.18
2026-03-02,VV-VITA-320,7,153.3,164.95
2026-03-02,VV-VITA-339,4,71.56,79.51
2026-03-02,VV-VITA-341,8,119.31,125.67
2026-03-02,VV-VITA-342,2,35.73,37.92
2026-03-02,VV-VITA-344,1,21.27,23.62
2026-03-02,VV-VITA-345,5,80.93,124.5
2026-03-02,VV-VITA-351,1,17.99,19.98
2026-03-02,VV-VITA-355,3,61.99,72.93
2026-03-02,VV-VITA-357,1,18.9,18.9
2026-03-02,VV-VITA-358,1,21.73,21.73
2026-03-02,VV-VITA-359,4,66.4,72.07
2026-03-02,VV-VITA-367,1,17.9,17.9
2026-03-02,VV-VITA-368,1,17.9,17.9
2026-03-02,VV-VITA-375,4,77.96,77.96
2026-03-02,VV-VITA-377,1,13.55,13.55
2026-03-02,VV-VITA-381,5,78.11,78.11
2026-03-02,VV-VITA-385,1,13.52,13.52
2026-03-02,VV-VITA-389,1,19.43,19.43
2026-03-02,VV-VITA-39,9,152.25,159.51
2026-03-02,VV-VITA-394,1,20.9,20.9
2026-03-02,VV-VITA-395,1,22.65,22.65
2026-03-02,VV-VITA-402,7,49.8,176.39
2026-03-02,VV-VITA-403,3,55.72,59.7
2026-03-02,VV-VITA-405,1,14.31,15.9
2026-03-02,VV-VITA-46,4,57.12,64.33
2026-03-02,VV-VITA-49,5,61.43,94.5
2026-03-02,VV-VITA-57-V,1,35.45,35.45
2026-03-02,VV-VITA-63,1,18.62,18.62
2026-03-02,VV-VITA-86,6,84.58,119.4
2026-03-02,VV-VITA-88,2,46.87,49.26
2026-03-02,VV-VITA-90,7,107.48,148.44
2026-03-02,VV-VITA-94,3,66.06,77.7
2026-03-03,,55,907.81,924.2
2026-03-03,BJ-E223-8EKW,3,70.71,75.79
2026-03-03,CW-KVIN-V39Y,12,142.12,200.64
2026-03-03,NX-CVPF-VCEZ,1,22.09,24.54
2026-03-03,TU-QNYD-JRRX,2,28.66,28.66
2026-03-03,VV-VITA-101,1,21.19,23.54
2026-03-03,VV-VITA-104,1,18.68,20.75
2026-03-03,VV-VITA-109,3,52.49,60.79
2026-03-03,VV-VITA-116,1,14.54,14.54
2026-03-03,VV-VITA-121,7,83.28,121.72
2026-03-03,VV-VITA-124,2,46.54,48.88
2026-03-03,VV-VITA-136,2,33.97,34.09
2026-03-03,VV-VITA-142,3,60.27,70.87
2026-03-03,VV-VITA-153,1,17.92,19.91
2026-03-03,VV-VITA-155,4,74.21,83.6
2026-03-03,VV-VITA-157,1,13.9,13.9
2026-03-03,VV-VITA-158,5,136.16,153.04
2026-03-03,VV-VITA-159,1,22.72,22.72
2026-03-03,VV-VITA-166,3,50.53,59.43
2026-03-03,VV-VITA-168,3,71.36,71.7
2026-03-03,VV-VITA-170,3,43.47,56.7
2026-03-03,VV-VITA-172,-1,-18.27,19.9
2026-03-03,VV-VITA-173,1,18.17,18.17
2026-03-03,VV-VITA-183,3,77.7,77.7
2026-03-03,VV-VITA-189,1,18.81,20.9
2026-03-03,VV-VITA-198,3,54.34,54.34
2026-03-03,VV-VITA-199,1,19.9,19.9
2026-03-03,VV-VITA-202,5,78.95,79.5
2026-03-03,VV-VITA-203,6,110.07,119.42
2026-03-03,VV-VITA-206,5,87.71,89.5
2026-03-03,VV-VITA-208,1,20.94,20.94
2026-03-03,VV-VITA-216,2,31.84,31.84
2026-03-03,VV-VITA-222,2,31.07,47.8
2026-03-03,VV-VITA-223,18,351.69,394.38
2026-03-03,VV-VITA-224,12,206.96,238.8
2026-03-03,VV-VITA-225,2,40.91,45.43
2026-03-03,VV-VITA-228,9,158.88,207.28
2026-03-03,VV-VITA-230,4,73.82,103.6
2026-03-03,VV-VITA-231,18,355.19,432.67
2026-03-03,VV-VITA-247,7,121.79,142.07
2026-03-03,VV-VITA-249,1,16.9,25.99
2026-03-03,VV-VITA-252,5,105.99,119.04
2026-03-03,VV-VITA-257,1,21.71,21.71
2026-03-03,VV-VITA-258,1,18.9,18.9
2026-03-03,VV-VITA-259,1,25.45,25.45
2026-03-03,VV-VITA-276,3,62.98,73.95
2026-03-03,VV-VITA-286,2,31.86,33.45
2026-03-03,VV-VITA-303,1,15.8,15.92
2026-03-03,VV-VITA-304,3,29.55,39.62
2026-03-03,VV-VITA-308,1,23.63,23.63
2026-03-03,VV-VITA-31,1,18.09,18.09
2026-03-03,VV-VITA-310,1,19.63,21.81
2026-03-03,VV-VITA-311,3,51.1,54.5
2026-03-03,VV-VITA-317,1,19.9,19.9
2026-03-03,VV-VITA-318,1,12.29,18.9
2026-03-03,VV-VITA-320,0,1.01,43.52
2026-03-03,VV-VITA-339,3,57.45,59.43
2026-03-03,VV-VITA-342,1,18.17,18.17
2026-03-03,VV-VITA-344,1,25.51,28.34
2026-03-03,VV-VITA-345,2,49.46,49.8
2026-03-03,VV-VITA-354,1,20.39,22.65
2026-03-03,VV-VITA-355,2,42.7,47.44
2026-03-03,VV-VITA-359,-1,-7.81,60.72
2026-03-03,VV-VITA-361,1,13.83,15.36
2026-03-03,VV-VITA-362,1,16.28,18.08
2026-03-03,VV-VITA-363,1,10.99,16.9
2026-03-03,VV-VITA-371,2,26.72,26.72
2026-03-03,VV-VITA-377,2,28.31,29.8
2026-03-03,VV-VITA-38,3,39.53,40.88
2026-03-03,VV-VITA-381,8,101.12,102.32
2026-03-03,VV-VITA-383,1,16.35,18.16
2026-03-03,VV-VITA-387,2,51.45,51.8
2026-03-03,VV-VITA-389,1,25.23,25.23
2026-03-03,VV-VITA-39,8,113.29,130.33
2026-03-03,VV-VITA-398,5,69.02,69.5
2026-03-03,VV-VITA-402,6,137.08,149.21
2026-03-03,VV-VITA-403,1,19.9,19.9
2026-03-03,VV-VITA-405,1,15.9,15.9
2026-03-03,VV-VITA-407,3,83.13,83.7
2026-03-03,VV-VITA-46,7,122.87,139.92
2026-03-03,VV-VITA-49,11,187.75,219.53
2026-03-03,VV-VITA-50,2,38.71,40.8
2026-03-03,VV-VITA-57-V,1,31.9,35.44
2026-03-03,VV-VITA-63,1,22.9,22.9
2026-03-03,VV-VITA-86,4,82.6,82.6
2026-03-03,VV-VITA-90,2,36.72,76.24
2026-03-03,VV-VITA-94,5,116.31,139.23
2026-03-04,,41,578.89,749.66
2026-03-04,CW-KVIN-V39Y,3,71.97,71.97
2026-03-04,NX-CVPF-VCEZ,3,61.08,65.42
2026-03-04,VV-VITA-101,1,22.64,22.64
2026-03-04,VV-VITA-109,3,58.05,58.05
2026-03-04,VV-VITA-121,5,64.97,99.95
2026-03-04,VV-VITA-124,6,113.05,148.33
2026-03-04,VV-VITA-127,1,16.19,24.9
2026-03-04,VV-VITA-142,7,126.58,176.58
2026-03-04,VV-VITA-151,15,253.41,289.79
2026-03-04,VV-VITA-153,2,28.47,43.8
2026-03-04,VV-VITA-155,2,32.49,49.98
2026-03-04,VV-VITA-166,2,33.79,51.98
2026-03-04,VV-VITA-168,3,48.74,74.97
2026-03-04,VV-VITA-171,16,300.44,446.84
2026-03-04,VV-VITA-173,2,37.81,39.8
2026-03-04,VV-VITA-174,2,27.49,27.49
2026-03-04,VV-VITA-183,2,42.38,47.08
2026-03-04,VV-VITA-198,1,16.27,16.27
2026-03-04,VV-VITA-199,1,19.9,19.9
2026-03-04,VV-VITA-203,3,44.7,55.98
2026-03-04,VV-VITA-204,1,17.26,17.26
2026-03-04,VV-VITA-206,5,67.15,89.5
2026-03-04,VV-VITA-207,3,42.71,65.7
2026-03-04,VV-VITA-208,6,113.67,127.84
2026-03-04,VV-VITA-215,2,21.83,33.58
2026-03-04,VV-VITA-216,3,52.7,52.7
2026-03-04,VV-VITA-223,8,152.34,179.94
2026-03-04,VV-VITA-224,7,114.52,154.75
2026-03-04,VV-VITA-228,2,44.71,44.71
2026-03-04,VV-VITA-231,13,263.94,289.12
2026-03-04,VV-VITA-237,3,37.04,56.97
2026-03-04,VV-VITA-247,1,20.82,20.82
2026-03-04,VV-VITA-248,1,19.3,19.3
2026-03-04,VV-VITA-259,4,92.44,102.69
2026-03-04,VV-VITA-276,1,16.9,25.99
2026-03-04,VV-VITA-287,0,4.09,65.97
2026-03-04,VV-VITA-297,2,39.8,39.8
2026-03-04,VV-VITA-301,1,12.35,18.99
2026-03-04,VV-VITA-303,2,30.73,30.73
2026-03-04,VV-VITA-304,1,13.08,13.08
2026-03-04,VV-VITA-308,3,71.71,74.07
2026-03-04,VV-VITA-311,2,25.99,39.98
2026-03-04,VV-VITA-317,2,38.16,38.16
2026-03-04,VV-VITA-320,10,179.32,217.46
2026-03-04,VV-VITA-338,3,44.66,49.61
2026-03-04,VV-VITA-341,3,44.3,45.89
2026-03-04,VV-VITA-342,2,36.06,38.25
2026-03-04,VV-VITA-344,2,44.82,71.53
2026-03-04,VV-VITA-345,1,18.81,20.9
2026-03-04,VV-VITA-354,3,53.7,71.89
2026-03-04,VV-VITA-355,4,79.8,88.64
2026-03-04,VV-VITA-356,3,42.1,54.69
2026-03-04,VV-VITA-361,1,16.9,16.9
2026-03-04,VV-VITA-362,2,39.98,39.98
2026-03-04,VV-VITA-367,2,38.09,39.89
2026-03-04,VV-VITA-368,1,16.35,18.16
2026-03-04,VV-VITA-374,1,19.9,19.9
2026-03-04,VV-VITA-377,1,14.05,14.05
2026-03-04,VV-VITA-379,3,43.28,50.9
2026-03-04,VV-VITA-38,5,56.54,77.49
2026-03-04,VV-VITA-381,20,253.71,253.71
2026-03-04,VV-VITA-382,4,68.04,75.6
2026-03-04,VV-VITA-385,-1,-19,0
2026-03-04,VV-VITA-394,1,21.26,23.62
2026-03-04,VV-VITA-398,4,41.34,47.8
2026-03-04,VV-VITA-402,1,23.55,23.55
2026-03-04,VV-VITA-403,2,41.98,44.43
2026-03-04,VV-VITA-46,11,155.62,224.45
2026-03-04,VV-VITA-49,3,53.19,55.08
2026-03-04,VV-VITA-50,8,124.52,180.84
2026-03-04,VV-VITA-57-V,1,38.9,38.9
2026-03-04,VV-VITA-63,1,19.08,19.08
2026-03-04,VV-VITA-90,12,230.66,247
2026-03-04,VV-VITA-94,6,113.07,173.94
2026-03-05,,10,159.31,162.45
2026-03-05,TU-QNYD-JRRX,2,27.49,27.49
2026-03-05,VV-VITA-101,1,25.9,25.9
2026-03-05,VV-VITA-109,1,20.09,20.09
2026-03-05,VV-VITA-111,1,20.9,20.9
2026-03-05,VV-VITA-116,2,28.64,28.64
2026-03-05,VV-VITA-121,1,18.17,18.17
2026-03-05,VV-VITA-124,2,48,48
2026-03-05,VV-VITA-136,4,72.69,72.69
2026-03-05,VV-VITA-146,2,30.1,33.44
2026-03-05,VV-VITA-151,4,72.22,76.04
2026-03-05,VV-VITA-153,2,35.84,39.82
2026-03-05,VV-VITA-155,3,53.31,62.7
2026-03-05,VV-VITA-157,1,15.45,15.45
2026-03-05,VV-VITA-158,3,82.85,82.85
2026-03-05,VV-VITA-159,1,25.9,25.9
2026-03-05,VV-VITA-165,1,27.18,27.18
2026-03-05,VV-VITA-171,5,118.64,136.31
2026-03-05,VV-VITA-173,1,16.36,18.16
2026-03-05,VV-VITA-174,2,27.49,27.49
2026-03-05,VV-VITA-183,1,25.5,25.5
2026-03-05,VV-VITA-189,3,61.32,61.32
2026-03-05,VV-VITA-198,3,52.71,54.51
2026-03-05,VV-VITA-203,5,92.06,96.04
2026-03-05,VV-VITA-204,2,34.02,37.8
2026-03-05,VV-VITA-206,1,17.26,17.26
2026-03-05,VV-VITA-207,1,20.76,20.76
2026-03-05,VV-VITA-215,1,15.26,15.26
2026-03-05,VV-VITA-216,3,46.95,46.95
2026-03-05,VV-VITA-222,2,46.27,46.27
2026-03-05,VV-VITA-223,2,39.71,39.71
2026-03-05,VV-VITA-224,3,62.7,62.7
2026-03-05,VV-VITA-230,5,113.8,120.88
2026-03-05,VV-VITA-231,19,376.72,400.64
2026-03-05,VV-VITA-237,3,50.76,59.7
2026-03-05,VV-VITA-247,9,164.49,187.35
2026-03-05,VV-VITA-248,4,78.84,87.6
2026-03-05,VV-VITA-257,1,26.9,26.9
2026-03-05,VV-VITA-258,-4,-68.04,0
2026-03-05,VV-VITA-286,1,17.52,17.52
2026-03-05,VV-VITA-287,-3,-42.89,0
2026-03-05,VV-VITA-295,1,20.9,20.9
2026-03-05,VV-VITA-297,2,39.72,41.71
2026-03-05,VV-VITA-298,1,23.6,23.6
2026-03-05,VV-VITA-301,6,105.73,113.62
2026-03-05,VV-VITA-303,4,57.57,57.57
2026-03-05,VV-VITA-304,11,131.12,131.12
2026-03-05,VV-VITA-307,4,58.15,58.15
2026-03-05,VV-VITA-308,1,25.9,25.9
2026-03-05,VV-VITA-311,2,39.8,39.8
2026-03-05,VV-VITA-317,1,19.08,19.08
2026-03-05,VV-VITA-320,13,262.14,297.06
2026-03-05,VV-VITA-326,6,107.58,117.11
2026-03-05,VV-VITA-338,1,17.26,17.26
2026-03-05,VV-VITA-339,1,19.08,19.08
2026-03-05,VV-VITA-341,1,15.54,15.54
2026-03-05,VV-VITA-342,1,16.35,16.35
2026-03-05,VV-VITA-344,5,104.52,137.62
2026-03-05,VV-VITA-355,1,20.45,22.72
2026-03-05,VV-VITA-359,1,18.9,18.9
2026-03-05,VV-VITA-363,1,17.26,17.26
2026-03-05,VV-VITA-365,2,29.8,29.8
2026-03-05,VV-VITA-369,2,37.73,37.73
2026-03-05,VV-VITA-377,1,17.46,17.46
2026-03-05,VV-VITA-381,18,214.56,214.56
2026-03-05,VV-VITA-389,1,23.9,23.9
2026-03-05,VV-VITA-39,5,87.82,87.82
2026-03-05,VV-VITA-395,1,17.01,18.9
2026-03-05,VV-VITA-403,4,76.68,80.66
2026-03-05,VV-VITA-405,1,14.31,15.9
2026-03-05,VV-VITA-49,4,74.9,76.79
2026-03-05,VV-VITA-86,1,19,19
2026-03-05,VV-VITA-88,2,49.27,49.27
2026-03-05,VV-VITA-90,3,60.61,62.7
2026-03-06,,9,152.77,155.76
2026-03-06,VV-VITA-101,1,25.15,25.15
2026-03-06,VV-VITA-109,4,83.6,83.6
2026-03-06,VV-VITA-116,1,14.32,14.32
2026-03-06,VV-VITA-121,3,54.52,54.52
2026-03-06,VV-VITA-124,2,51,51
2026-03-06,VV-VITA-136,3,53,53
2026-03-06,VV-VITA-146,2,38.07,38.07
2026-03-06,VV-VITA-151,8,141.81,149.45
2026-03-06,VV-VITA-155,4,79.19,91.74
2026-03-06,VV-VITA-158,3,81.36,95.7
2026-03-06,VV-VITA-159,5,104.54,113.58
2026-03-06,VV-VITA-165,1,24.46,27.17
2026-03-06,VV-VITA-172,4,71.64,79.6
2026-03-06,VV-VITA-174,2,33.63,33.63
2026-03-06,VV-VITA-190,1,19.9,19.9
2026-03-06,VV-VITA-197,2,44.82,49.8
2026-03-06,VV-VITA-199,1,20.96,20.96
2026-03-06,VV-VITA-202,1,18.17,18.17
2026-03-06,VV-VITA-204,1,14.65,16.27
2026-03-06,VV-VITA-208,3,56.87,60.85
2026-03-06,VV-VITA-216,1,19.64,19.64
2026-03-06,VV-VITA-222,4,91.83,96.53
2026-03-06,VV-VITA-223,16,327.5,369.93
2026-03-06,VV-VITA-224,4,70.62,76.59
2026-03-06,VV-VITA-228,1,21.81,21.81
2026-03-06,VV-VITA-230,1,25.9,25.9
2026-03-06,VV-VITA-231,27,496.78,570.63
2026-03-06,VV-VITA-247,1,20.82,20.82
2026-03-06,VV-VITA-248,3,54.91,61
2026-03-06,VV-VITA-258,2,34.36,34.36
2026-03-06,VV-VITA-276,1,23.63,23.63
2026-03-06,VV-VITA-286,4,70.13,71.94
2026-03-06,VV-VITA-297,2,39.54,41.71
2026-03-06,VV-VITA-301,1,16.98,18.86
2026-03-06,VV-VITA-303,1,14.54,14.54
2026-03-06,VV-VITA-310,1,21.81,21.81
2026-03-06,VV-VITA-311,6,102.98,117.42
2026-03-06,VV-VITA-317,1,19.08,19.08
2026-03-06,VV-VITA-320,6,122.72,128.7
2026-03-06,VV-VITA-338,1,19.9,19.9
2026-03-06,VV-VITA-339,2,38.16,38.16
2026-03-06,VV-VITA-341,1,14.31,15.9
2026-03-06,VV-VITA-342,1,18.17,18.17
2026-03-06,VV-VITA-344,2,49.8,49.8
2026-03-06,VV-VITA-345,4,88.78,88.78
2026-03-06,VV-VITA-354,4,82.91,93.51
2026-03-06,VV-VITA-355,5,103.85,114.14
2026-03-06,VV-VITA-356,3,50.12,53.7
2026-03-06,VV-VITA-361,5,71.71,82.67
2026-03-06,VV-VITA-366,2,30.17,31.86
2026-03-06,VV-VITA-367,4,70.44,76.2
2026-03-06,VV-VITA-371,1,15.9,15.9
2026-03-06,VV-VITA-375,1,12.68,12.68
2026-03-06,VV-VITA-376,2,30.87,30.87
2026-03-06,VV-VITA-377,1,14.9,14.9
2026-03-06,VV-VITA-38,2,34.02,37.8
2026-03-06,VV-VITA-381,18,216.72,219.41
2026-03-06,VV-VITA-39,1,14.54,14.54
2026-03-06,VV-VITA-403,5,89.08,97.75
2026-03-06,VV-VITA-49,2,38.89,38.89
2026-03-06,VV-VITA-50,4,74.36,82.61
2026-03-06,VV-VITA-57-V,1,28.9,38.9
2026-03-06,VV-VITA-86,1,17.1,19
2026-03-06,VV-VITA-90,3,62.7,62.7
2026-03-07,,10,138.8,143.75
2026-03-07,BJ-E223-8EKW,1,24.9,24.9
2026-03-07,VV-VITA-101,2,42.28,44.45
2026-03-07,VV-VITA-111,1,17.91,19.9
2026-03-07,VV-VITA-121,2,36.35,36.35
2026-03-07,VV-VITA-124,1,24.4,24.4
2026-03-07,VV-VITA-136,1,16.35,18.16
2026-03-07,VV-VITA-146,1,16.36,18.16
2026-03-07,VV-VITA-151,3,55.03,56.92
2026-03-07,VV-VITA-153,2,35.82,39.8
2026-03-07,VV-VITA-159,2,40.9,45.43
2026-03-07,VV-VITA-199,1,19.9,19.9
2026-03-07,VV-VITA-203,2,37.81,39.8
2026-03-07,VV-VITA-216,1,15.92,15.92
2026-03-07,VV-VITA-222,4,86.38,93.46
2026-03-07,VV-VITA-223,13,248.88,285.63
2026-03-07,VV-VITA-224,3,54.92,58.7
2026-03-07,VV-VITA-230,1,23.31,25.9
2026-03-07,VV-VITA-231,17,326.19,368.61
2026-03-07,VV-VITA-237,2,39.8,39.8
2026-03-07,VV-VITA-247,7,122.11,141.17
2026-03-07,VV-VITA-248,2,45.21,45.21
2026-03-07,VV-VITA-252,3,60.27,70.87
2026-03-07,VV-VITA-257,3,62.37,73.36
2026-03-07,VV-VITA-259,1,22.91,25.44
2026-03-07,VV-VITA-286,2,31.85,31.85
2026-03-07,VV-VITA-295,3,66.17,66.17
2026-03-07,VV-VITA-301,3,53.87,55.59
2026-03-07,VV-VITA-310,2,44.81,44.81
2026-03-07,VV-VITA-311,1,19.9,19.9
2026-03-07,VV-VITA-319,3,54.9,58.88
2026-03-07,VV-VITA-320,13,255.74,292.37
2026-03-07,VV-VITA-344,1,22.41,24.9
2026-03-07,VV-VITA-351,1,18,19.99
2026-03-07,VV-VITA-356,1,16.35,16.35
2026-03-07,VV-VITA-358,2,45.44,45.44
2026-03-07,VV-VITA-359,1,17.01,18.9
2026-03-07,VV-VITA-361,1,18.17,18.17
2026-03-07,VV-VITA-367,1,18.17,18.17
2026-03-07,VV-VITA-377,3,40.86,48.05
2026-03-07,VV-VITA-379,5,81.62,88.78
2026-03-07,VV-VITA-38,2,28.7,28.7
2026-03-07,VV-VITA-381,9,109.26,110.45
2026-03-07,VV-VITA-382,1,19.08,19.08
2026-03-07,VV-VITA-383,1,18.17,18.17
2026-03-07,VV-VITA-389,1,23.9,23.9
2026-03-07,VV-VITA-39,3,51.18,51.18
2026-03-07,VV-VITA-49,2,38.87,38.87
2026-03-07,VV-VITA-57-V,2,70.02,77.8
2026-03-07,VV-VITA-86,2,37.81,39.8
2026-03-07,VV-VITA-90,1,20.9,20.9
2026-03-08,,16,251.33,264.68
2026-03-08,BJ-E223-8EKW,2,50.9,50.9
2026-03-08,CW-KVIN-V39Y,2,33.44,33.44
2026-03-08,NX-CVPF-VCEZ,1,21.81,21.81
2026-03-08,TU-QNYD-JRRX,102,1011.66,1540.66
2026-03-08,VV-VITA-116,1,14.54,14.54
2026-03-08,VV-VITA-121,1,16.53,16.53
2026-03-08,VV-VITA-124,6,98.32,115.64
2026-03-08,VV-VITA-129,2,30.48,30.48
2026-03-08,VV-VITA-151,3,55.04,55.04
2026-03-08,VV-VITA-153,2,38.65,38.65
2026-03-08,VV-VITA-155,2,38.34,42.6
2026-03-08,VV-VITA-157,4,55.6,55.6
2026-03-08,VV-VITA-166,1,17.91,19.9
2026-03-08,VV-VITA-168,1,23.9,23.9
2026-03-08,VV-VITA-170,1,17.01,18.9
2026-03-08,VV-VITA-171,1,27.26,27.26
2026-03-08,VV-VITA-172,1,22.72,22.72
2026-03-08,VV-VITA-173,5,88.97,90.77
2026-03-08,VV-VITA-186,1,25.45,25.45
2026-03-08,VV-VITA-188,1,19.99,19.99
2026-03-08,VV-VITA-189,3,65.7,65.7
2026-03-08,VV-VITA-203,2,35.83,35.83
2026-03-08,VV-VITA-207,1,15.46,17.17
2026-03-08,VV-VITA-208,2,43.79,43.79
2026-03-08,VV-VITA-216,8,144.58,153.39
2026-03-08,VV-VITA-222,2,47.8,47.8
2026-03-08,VV-VITA-223,13,281.64,302.12
2026-03-08,VV-VITA-224,11,194.37,219.27
2026-03-08,VV-VITA-225,3,48.46,56.99
2026-03-08,VV-VITA-230,3,72.69,72.69
2026-03-08,VV-VITA-231,11,205.65,225.37
2026-03-08,VV-VITA-237,3,55.72,59.7
2026-03-08,VV-VITA-247,1,18.75,20.82
2026-03-08,VV-VITA-248,5,95.28,109.5
2026-03-08,VV-VITA-252,3,62.62,73.65
2026-03-08,VV-VITA-276,2,44.9,47.25
2026-03-08,VV-VITA-284,5,110.43,112.6
2026-03-08,VV-VITA-286,8,130.89,130.89
2026-03-08,VV-VITA-297,1,19.9,19.9
2026-03-08,VV-VITA-301,1,21.07,21.07
2026-03-08,VV-VITA-304,6,59.98,59.98
2026-03-08,VV-VITA-308,1,21.26,23.62
2026-03-08,VV-VITA-310,1,17.92,19.91
2026-03-08,VV-VITA-311,11,155.51,180.75
2026-03-08,VV-VITA-319,1,19.08,19.08
2026-03-08,VV-VITA-320,6,121.59,130.51
2026-03-08,VV-VITA-338,3,48.79,52
2026-03-08,VV-VITA-339,3,59.43,59.43
2026-03-08,VV-VITA-341,2,28.78,30.22
2026-03-08,VV-VITA-342,6,105.06,114.29
2026-03-08,VV-VITA-351,2,40.78,45.31
2026-03-08,VV-VITA-355,1,22.72,22.72
2026-03-08,VV-VITA-356,1,18.86,18.86
2026-03-08,VV-VITA-359,2,39.98,39.98
2026-03-08,VV-VITA-361,6,101.8,109.02
2026-03-08,VV-VITA-363,1,16.9,16.9
2026-03-08,VV-VITA-366,3,44.7,44.7
2026-03-08,VV-VITA-367,1,17.9,17.9
2026-03-08,VV-VITA-368,1,17.9,17.9
2026-03-08,VV-VITA-375,1,14.39,14.39
2026-03-08,VV-VITA-377,2,26.82,29.8
2026-03-08,VV-VITA-379,2,32.22,35.8
2026-03-08,VV-VITA-381,19,213.46,214.65
2026-03-08,VV-VITA-389,4,94.75,100.22
2026-03-08,VV-VITA-39,1,14.54,14.54
2026-03-08,VV-VITA-394,1,20.9,20.9
2026-03-08,VV-VITA-395,1,20.9,20.9
2026-03-08,VV-VITA-398,3,35.46,41.7
2026-03-08,VV-VITA-49,1,18.9,18.9
2026-03-08,VV-VITA-50,2,38.81,40.8
2026-03-08,VV-VITA-57-V,3,99.26,106.34
2026-03-08,VV-VITA-63,1,19.08,19.08
2026-03-08,VV-VITA-88,1,22.9,25.44
2026-03-08,VV-VITA-90,1,20.9,20.9
2026-03-08,VV-VITA-94,5,121.9,137.26
2026-03-09,,7,102.94,122.03
2026-03-09,VV-VITA-101,1,23.31,25.9
2026-03-09,VV-VITA-107,1,17.18,17.18
2026-03-09,VV-VITA-111,1,19.9,19.9
2026-03-09,VV-VITA-121,1,18.17,18.17
2026-03-09,VV-VITA-136,3,54.52,54.52
2026-03-09,VV-VITA-151,3,56.7,56.7
2026-03-09,VV-VITA-155,1,16.85,16.85
2026-03-09,VV-VITA-157,1,13.9,13.9
2026-03-09,VV-VITA-159,1,22.72,22.72
2026-03-09,VV-VITA-168,5,77.7,119.5
2026-03-09,VV-VITA-173,3,52.54,56.52
2026-03-09,VV-VITA-189,1,20.9,20.9
2026-03-09,VV-VITA-190,1,16.9,18.77
2026-03-09,VV-VITA-197,1,20.92,20.92
2026-03-09,VV-VITA-199,10,196.58,196.58
2026-03-09,VV-VITA-203,3,55.73,59.71
2026-03-09,VV-VITA-204,1,15.54,17.26
2026-03-09,VV-VITA-206,1,17.9,17.9
2026-03-09,VV-VITA-208,3,50.76,59.7
2026-03-09,VV-VITA-216,2,31.84,31.84
2026-03-09,VV-VITA-222,5,77.7,119.5
2026-03-09,VV-VITA-223,11,225.61,243.78
2026-03-09,VV-VITA-224,7,129.94,143.3
2026-03-09,VV-VITA-230,4,73.81,92.6
2026-03-09,VV-VITA-231,18,347.42,413.39
2026-03-09,VV-VITA-237,2,35.82,39.8
2026-03-09,VV-VITA-247,2,37.36,41.51
2026-03-09,VV-VITA-252,2,38.89,43.21
2026-03-09,VV-VITA-257,2,48.42,53.8
2026-03-09,VV-VITA-258,-1,-19.91,0
2026-03-09,VV-VITA-276,1,21.27,23.62
2026-03-09,VV-VITA-295,2,37.63,41.8
2026-03-09,VV-VITA-297,1,19.63,21.81
2026-03-09,VV-VITA-301,4,66.02,76.48
2026-03-09,VV-VITA-303,1,15.92,15.92
2026-03-09,VV-VITA-304,1,12.82,12.82
2026-03-09,VV-VITA-31,3,65.7,65.7
2026-03-09,VV-VITA-310,2,44.82,49.8
2026-03-09,VV-VITA-311,5,64.7,99.5
2026-03-09,VV-VITA-317,4,84.36,84.36
2026-03-09,VV-VITA-320,4,90.13,134.5
2026-03-09,VV-VITA-326,1,24.9,24.9
2026-03-09,VV-VITA-339,1,22.64,22.64
2026-03-09,VV-VITA-341,1,14.31,15.9
2026-03-09,VV-VITA-342,2,40.1,44.55
2026-03-09,VV-VITA-344,5,80.95,124.5
2026-03-09,VV-VITA-345,1,18.81,20.9
2026-03-09,VV-VITA-354,3,59.84,63.97
2026-03-09,VV-VITA-355,3,64.7,69.34
2026-03-09,VV-VITA-361,4,63.26,71.41
2026-03-09,VV-VITA-364,23,417.2,482.46
2026-03-09,VV-VITA-366,2,29.36,30.89
2026-03-09,VV-VITA-367,1,15.2,16.88
2026-03-09,VV-VITA-368,1,19,19
2026-03-09,VV-VITA-376,1,15.9,15.9
2026-03-09,VV-VITA-379,3,51.18,54.87
2026-03-09,VV-VITA-38,2,24.54,27.25
2026-03-09,VV-VITA-381,24,282.18,285.69
2026-03-09,VV-VITA-389,3,62.37,73.36
2026-03-09,VV-VITA-403,6,113.43,119.4
2026-03-09,VV-VITA-405,1,14.31,15.9
2026-03-09,VV-VITA-407,1,27.26,27.26
2026-03-09,VV-VITA-86,2,41.99,44.44
2026-03-09,VV-VITA-90,2,41.8,41.8
2026-03-09,VV-VITA-93,1,16.9,16.9
2026-03-09,VV-VITA-94,5,110.1,129.5
2026-03-10,,20,295.15,305.77
2026-03-10,BJ-E223-8EKW,2,48.34,48.34
2026-03-10,CW-KVIN-V39Y,2,53.98,53.98
2026-03-10,TU-QNYD-JRRX,1,14.6,14.6
2026-03-10,VV-VITA-101,2,44.04,44.04
2026-03-10,VV-VITA-109,1,14.45,16.06
2026-03-10,VV-VITA-111,1,18.09,18.09
2026-03-10,VV-VITA-116,4,60.84,60.84
2026-03-10,VV-VITA-129,2,32.12,32.12
2026-03-10,VV-VITA-146,9,127.97,150.5
2026-03-10,VV-VITA-151,1,18.9,18.9
2026-03-10,VV-VITA-153,7,114.34,136.09
2026-03-10,VV-VITA-155,2,41.09,43.32
2026-03-10,VV-VITA-157,2,28.8,28.8
2026-03-10,VV-VITA-159,2,39.64,44.04
2026-03-10,VV-VITA-165,2,50.16,50.16
2026-03-10,VV-VITA-172,1,19.73,19.73
2026-03-10,VV-VITA-173,5,92.01,92.01
2026-03-10,VV-VITA-183,2,49.05,49.05
2026-03-10,VV-VITA-198,3,44.79,59.7
2026-03-10,VV-VITA-203,3,48.61,58.55
2026-03-10,VV-VITA-206,1,15.21,15.21
2026-03-10,VV-VITA-208,3,50.76,59.7
2026-03-10,VV-VITA-215,3,49.74,49.74
2026-03-10,VV-VITA-216,2,35.82,39.8
2026-03-10,VV-VITA-222,5,95.5,101.6
2026-03-10,VV-VITA-223,17,306.51,339.58
2026-03-10,VV-VITA-224,2,31.33,34.81
2026-03-10,VV-VITA-230,2,43.4,45.57
2026-03-10,VV-VITA-231,12,241.64,265.16
2026-03-10,VV-VITA-237,4,60.09,67.68
2026-03-10,VV-VITA-243,14,243.91,260.76
2026-03-10,VV-VITA-247,1,16.91,16.91
2026-03-10,VV-VITA-248,2,36.13,39.74
2026-03-10,VV-VITA-252,1,21,23.33
2026-03-10,VV-VITA-256,3,56.93,58.87
2026-03-10,VV-VITA-276,3,63.79,63.79
2026-03-10,VV-VITA-277,2,19.36,25.8
2026-03-10,VV-VITA-284,1,20.19,22.42
2026-03-10,VV-VITA-286,1,16.92,16.92
2026-03-10,VV-VITA-298,2,40.72,40.72
2026-03-10,VV-VITA-301,3,45.78,49.05
2026-03-10,VV-VITA-308,2,44.04,44.04
2026-03-10,VV-VITA-31,8,159.28,159.28
2026-03-10,VV-VITA-311,4,59.7,67.64
2026-03-10,VV-VITA-317,3,54.38,54.38
2026-03-10,VV-VITA-320,12,224.05,246.89
2026-03-10,VV-VITA-336,3,46.62,51.79
2026-03-10,VV-VITA-338,1,20.72,20.72
2026-03-10,VV-VITA-339,1,17.91,19.9
2026-03-10,VV-VITA-341,4,47.72,63.6
2026-03-10,VV-VITA-342,7,134.32,150.4
2026-03-10,VV-VITA-351,1,17.99,17.99
2026-03-10,VV-VITA-355,4,83.33,87.63
2026-03-10,VV-VITA-356,3,48.29,52.04
2026-03-10,VV-VITA-363,1,15.54,17.26
2026-03-10,VV-VITA-364,21,363.48,427
2026-03-10,VV-VITA-366,2,28.08,29.57
2026-03-10,VV-VITA-367,5,77.88,89.5
2026-03-10,VV-VITA-368,1,17.26,17.26
2026-03-10,VV-VITA-369,3,51.79,51.79
2026-03-10,VV-VITA-371,3,35.79,47.7
2026-03-10,VV-VITA-374,1,19.08,19.08
2026-03-10,VV-VITA-376,1,13.51,13.51
2026-03-10,VV-VITA-38,4,56.33,61.13
2026-03-10,VV-VITA-381,24,303.98,308.8
2026-03-10,VV-VITA-382,3,49.01,57.79
2026-03-10,VV-VITA-389,1,20.45,20.45
2026-03-10,VV-VITA-39,1,17.17,19.46
2026-03-10,VV-VITA-395,6,106.18,108.07
2026-03-10,VV-VITA-398,7,90.79,103.87
2026-03-10,VV-VITA-403,10,162.01,187.41
2026-03-10,VV-VITA-57-V,3,119.49,119.49
2026-03-10,VV-VITA-63,2,40.89,43.05
2026-03-10,VV-VITA-88,3,72.24,72.24
2026-03-10,VV-VITA-90,3,56.44,62.7
2026-03-10,VV-VITA-93,2,27.09,27.09
2026-03-10,VV-VITA-94,6,138.43,157.84
2026-03-11,,15,208.05,217.51
2026-03-11,BJ-E223-8EKW,1,21.17,21.17
2026-03-11,NX-CVPF-VCEZ,1,17.75,19.72
2026-03-11,VI-ZU99-SZ0B,1,16.11,17.9
2026-03-11,VV-VITA-109,3,48.18,48.18
2026-03-11,VV-VITA-116,1,15.21,15.21
2026-03-11,VV-VITA-129,1,16.06,16.06
2026-03-11,VV-VITA-136,1,19.42,21.58
2026-03-11,VV-VITA-151,2,41.58,41.58
2026-03-11,VV-VITA-153,1,18.92,18.92
2026-03-11,VV-VITA-155,6,110.52,129.97
2026-03-11,VV-VITA-158,6,132.22,155.52
2026-03-11,VV-VITA-159,3,52.15,61.34
2026-03-11,VV-VITA-170,11,135.14,176.77
2026-03-11,VV-VITA-171,3,70.32,78.12
2026-03-11,VV-VITA-172,7,90.54,118.37
2026-03-11,VV-VITA-183,1,23.31,23.31
2026-03-11,VV-VITA-188,1,14.65,16.27
2026-03-11,VV-VITA-197,150,2428.5,3735
2026-03-11,VV-VITA-203,1,19.9,19.9
2026-03-11,VV-VITA-204,1,14.6,14.6
2026-03-11,VV-VITA-206,1,15.21,15.21
2026-03-11,VV-VITA-207,1,19.73,19.73
2026-03-11,VV-VITA-215,1,15.46,17.17
2026-03-11,VV-VITA-216,4,74.09,83.03
2026-03-11,VV-VITA-223,18,330.18,371.94
2026-03-11,VV-VITA-224,6,86.01,107.08
2026-03-11,VV-VITA-230,1,25.9,25.9
2026-03-11,VV-VITA-231,19,406.07,457.56
2026-03-11,VV-VITA-243,12,207,233.15
2026-03-11,VV-VITA-247,6,101.23,119.06
2026-03-11,VV-VITA-248,3,62.31,66.97
2026-03-11,VV-VITA-252,7,104.23,160.3
2026-03-11,VV-VITA-256,3,64.58,64.58
2026-03-11,VV-VITA-257,6,139.12,163.65
2026-03-11,VV-VITA-276,4,83.8,85.91
2026-03-11,VV-VITA-286,7,128.58,128.58
2026-03-11,VV-VITA-297,5,81.2,94.02
2026-03-11,VV-VITA-301,4,70.07,74.05
2026-03-11,VV-VITA-308,2,44.04,44.04
2026-03-11,VV-VITA-31,5,84.13,86.33
2026-03-11,VV-VITA-310,6,127.02,127.02
2026-03-11,VV-VITA-311,5,78.47,83.82
2026-03-11,VV-VITA-318,1,14.67,14.67
2026-03-11,VV-VITA-320,4,76.24,86.53
2026-03-11,VV-VITA-336,1,18.09,18.09
2026-03-11,VV-VITA-339,2,37.73,39.71
2026-03-11,VV-VITA-341,4,55.31,61.44
2026-03-11,VV-VITA-342,7,148.24,150.33
2026-03-11,VV-VITA-345,1,14.26,18.8
2026-03-11,VV-VITA-354,1,21.9,21.9
2026-03-11,VV-VITA-355,2,43.88,48.76
2026-03-11,VV-VITA-357,2,32.12,32.12
2026-03-11,VV-VITA-359,1,14.53,18.99
2026-03-11,VV-VITA-361,4,61.31,69.05
2026-03-11,VV-VITA-364,17,282.81,332.64
2026-03-11,VV-VITA-366,2,28.08,29.57
2026-03-11,VV-VITA-367,1,16.11,17.9
2026-03-11,VV-VITA-374,1,19.9,19.9
2026-03-11,VV-VITA-375,1,12.92,14.36
2026-03-11,VV-VITA-376,3,39.17,40.53
2026-03-11,VV-VITA-38,4,55.87,62.06
2026-03-11,VV-VITA-381,17,218.85,220.64
2026-03-11,VV-VITA-382,3,45.37,56.7
2026-03-11,VV-VITA-387,2,44.77,55.24
2026-03-11,VV-VITA-389,1,23.9,23.9
2026-03-11,VV-VITA-39,4,71.09,71.09
2026-03-11,VV-VITA-395,3,56.13,58.28
2026-03-11,VV-VITA-398,3,31.69,35.43
2026-03-11,VV-VITA-403,8,124.31,135.28
2026-03-11,VV-VITA-407,1,21.34,23.72
2026-03-11,VV-VITA-50,3,44.78,50.76
2026-03-11,VV-VITA-57-V,2,67.8,77.8
2026-03-11,VV-VITA-57-V2,2,41,43.16
2026-03-11,VV-VITA-63,3,44.67,68.7
2026-03-11,VV-VITA-86,9,176.99,176.99
2026-03-11,VV-VITA-88,2,47.8,47.8
2026-03-11,VV-VITA-90,5,90.6,104.36
2026-03-11,VV-VITA-93,1,12.93,14.36
2026-03-11,VV-VITA-94,1,22.55,25.04
2026-03-12,,9,137.93,142.99
2026-03-12,BJ-E223-8EKW,3,67.7,72.51
2026-03-12,VV-VITA-101,4,87.06,87.06
2026-03-12,VV-VITA-109,1,14.87,14.87
2026-03-12,VV-VITA-119,3,50.15,50.15
2026-03-12,VV-VITA-124,1,24.33,24.33
2026-03-12,VV-VITA-151,1,21.01,21.01
2026-03-12,VV-VITA-153,6,103.96,117.88
2026-03-12,VV-VITA-155,2,38.85,43.15
2026-03-12,VV-VITA-158,1,24.65,24.65
2026-03-12,VV-VITA-166,1,22.45,22.45
2026-03-12,VV-VITA-170,13,169.16,208.91
2026-03-12,VV-VITA-171,3,71.16,83.7
2026-03-12,VV-VITA-172,2,30.22,30.22
2026-03-12,VV-VITA-173,2,30.24,30.24
2026-03-12,VV-VITA-198,1,17.26,17.26
2026-03-12,VV-VITA-199,1,17.7,17.7
2026-03-12,VV-VITA-203,5,81.84,85.09
2026-03-12,VV-VITA-207,3,50.73,50.73
2026-03-12,VV-VITA-215,1,12.29,18.9
2026-03-12,VV-VITA-222,2,40.64,40.64
2026-03-12,VV-VITA-223,11,205.9,228.33
2026-03-12,VV-VITA-224,7,106.46,120.15
2026-03-12,VV-VITA-230,6,108.18,153.48
2026-03-12,VV-VITA-231,9,197.71,225.29
2026-03-12,VV-VITA-237,5,69.76,79.06
2026-03-12,VV-VITA-243,23,345.04,429.55
2026-03-12,VV-VITA-247,-1,-18.74,0
2026-03-12,VV-VITA-248,4,81.19,83.52
2026-03-12,VV-VITA-252,1,20.21,22.44
2026-03-12,VV-VITA-256,7,113.37,136.29
2026-03-12,VV-VITA-257,-1,-20.45,0
2026-03-12,VV-VITA-258,5,81.23,81.23
2026-03-12,VV-VITA-259,1,22.02,22.02
2026-03-12,VV-VITA-264,5,98.98,113.85
2026-03-12,VV-VITA-276,4,74.8,84.77
2026-03-12,VV-VITA-284,1,19.42,21.58
2026-03-12,VV-VITA-297,3,58.9,63.1
2026-03-12,VV-VITA-298,5,74.43,97.3
2026-03-12,VV-VITA-301,2,32.24,39.8
2026-03-12,VV-VITA-304,1,14.39,14.39
2026-03-12,VV-VITA-308,1,22.45,22.45
2026-03-12,VV-VITA-311,0,-0.9,15.45
2026-03-12,VV-VITA-318,2,29.2,29.2
2026-03-12,VV-VITA-320,5,102.98,115.69
2026-03-12,VV-VITA-338,3,52.85,62.14
2026-03-12,VV-VITA-339,1,18.13,18.13
2026-03-12,VV-VITA-341,3,43.66,45.25
2026-03-12,VV-VITA-342,2,39.43,43.8
2026-03-12,VV-VITA-345,4,84.2,87.95
2026-03-12,VV-VITA-355,2,40.32,42.4
2026-03-12,VV-VITA-356,1,14.65,16.27
2026-03-12,VV-VITA-359,1,18.99,18.99
2026-03-12,VV-VITA-361,1,17.26,17.26
2026-03-12,VV-VITA-363,10,109.85,143.6
2026-03-12,VV-VITA-364,18,279.32,350.9
2026-03-12,VV-VITA-365,1,11.51,11.51
2026-03-12,VV-VITA-366,3,34.16,43.24
2026-03-12,VV-VITA-373,4,38.74,50.68
2026-03-12,VV-VITA-376,2,28.68,28.68
2026-03-12,VV-VITA-379,3,43.8,51.51
2026-03-12,VV-VITA-38,1,16.06,16.06
2026-03-12,VV-VITA-380,4,36.14,47.24
2026-03-12,VV-VITA-381,16,194.11,209.03
2026-03-12,VV-VITA-389,3,65,76.47
2026-03-12,VV-VITA-39,7,125.76,125.76
2026-03-12,VV-VITA-395,1,17.7,17.7
2026-03-12,VV-VITA-398,-2,-23.65,11.81
2026-03-12,VV-VITA-403,4,62.06,69.65
2026-03-12,VV-VITA-50,1,18.92,18.92
2026-03-12,VV-VITA-90,4,80.68,84.86
2026-03-12,VV-VITA-93,10,125.22,148.17
2026-03-12,VV-VITA-94,5,84.2,129.5
2026-03-13,,39,487.38,595.21
2026-03-13,BJ-E223-8EKW,4,82.96,93.85
2026-03-13,VV-VITA-101,2,39.36,39.36
2026-03-13,VV-VITA-119,2,33.51,33.51
2026-03-13,VV-VITA-121,1,21.9,21.9
2026-03-13,VV-VITA-124,1,17.75,22.36
2026-03-13,VV-VITA-136,1,21.58,21.58
2026-03-13,VV-VITA-146,1,20.63,20.63
2026-03-13,VV-VITA-151,1,20.32,20.32
2026-03-13,VV-VITA-153,6,95.14,102.17
2026-03-13,VV-VITA-155,7,129.93,149.02
2026-03-13,VV-VITA-158,8,185.59,214.01
2026-03-13,VV-VITA-159,4,76.61,86.51
2026-03-13,VV-VITA-165,7,177.57,199.23
2026-03-13,VV-VITA-171,4,96.14,112.46
2026-03-13,VV-VITA-173,3,46.38,46.38
2026-03-13,VV-VITA-183,2,49.21,49.21
2026-03-13,VV-VITA-186,1,22.43,22.43
2026-03-13,VV-VITA-188,4,69.97,69.97
2026-03-13,VV-VITA-189,3,55.83,55.83
2026-03-13,VV-VITA-190,2,37.99,37.99
2026-03-13,VV-VITA-198,1,17.26,17.26
2026-03-13,VV-VITA-203,4,73.08,73.08
2026-03-13,VV-VITA-216,1,19.85,19.85
2026-03-13,VV-VITA-222,0,-2.12,21.51
2026-03-13,VV-VITA-223,10,183.73,199.3
2026-03-13,VV-VITA-224,4,60.05,67.64
2026-03-13,VV-VITA-230,2,42.12,42.12
2026-03-13,VV-VITA-231,11,239.72,266.21
2026-03-13,VV-VITA-243,9,161.85,174.45
2026-03-13,VV-VITA-247,1,19.78,19.78
2026-03-13,VV-VITA-248,1,16.79,16.79
2026-03-13,VV-VITA-256,1,19.47,19.47
2026-03-13,VV-VITA-257,1,26.9,26.9
2026-03-13,VV-VITA-259,1,22.02,22.02
2026-03-13,VV-VITA-286,1,18.61,18.61
2026-03-13,VV-VITA-295,1,18.81,18.81
2026-03-13,VV-VITA-297,3,50.76,59.7
2026-03-13,VV-VITA-301,4,70.66,79.6
2026-03-13,VV-VITA-304,1,14.39,14.39
2026-03-13,VV-VITA-310,1,21.17,21.17
2026-03-13,VV-VITA-311,1,16.91,16.91
2026-03-13,VV-VITA-318,1,14.18,16.06
2026-03-13,VV-VITA-320,9,170.85,191.6
2026-03-13,VV-VITA-339,1,18.13,18.13
2026-03-13,VV-VITA-341,1,15.9,15.9
2026-03-13,VV-VITA-344,3,60.75,65.13
2026-03-13,VV-VITA-355,4,84.75,89.22
2026-03-13,VV-VITA-356,1,17.9,17.9
2026-03-13,VV-VITA-361,1,19.06,34.52
2026-03-13,VV-VITA-364,3,43.22,56.46
2026-03-13,VV-VITA-366,1,13.21,14.67
2026-03-13,VV-VITA-376,1,13.51,13.51
2026-03-13,VV-VITA-38,1,12.95,12.95
2026-03-13,VV-VITA-381,10,123.25,123.25
2026-03-13,VV-VITA-389,6,132.8,156.16
2026-03-13,VV-VITA-395,3,49.04,50.73
2026-03-13,VV-VITA-402,3,67.27,72.25
2026-03-13,VV-VITA-403,4,60.56,68.53
2026-03-13,VV-VITA-57-V2,1,17.11,21.58
2026-03-13,VV-VITA-63,3,46.23,54.38
2026-03-13,VV-VITA-88,1,21.73,21.73
2026-03-13,VV-VITA-90,3,60.8,60.8
2026-03-13,VV-VITA-94,3,74.25,76.84
2026-03-14,,8,117.57,118.73
2026-03-14,BJ-E223-8EKW,6,104.77,111.59
2026-03-14,TU-QNYD-JRRX,4,66.22,66.22
2026-03-14,VI-ZU99-SZ0B,2,32.55,32.55
2026-03-14,VV-VITA-101,3,57.07,57.07
2026-03-14,VV-VITA-116,1,18.82,18.82
2026-03-14,VV-VITA-119,4,75.68,75.68
2026-03-14,VV-VITA-121,2,38.29,38.29
2026-03-14,VV-VITA-151,8,149.74,165.54
2026-03-14,VV-VITA-153,1,16.95,18.82
2026-03-14,VV-VITA-157,1,13.9,13.9
2026-03-14,VV-VITA-183,1,23.55,23.55
2026-03-14,VV-VITA-188,1,17.9,17.9
2026-03-14,VV-VITA-197,2,43.42,45.47
2026-03-14,VV-VITA-198,3,44.44,49.36
2026-03-14,VV-VITA-203,4,59.63,70.13
2026-03-14,VV-VITA-204,2,32.12,32.12
2026-03-14,VV-VITA-206,1,14.67,14.67
2026-03-14,VV-VITA-208,4,68.67,79.6
2026-03-14,VV-VITA-216,3,58.99,61.32
2026-03-14,VV-VITA-223,5,88.26,96.79
2026-03-14,VV-VITA-225,3,57.21,67.27
2026-03-14,VV-VITA-230,1,25.9,25.9
2026-03-14,VV-VITA-231,9,198.27,216.96
2026-03-14,VV-VITA-243,5,86.07,98.9
2026-03-14,VV-VITA-247,2,27.67,30.74
2026-03-14,VV-VITA-252,6,114.5,134.68
2026-03-14,VV-VITA-256,1,21.53,21.53
2026-03-14,VV-VITA-277,2,27.27,27.27
2026-03-14,VV-VITA-295,2,37.62,37.62
2026-03-14,VV-VITA-307,1,13.81,13.81
2026-03-14,VV-VITA-310,2,41.8,41.8
2026-03-14,VV-VITA-311,1,19.73,19.73
2026-03-14,VV-VITA-317,1,17.03,18.92
2026-03-14,VV-VITA-320,2,37.87,37.87
2026-03-14,VV-VITA-338,2,37.31,41.43
2026-03-14,VV-VITA-339,1,17.83,19.81
2026-03-14,VV-VITA-341,3,45.76,45.76
2026-03-14,VV-VITA-342,5,103.51,108.03
2026-03-14,VV-VITA-344,2,41.91,41.91
2026-03-14,VV-VITA-354,1,21.9,21.9
2026-03-14,VV-VITA-355,4,79.48,89.54
2026-03-14,VV-VITA-356,5,74.48,82.81
2026-03-14,VV-VITA-357,1,15.27,15.27
2026-03-14,VV-VITA-364,4,67.37,70.75
2026-03-14,VV-VITA-367,1,20.65,20.65
2026-03-14,VV-VITA-368,1,17.9,17.9
2026-03-14,VV-VITA-375,2,28.69,28.69
2026-03-14,VV-VITA-376,1,13.51,13.51
2026-03-14,VV-VITA-381,23,290.15,291.41
2026-03-14,VV-VITA-389,2,46.66,49.26
2026-03-14,VV-VITA-395,3,55.33,56.69
2026-03-14,VV-VITA-402,2,37.79,46.64
2026-03-14,VV-VITA-403,7,107.4,118.37
2026-03-14,VV-VITA-57-V,4,145.63,145.63
2026-03-14,VV-VITA-86,1,21,23.33
2026-03-14,VV-VITA-88,2,47.8,47.8
2026-03-14,VV-VITA-90,1,20.9,20.9
2026-03-15,,13,183.57,184.5
2026-03-15,BJ-E223-8EKW,3,48.6,63.51
2026-03-15,NX-CVPF-VCEZ,1,18.92,18.92
2026-03-15,VI-ZU99-SZ0B,2,37.64,37.64
2026-03-15,VV-VITA-02,2,34.53,34.53
2026-03-15,VV-VITA-111,1,20.82,20.82
2026-03-15,VV-VITA-119,3,48.21,48.21
2026-03-15,VV-VITA-121,2,41.61,43.8
2026-03-15,VV-VITA-124,3,66.92,71.7
2026-03-15,VV-VITA-146,3,50.45,59.34
2026-03-15,VV-VITA-151,3,57.83,61.9
2026-03-15,VV-VITA-153,1,19.9,19.9
2026-03-15,VV-VITA-155,1,20.9,20.9
2026-03-15,VV-VITA-157,3,39.62,44.02
2026-03-15,VV-VITA-158,5,110.48,126.75
2026-03-15,VV-VITA-159,1,26.93,26.93
2026-03-15,VV-VITA-166,3,50.76,59.7
2026-03-15,VV-VITA-168,1,21.58,21.58
2026-03-15,VV-VITA-170,1,16.07,16.07
2026-03-15,VV-VITA-173,1,19.73,19.73
2026-03-15,VV-VITA-183,5,124.32,129.5
2026-03-15,VV-VITA-203,1,19.9,19.9
2026-03-15,VV-VITA-207,3,47.34,50.73
2026-03-15,VV-VITA-208,3,53.09,62.46
2026-03-15,VV-VITA-216,5,87.76,98.6
2026-03-15,VV-VITA-223,23,412.8,460.04
2026-03-15,VV-VITA-224,7,105.14,120.54
2026-03-15,VV-VITA-230,6,118.28,135.98
2026-03-15,VV-VITA-231,5,105.88,116.89
2026-03-15,VV-VITA-237,3,39.61,46.57
2026-03-15,VV-VITA-243,5,89.38,93.1
2026-03-15,VV-VITA-247,1,19.78,19.78
2026-03-15,VV-VITA-248,8,154.76,168.84
2026-03-15,VV-VITA-256,1,17.08,17.08
2026-03-15,VV-VITA-264,5,100.73,109.33
2026-03-15,VV-VITA-276,1,21.26,21.26
2026-03-15,VV-VITA-277,3,39.84,39.84
2026-03-15,VV-VITA-286,1,21.53,21.53
2026-03-15,VV-VITA-297,3,50.07,58.87
2026-03-15,VV-VITA-304,1,14.9,14.9
2026-03-15,VV-VITA-308,2,41.84,44.04
2026-03-15,VV-VITA-31,1,16.76,18.62
2026-03-15,VV-VITA-310,2,42.34,42.34
2026-03-15,VV-VITA-317,2,39.8,39.8
2026-03-15,VV-VITA-320,13,252.47,271.5
2026-03-15,VV-VITA-338,1,15.22,16.91
2026-03-15,VV-VITA-339,2,37.94,37.94
2026-03-15,VV-VITA-341,2,28.99,30.57
2026-03-15,VV-VITA-342,2,35.26,39.16
2026-03-15,VV-VITA-344,1,21.26,21.26
2026-03-15,VV-VITA-355,3,63.78,68.65
2026-03-15,VV-VITA-359,1,17.1,18.99
2026-03-15,VV-VITA-361,11,161.77,191.6
2026-03-15,VV-VITA-364,12,205.51,234.97
2026-03-15,VV-VITA-366,5,67.59,69.08
2026-03-15,VV-VITA-367,12,165.19,192.16
2026-03-15,VV-VITA-373,2,25.34,25.34
2026-03-15,VV-VITA-375,1,18.99,18.99
2026-03-15,VV-VITA-377,1,12.66,12.66
2026-03-15,VV-VITA-379,4,54.79,60.03
2026-03-15,VV-VITA-38,2,30.52,32.12
2026-03-15,VV-VITA-380,1,11.81,11.81
2026-03-15,VV-VITA-381,15,200.76,205.81
2026-03-15,VV-VITA-389,2,43.02,47.8
2026-03-15,VV-VITA-39,3,49.06,49.06
2026-03-15,VV-VITA-395,1,17.54,17.54
2026-03-15,VV-VITA-403,2,32.28,32.28
2026-03-15,VV-VITA-405,2,32.5,32.5
2026-03-15,VV-VITA-50,2,32.3,32.3
2026-03-15,VV-VITA-90,2,30.1,33.43
2026-03-15,VV-VITA-94,4,93.96,104.4
2026-03-16,,31,436.68,488.73
2026-03-16,VV-VITA-116,1,15.21,15.21
2026-03-16,VV-VITA-119,2,32.14,32.14
2026-03-16,VV-VITA-121,1,18.68,18.68
2026-03-16,VV-VITA-124,1,22.37,22.37
2026-03-16,VV-VITA-136,2,36.14,37.75
2026-03-16,VV-VITA-151,11,208.09,249.26
2026-03-16,VV-VITA-153,3,53.38,54.99
2026-03-16,VV-VITA-155,4,76.47,84.95
2026-03-16,VV-VITA-157,1,13.9,13.9
2026-03-16,VV-VITA-158,1,27.12,27.12
2026-03-16,VV-VITA-159,1,20.45,20.45
2026-03-16,VV-VITA-170,2,32.14,32.14
2026-03-16,VV-VITA-171,2,46.64,51.8
2026-03-16,VV-VITA-183,1,25.9,25.9
2026-03-16,VV-VITA-198,1,15.55,17.26
2026-03-16,VV-VITA-199,2,32.13,33.82
2026-03-16,VV-VITA-203,5,77.27,90.83
2026-03-16,VV-VITA-206,1,15.21,15.21
2026-03-16,VV-VITA-207,1,10.91,50.73
2026-03-16,VV-VITA-208,4,70.66,79.6
2026-03-16,VV-VITA-222,4,68.36,77.48
2026-03-16,VV-VITA-223,25,460.75,593.72
2026-03-16,VV-VITA-224,8,113.55,136.27
2026-03-16,VV-VITA-230,6,136.32,150.56
2026-03-16,VV-VITA-231,12,261.4,295.06
2026-03-16,VV-VITA-237,3,38.85,50.76
2026-03-16,VV-VITA-243,17,291.17,328.65
2026-03-16,VV-VITA-248,1,20.32,20.32
2026-03-16,VV-VITA-256,5,95.74,95.74
2026-03-16,VV-VITA-257,2,49.77,55.3
2026-03-16,VV-VITA-259,2,43.53,48.34
2026-03-16,VV-VITA-276,3,63.51,63.51
2026-03-16,VV-VITA-277,1,12.9,12.9
2026-03-16,VV-VITA-286,1,15.13,15.13
2026-03-16,VV-VITA-297,1,20.82,20.82
2026-03-16,VV-VITA-304,4,58.11,59.6
2026-03-16,VV-VITA-31,1,18.62,18.62
2026-03-16,VV-VITA-310,1,21.17,21.17
2026-03-16,VV-VITA-311,6,98.51,105.52
2026-03-16,VV-VITA-317,5,98.63,98.63
2026-03-16,VV-VITA-320,5,86.11,96.57
2026-03-16,VV-VITA-326,1,20.63,20.63
2026-03-16,VV-VITA-338,4,67.75,75.25
2026-03-16,VV-VITA-341,1,15.9,15.9
2026-03-16,VV-VITA-342,1,21.9,21.9
2026-03-16,VV-VITA-354,5,84.47,96.78
2026-03-16,VV-VITA-355,7,138.25,157.19
2026-03-16,VV-VITA-356,3,48.03,56.47
2026-03-16,VV-VITA-357,1,16.06,16.06
2026-03-16,VV-VITA-359,1,17.01,18.9
2026-03-16,VV-VITA-362,1,19.9,19.9
2026-03-16,VV-VITA-364,15,269.1,310.99
2026-03-16,VV-VITA-367,1,18.56,20.62
2026-03-16,VV-VITA-368,3,47.65,49.44
2026-03-16,VV-VITA-373,4,50.68,50.68
2026-03-16,VV-VITA-375,2,35.11,35.11
2026-03-16,VV-VITA-38,1,16.06,16.06
2026-03-16,VV-VITA-381,8,101.36,101.36
2026-03-16,VV-VITA-398,7,71.46,82.67
2026-03-16,VV-VITA-403,7,108.25,118.37
2026-03-16,VV-VITA-405,1,15.9,15.9
2026-03-16,VV-VITA-50,5,78.27,78.27
2026-03-16,VV-VITA-86,1,19.9,19.9
2026-03-16,VV-VITA-90,3,62.7,62.7
2026-03-16,VV-VITA-93,1,14.36,14.36
2026-03-16,VV-VITA-94,1,25.9,25.9
2026-03-17,,21,348.69,362.68
2026-03-17,BJ-E223-8EKW,1,25.5,25.5
2026-03-17,TU-QNYD-JRRX,-1,-17.26,0
2026-03-17,VI-ZU99-SZ0B,3,38.98,43.31
2026-03-17,VV-VITA-101,1,22.02,22.02
2026-03-17,VV-VITA-109,1,18.49,18.49
2026-03-17,VV-VITA-119,3,59.73,59.73
2026-03-17,VV-VITA-121,3,52.3,55.43
2026-03-17,VV-VITA-124,1,19.12,19.12
2026-03-17,VV-VITA-151,3,63.09,65.45
2026-03-17,VV-VITA-153,1,17.92,19.91
2026-03-17,VV-VITA-155,7,116.98,131.1
2026-03-17,VV-VITA-158,2,45.94,51.04
2026-03-17,VV-VITA-159,2,41.17,41.17
2026-03-17,VV-VITA-165,6,163.09,163.09
2026-03-17,VV-VITA-168,1,20.45,22.71
2026-03-17,VV-VITA-171,2,50.22,55.8
2026-03-17,VV-VITA-173,6,90.81,90.81
2026-03-17,VV-VITA-183,1,25.9,25.9
2026-03-17,VV-VITA-186,1,18.8,20.88
2026-03-17,VV-VITA-190,2,39.8,39.8
2026-03-17,VV-VITA-198,2,31.47,33.18
2026-03-17,VV-VITA-203,9,149.12,170.21
2026-03-17,VV-VITA-204,1,18.9,18.9
2026-03-17,VV-VITA-208,2,27.81,39.8
2026-03-17,VV-VITA-216,1,17.91,19.9
2026-03-17,VV-VITA-222,2,38.02,38.02
2026-03-17,VV-VITA-223,21,346.88,389.96
2026-03-17,VV-VITA-224,6,113.79,122.73
2026-03-17,VV-VITA-231,15,346.26,391.77
2026-03-17,VV-VITA-237,3,55.72,59.7
2026-03-17,VV-VITA-243,3,49.37,52.75
2026-03-17,VV-VITA-247,1,17.91,19.9
2026-03-17,VV-VITA-248,1,21.9,21.9
2026-03-17,VV-VITA-256,1,20.61,22.9
2026-03-17,VV-VITA-259,1,18.33,20.35
2026-03-17,VV-VITA-264,2,51.8,51.8
2026-03-17,VV-VITA-276,2,42.43,42.43
2026-03-17,VV-VITA-277,1,16.35,16.35
2026-03-17,VV-VITA-286,-1,-18.78,0
2026-03-17,VV-VITA-297,4,77.53,81.51
2026-03-17,VV-VITA-301,5,69.02,72.2
2026-03-17,VV-VITA-303,1,16.06,16.06
2026-03-17,VV-VITA-308,1,21.26,23.62
2026-03-17,VV-VITA-311,1,16.36,18.16
2026-03-17,VV-VITA-320,4,82.68,82.68
2026-03-17,VV-VITA-341,1,12.72,12.72
2026-03-17,VV-VITA-342,3,52.44,58.24
2026-03-17,VV-VITA-344,3,54.25,63.79
2026-03-17,VV-VITA-345,1,23.41,23.41
2026-03-17,VV-VITA-351,2,32.56,36.17
2026-03-17,VV-VITA-354,2,39.42,43.8
2026-03-17,VV-VITA-355,3,54.96,54.96
2026-03-17,VV-VITA-356,1,19.81,19.81
2026-03-17,VV-VITA-359,6,102.06,113.4
2026-03-17,VV-VITA-361,3,44.16,47.54
2026-03-17,VV-VITA-364,5,88.69,93.07
2026-03-17,VV-VITA-367,2,34.26,36.06
2026-03-17,VV-VITA-375,3,46.63,61.21
2026-03-17,VV-VITA-377,3,43.78,46.76
2026-03-17,VV-VITA-379,1,17.17,17.17
2026-03-17,VV-VITA-38,2,27.22,30.24
2026-03-17,VV-VITA-381,12,175.41,179.88
2026-03-17,VV-VITA-386,1,21.9,21.9
2026-03-17,VV-VITA-394,1,18.81,20.9
2026-03-17,VV-VITA-395,1,16.72,16.72
2026-03-17,VV-VITA-405,2,30.91,41.97
2026-03-17,VV-VITA-407,1,22.32,22.32
2026-03-17,VV-VITA-50,1,18.81,20.9
2026-03-17,VV-VITA-57-V,2,60.62,67.34
2026-03-17,VV-VITA-63,0,1.54,22.9
2026-03-17,VV-VITA-86,1,14.32,15.92
2026-03-17,VV-VITA-90,10,182.13,222.08
2026-03-17,VV-VITA-93,1,14.36,14.36
2026-03-17,VV-VITA-94,7,107.74,122.98
2026-03-18,,24,361.69,402.64
2026-03-18,BJ-E223-8EKW,1,25.45,25.45
2026-03-18,CW-KVIN-V39Y,2,45.65,53.89
2026-03-18,NX-CVPF-VCEZ,1,21.81,21.81
2026-03-18,VI-ZU99-SZ0B,3,53.7,53.7
2026-03-18,VV-VITA-101,3,71.44,73.61
2026-03-18,VV-VITA-104,1,18,19.99
2026-03-18,VV-VITA-109,1,20.9,20.9
2026-03-18,VV-VITA-111,1,18.82,20.9
2026-03-18,VV-VITA-116,1,17.9,17.9
2026-03-18,VV-VITA-121,1,22.72,22.72
2026-03-18,VV-VITA-151,1,25.36,25.36
2026-03-18,VV-VITA-153,2,38.72,40.81
2026-03-18,VV-VITA-155,4,56.88,66.88
2026-03-18,VV-VITA-158,3,58.45,90.35
2026-03-18,VV-VITA-159,5,82.7,90.85
2026-03-18,VV-VITA-168,1,20.45,22.72
2026-03-18,VV-VITA-173,3,46.31,46.31
2026-03-18,VV-VITA-183,3,62.59,73.6
2026-03-18,VV-VITA-189,0,-4.38,43.8
2026-03-18,VV-VITA-197,102,1900.86,2533.8
2026-03-18,VV-VITA-199,1,19.9,19.9
2026-03-18,VV-VITA-203,4,68.93,77.87
2026-03-18,VV-VITA-207,5,92.4,100.36
2026-03-18,VV-VITA-208,1,19.9,19.9
2026-03-18,VV-VITA-216,6,105.56,122.44
2026-03-18,VV-VITA-222,1,19.12,19.12
2026-03-18,VV-VITA-223,26,425.12,458.55
2026-03-18,VV-VITA-224,2,38.02,40.11
2026-03-18,VV-VITA-225,2,36.52,40.57
2026-03-18,VV-VITA-231,16,386.91,435.82
2026-03-18,VV-VITA-237,9,151.26,174.66
2026-03-18,VV-VITA-243,13,204.57,229.51
2026-03-18,VV-VITA-256,1,22.9,22.9
2026-03-18,VV-VITA-257,1,26.9,26.9
2026-03-18,VV-VITA-259,3,51.93,61.06
2026-03-18,VV-VITA-264,1,26.48,26.48
2026-03-18,VV-VITA-297,2,41.44,43.62
2026-03-18,VV-VITA-301,1,13.81,13.81
2026-03-18,VV-VITA-308,6,132.12,155.4
2026-03-18,VV-VITA-31,2,39.42,43.8
2026-03-18,VV-VITA-310,3,63.51,74.7
2026-03-18,VV-VITA-311,4,68.93,77.87
2026-03-18,VV-VITA-320,6,121.63,142.73
2026-03-18,VV-VITA-339,2,39.8,39.8
2026-03-18,VV-VITA-341,2,27.52,27.52
2026-03-18,VV-VITA-342,3,64.19,64.19
2026-03-18,VV-VITA-344,2,50.41,53.24
2026-03-18,VV-VITA-345,5,97.04,108.5
2026-03-18,VV-VITA-349,1,18.17,18.17
2026-03-18,VV-VITA-354,1,19.5,25.99
2026-03-18,VV-VITA-355,4,84.08,90.86
2026-03-18,VV-VITA-356,3,53.56,57.52
2026-03-18,VV-VITA-359,1,19.99,19.99
2026-03-18,VV-VITA-361,3,47.71,56.31
2026-03-18,VV-VITA-364,6,111.72,131.4
2026-03-18,VV-VITA-366,2,29.8,29.8
2026-03-18,VV-VITA-374,2,28.36,37.8
2026-03-18,VV-VITA-375,1,0,16.9
2026-03-18,VV-VITA-377,6,89.25,95.94
2026-03-18,VV-VITA-379,1,17.9,17.9
2026-03-18,VV-VITA-38,3,37.26,38.01
2026-03-18,VV-VITA-381,20,279.82,309.24
2026-03-18,VV-VITA-389,1,21.51,23.9
2026-03-18,VV-VITA-39,1,15,19.99
2026-03-18,VV-VITA-394,1,21.26,23.62
2026-03-18,VV-VITA-395,5,77.72,78.87
2026-03-18,VV-VITA-402,1,21.26,23.62
2026-03-18,VV-VITA-403,7,119.43,139.3
2026-03-18,VV-VITA-63,1,19.08,19.08
2026-03-18,VV-VITA-90,2,41.8,41.8
2026-03-18,VV-VITA-93,1,16.9,16.9
2026-03-18,VV-VITA-94,1,21.74,23.19
2026-03-19,,28,416.08,444.19
2026-03-19,CP-DQMG-RVN9,3,55.86,65.7
2026-03-19,CW-KVIN-V39Y,3,59.82,66.81
2026-03-19,TU-QNYD-JRRX,2,29.6,39.46
2026-03-19,VV-VITA-02,2,27.94,37.26
2026-03-19,VV-VITA-101,4,91.96,103.6
2026-03-19,VV-VITA-124,1,18.84,18.84
2026-03-19,VV-VITA-151,1,19.55,19.55
2026-03-19,VV-VITA-153,2,35.69,37.44
2026-03-19,VV-VITA-155,1,16.72,16.72
2026-03-19,VV-VITA-157,10,90.4,139
2026-03-19,VV-VITA-159,2,40.82,45.35
2026-03-19,VV-VITA-171,2,49.09,54.52
2026-03-19,VV-VITA-172,1,19.9,19.9
2026-03-19,VV-VITA-174,1,22.72,22.72
2026-03-19,VV-VITA-198,1,14.32,15.92
2026-03-19,VV-VITA-208,2,35.82,39.8
2026-03-19,VV-VITA-216,1,17.91,19.9
2026-03-19,VV-VITA-222,1,18.9,18.9
2026-03-19,VV-VITA-223,25,400.69,468.53
2026-03-19,VV-VITA-224,2,35.82,39.8
2026-03-19,VV-VITA-230,1,23.32,25.9
2026-03-19,VV-VITA-231,15,364.23,407.71
2026-03-19,VV-VITA-237,2,35.82,39.8
2026-03-19,VV-VITA-243,5,82.59,91.74
2026-03-19,VV-VITA-248,4,85.86,90.24
2026-03-19,VV-VITA-256,-1,-22.9,0
2026-03-19,VV-VITA-277,1,14.72,16.35
2026-03-19,VV-VITA-301,2,27.17,30.18
2026-03-19,VV-VITA-304,4,58.88,65.41
2026-03-19,VV-VITA-311,3,55.28,57.09
2026-03-19,VV-VITA-320,1,26.9,26.9
2026-03-19,VV-VITA-338,6,89.02,104.67
2026-03-19,VV-VITA-341,8,98.81,106.77
2026-03-19,VV-VITA-342,3,52.88,59.76
2026-03-19,VV-VITA-344,2,42.54,47.24
2026-03-19,VV-VITA-346,1,12.41,12.41
2026-03-19,VV-VITA-354,3,58.95,69.36
2026-03-19,VV-VITA-356,-2,-37.47,0
2026-03-19,VV-VITA-359,2,29.6,39.46
2026-03-19,VV-VITA-361,2,32.71,36.32
2026-03-19,VV-VITA-367,-1,-16.36,0
2026-03-19,VV-VITA-375,1,13.82,13.82
2026-03-19,VV-VITA-377,1,14.9,14.9
2026-03-19,VV-VITA-378,2,27.81,30.89
2026-03-19,VV-VITA-38,2,19.64,21.8
2026-03-19,VV-VITA-381,9,122.24,161.23
2026-03-19,VV-VITA-387,1,26.17,29.07
2026-03-19,VV-VITA-394,-1,-21.26,0
2026-03-19,VV-VITA-395,1,15.12,15.12
2026-03-19,VV-VITA-402,2,39.45,52.6
2026-03-19,VV-VITA-403,1,19.9,19.9
2026-03-19,VV-VITA-46,-3,-56.72,0
2026-03-19,VV-VITA-57-V,2,70.89,70.89
2026-03-19,VV-VITA-57-V2,1,20.45,22.71
2026-03-19,VV-VITA-86,2,33.44,33.44
2026-03-19,VV-VITA-90,2,41.8,41.8
2026-03-20,,19,292.37,318.91
2026-03-20,BJ-E223-8EKW,4,93.68,101.24
2026-03-20,CP-DQMG-RVN9,1,19,19
2026-03-20,NX-CVPF-VCEZ,2,39.27,43.61
2026-03-20,TU-QNYD-JRRX,1,15.55,17.26
2026-03-20,VI-ZU99-SZ0B,2,30.73,34.13
2026-03-20,VV-VITA-101,1,25.9,25.9
2026-03-20,VV-VITA-104,1,16.28,18.08
2026-03-20,VV-VITA-119,6,109.04,109.04
2026-03-20,VV-VITA-121,2,42.44,44.62
2026-03-20,VV-VITA-124,4,66.43,76.19
2026-03-20,VV-VITA-127,2,44.82,49.8
2026-03-20,VV-VITA-129,1,15.46,17.17
2026-03-20,VV-VITA-146,3,46.36,54.51
2026-03-20,VV-VITA-153,3,53.75,59.72
2026-03-20,VV-VITA-155,2,33.44,33.44
2026-03-20,VV-VITA-158,3,64.91,76.33
2026-03-20,VV-VITA-166,1,17.1,19
2026-03-20,VV-VITA-171,1,24.46,27.17
2026-03-20,VV-VITA-183,1,18.41,24.53
2026-03-20,VV-VITA-197,5,105.85,124.5
2026-03-20,VV-VITA-198,2,28.17,29.07
2026-03-20,VV-VITA-203,2,39.8,39.8
2026-03-20,VV-VITA-204,1,18.9,18.9
2026-03-20,VV-VITA-207,1,19.9,19.9
2026-03-20,VV-VITA-216,2,35.82,39.8
2026-03-20,VV-VITA-222,3,55.45,57.36
2026-03-20,VV-VITA-223,14,234.17,250.39
2026-03-20,VV-VITA-230,5,108.22,114.92
2026-03-20,VV-VITA-231,8,208.71,219.84
2026-03-20,VV-VITA-237,6,104.66,115.16
2026-03-20,VV-VITA-243,7,109.95,119.17
2026-03-20,VV-VITA-248,2,46.44,46.44
2026-03-20,VV-VITA-256,3,60.47,64.67
2026-03-20,VV-VITA-258,2,37.8,37.8
2026-03-20,VV-VITA-259,6,108.07,121.34
2026-03-20,VV-VITA-264,1,25.9,25.9
2026-03-20,VV-VITA-276,2,47.29,52.54
2026-03-20,VV-VITA-286,3,61.17,67.96
2026-03-20,VV-VITA-297,2,36.65,40.72
2026-03-20,VV-VITA-301,1,14.33,15.92
2026-03-20,VV-VITA-303,1,19.9,19.9
2026-03-20,VV-VITA-304,1,13.55,13.55
2026-03-20,VV-VITA-308,4,78,94.5
2026-03-20,VV-VITA-310,2,49.8,49.8
2026-03-20,VV-VITA-311,4,67.63,76.14
2026-03-20,VV-VITA-313,1,16.65,16.65
2026-03-20,VV-VITA-320,3,62.37,73.36
2026-03-20,VV-VITA-326,1,21.73,21.73
2026-03-20,VV-VITA-338,5,81.15,81.15
2026-03-20,VV-VITA-339,2,36.91,38.89
2026-03-20,VV-VITA-341,3,38.16,38.16
2026-03-20,VV-VITA-342,3,65.7,65.7
2026-03-20,VV-VITA-344,1,19.55,21.72
2026-03-20,VV-VITA-345,2,43.54,43.54
2026-03-20,VV-VITA-355,2,32.46,36.06
2026-03-20,VV-VITA-361,2,33.38,35.07
2026-03-20,VV-VITA-364,1,21.27,23.62
2026-03-20,VV-VITA-366,1,15.45,15.45
2026-03-20,VV-VITA-367,1,18.17,18.17
2026-03-20,VV-VITA-376,3,51.79,51.79
2026-03-20,VV-VITA-38,1,10.22,10.9
2026-03-20,VV-VITA-381,9,140.34,145.43
2026-03-20,VV-VITA-394,1,17.73,23.63
2026-03-20,VV-VITA-395,1,18.12,18.12
2026-03-20,VV-VITA-398,1,18.17,18.17
2026-03-20,VV-VITA-403,5,93.21,104.14
2026-03-20,VV-VITA-408,1,22.64,22.64
2026-03-20,VV-VITA-50,7,145.74,145.74
2026-03-20,VV-VITA-57-V,2,70.89,70.89
2026-03-20,VV-VITA-57-V2,1,22.72,22.72
2026-03-20,VV-VITA-63,3,48.68,57.24
2026-03-20,VV-VITA-86,1,19.64,19.64
2026-03-20,VV-VITA-90,1,20.9,20.9
2026-03-20,VV-VITA-94,3,58.56,60.64
2026-03-21,,11,160.88,164.61
2026-03-21,BJ-E223-8EKW,3,72.76,75.25
2026-03-21,CW-KVIN-V39Y,1,27.39,27.39
2026-03-21,VI-ZU99-SZ0B,1,16.11,17.9
2026-03-21,VV-VITA-111,1,14.95,22.99
2026-03-21,VV-VITA-119,2,32.72,36.34
2026-03-21,VV-VITA-124,5,84.77,97.29
2026-03-21,VV-VITA-129,1,17.01,18.9
2026-03-21,VV-VITA-155,4,59.38,66.88
2026-03-21,VV-VITA-157,4,50.04,55.6
2026-03-21,VV-VITA-158,1,25.45,25.45
2026-03-21,VV-VITA-159,3,46.36,54.51
2026-03-21,VV-VITA-174,2,37.8,37.8
2026-03-21,VV-VITA-197,2,44.82,49.8
2026-03-21,VV-VITA-198,2,29.07,29.07
2026-03-21,VV-VITA-199,3,62.49,62.49
2026-03-21,VV-VITA-204,2,32.5,34.39
2026-03-21,VV-VITA-207,2,39.8,39.8
2026-03-21,VV-VITA-215,5,94.68,94.68
2026-03-21,VV-VITA-216,1,17.91,19.9
2026-03-21,VV-VITA-222,9,148.92,165.2
2026-03-21,VV-VITA-223,26,423.88,488.33
2026-03-21,VV-VITA-224,11,198.07,224.47
2026-03-21,VV-VITA-230,1,23.31,25.9
2026-03-21,VV-VITA-231,14,337.14,386.67
2026-03-21,VV-VITA-237,3,55.72,59.7
2026-03-21,VV-VITA-243,3,52.69,60.48
2026-03-21,VV-VITA-248,4,78.19,82.57
2026-03-21,VV-VITA-250,1,19.08,19.08
2026-03-21,VV-VITA-257,1,22.72,22.72
2026-03-21,VV-VITA-264,1,22.64,22.64
2026-03-21,VV-VITA-276,6,134.74,151.21
2026-03-21,VV-VITA-297,5,78,119.95
2026-03-21,VV-VITA-301,2,28.9,28.9
2026-03-21,VV-VITA-304,3,42.95,49.24
2026-03-21,VV-VITA-31,1,21.9,21.9
2026-03-21,VV-VITA-310,5,95.1,117.71
2026-03-21,VV-VITA-311,1,14.93,19.9
2026-03-21,VV-VITA-313,2,29.61,32.9
2026-03-21,VV-VITA-320,8,163.07,192.19
2026-03-21,VV-VITA-336,1,17.91,19.9
2026-03-21,VV-VITA-338,3,44.51,52.33
2026-03-21,VV-VITA-339,1,19.9,19.9
2026-03-21,VV-VITA-341,1,13.81,13.81
2026-03-21,VV-VITA-342,2,41.2,41.2
2026-03-21,VV-VITA-345,1,20.9,20.9
2026-03-21,VV-VITA-355,5,96.91,118.68
2026-03-21,VV-VITA-356,6,93.1,107.4
2026-03-21,VV-VITA-361,2,37.17,37.17
2026-03-21,VV-VITA-364,12,213.56,257.15
2026-03-21,VV-VITA-366,1,15.35,15.35
2026-03-21,VV-VITA-367,1,18.17,18.17
2026-03-21,VV-VITA-379,5,78.6,85.26
2026-03-21,VV-VITA-38,10,117.37,128.52
2026-03-21,VV-VITA-381,2,28.31,29.8
2026-03-21,VV-VITA-382,1,18.86,18.86
2026-03-21,VV-VITA-39,1,20.76,20.76
2026-03-21,VV-VITA-395,1,16.72,16.72
2026-03-21,VV-VITA-50,2,29.9,45.98
2026-03-21,VV-VITA-57-V,2,77.8,77.8
2026-03-21,VV-VITA-57-V2,1,24.55,24.55
2026-03-21,VV-VITA-86,4,75.37,75.37
2026-03-21,VV-VITA-88,1,22.91,25.44
2026-03-21,VV-VITA-90,2,32.73,36.34
2026-03-21,VV-VITA-94,6,107.56,126.48
2026-03-22,,26,383.22,411.66
2026-03-22,TU-QNYD-JRRX,2,28.35,31.5
2026-03-22,VI-ZU99-SZ0B,1,14.79,14.79
2026-03-22,VV-VITA-101,1,19.81,19.81
2026-03-22,VV-VITA-109,1,17.01,18.9
2026-03-22,VV-VITA-116,1,16.36,18.16
2026-03-22,VV-VITA-121,2,40.16,42.35
2026-03-22,VV-VITA-124,4,73.05,77.12
2026-03-22,VV-VITA-129,1,15.07,15.07
2026-03-22,VV-VITA-146,1,16.35,18.16
2026-03-22,VV-VITA-153,3,52.73,56.37
2026-03-22,VV-VITA-155,23,353.57,413.6
2026-03-22,VV-VITA-158,2,52.2,58
2026-03-22,VV-VITA-159,3,52.86,62.16
2026-03-22,VV-VITA-165,7,179.35,206
2026-03-22,VV-VITA-166,1,17.91,19.9
2026-03-22,VV-VITA-170,1,17.01,18.9
2026-03-22,VV-VITA-171,2,48.93,54.36
2026-03-22,VV-VITA-173,2,29.77,29.77
2026-03-22,VV-VITA-174,1,18.9,18.9
2026-03-22,VV-VITA-189,1,18.1,18.1
2026-03-22,VV-VITA-198,1,15.92,15.92
2026-03-22,VV-VITA-203,1,17.91,17.91
2026-03-22,VV-VITA-208,8,141.32,159.2
2026-03-22,VV-VITA-215,3,56.7,56.7
2026-03-22,VV-VITA-216,6,115.83,128.7
2026-03-22,VV-VITA-222,7,118.77,131.17
2026-03-22,VV-VITA-223,22,360.7,402.94
2026-03-22,VV-VITA-224,7,119.43,134.66
2026-03-22,VV-VITA-231,15,361.08,408.63
2026-03-22,VV-VITA-237,2,35.82,39.8
2026-03-22,VV-VITA-243,17,245.6,285.3
2026-03-22,VV-VITA-248,2,46.45,46.45
2026-03-22,VV-VITA-250,3,53.7,53.7
2026-03-22,VV-VITA-256,8,166.48,191.81
2026-03-22,VV-VITA-257,2,40.91,45.43
2026-03-22,VV-VITA-259,2,39.37,41.44
2026-03-22,VV-VITA-264,1,23.55,23.55
2026-03-22,VV-VITA-276,3,63.51,74.7
2026-03-22,VV-VITA-284,3,64.51,69.03
2026-03-22,VV-VITA-297,3,55.72,59.7
2026-03-22,VV-VITA-298,1,22.9,22.9
2026-03-22,VV-VITA-301,3,40.24,40.24
2026-03-22,VV-VITA-307,2,26.17,29.06
2026-03-22,VV-VITA-310,2,40.75,45.27
2026-03-22,VV-VITA-311,2,37.36,41.51
2026-03-22,VV-VITA-320,3,58.09,70.03
2026-03-22,VV-VITA-338,1,19.64,19.64
2026-03-22,VV-VITA-339,1,18.09,18.09
2026-03-22,VV-VITA-341,5,59.08,59.08
2026-03-22,VV-VITA-342,3,63.35,67.96
2026-03-22,VV-VITA-344,1,18.67,20.74
2026-03-22,VV-VITA-355,3,62.02,66.18
2026-03-22,VV-VITA-356,5,80.21,86.92
2026-03-22,VV-VITA-359,3,46.86,46.86
2026-03-22,VV-VITA-361,2,32.73,36.34
2026-03-22,VV-VITA-364,6,111.05,123.37
2026-03-22,VV-VITA-366,6,83.8,93.11
2026-03-22,VV-VITA-367,2,28.07,31.18
2026-03-22,VV-VITA-375,1,17.99,17.99
2026-03-22,VV-VITA-376,2,31.8,31.8
2026-03-22,VV-VITA-378,1,14.12,14.12
2026-03-22,VV-VITA-379,1,16.27,16.27
2026-03-22,VV-VITA-381,4,63.56,63.56
2026-03-22,VV-VITA-383,1,18.64,18.64
2026-03-22,VV-VITA-385,3,50.7,50.7
2026-03-22,VV-VITA-386,1,17.92,19.91
2026-03-22,VV-VITA-387,1,21.4,21.4
2026-03-22,VV-VITA-389,3,73.96,82.17
2026-03-22,VV-VITA-393,4,70.57,75.79
2026-03-22,VV-VITA-394,3,47.02,52.24
2026-03-22,VV-VITA-395,2,30.24,30.24
2026-03-22,VV-VITA-403,2,32.83,36.47
2026-03-22,VV-VITA-405,1,14.31,15.9
2026-03-22,VV-VITA-407,1,16.74,18.59
2026-03-22,VV-VITA-50,1,17.91,19.9
2026-03-22,VV-VITA-57-V,1,36.27,36.27
2026-03-22,VV-VITA-63,1,19.08,19.08
2026-03-23,,83,1131.78,1470.72
2026-03-23,BJ-E223-8EKW,24,388.56,597.6
2026-03-23,CP-DQMG-RVN9,2,39.42,43.8
2026-03-23,CW-KVIN-V39Y,15,203.85,313.5
2026-03-23,VI-ZU99-SZ0B,2,31.01,34.43
2026-03-23,VV-VITA-107,16,203.03,293.75
2026-03-23,VV-VITA-111,9,116.46,179.1
2026-03-23,VV-VITA-119,10,122.9,189
2026-03-23,VV-VITA-121,1,19,19
2026-03-23,VV-VITA-124,1,16.95,18.84
2026-03-23,VV-VITA-136,1,20.45,22.72
2026-03-23,VV-VITA-146,4,66.26,74.41
2026-03-23,VV-VITA-151,1,23.63,23.63
2026-03-23,VV-VITA-153,23,311.54,457.7
2026-03-23,VV-VITA-155,15,206.27,246.67
2026-03-23,VV-VITA-157,6,54.24,83.4
2026-03-23,VV-VITA-158,1,25.45,25.45
2026-03-23,VV-VITA-159,15,249.65,303.14
2026-03-23,VV-VITA-165,4,98.45,110.69
2026-03-23,VV-VITA-168,1,22.72,22.72
2026-03-23,VV-VITA-170,6,73.74,113.4
2026-03-23,VV-VITA-171,2,54.52,54.52
2026-03-23,VV-VITA-172,8,110.81,152.57
2026-03-23,VV-VITA-173,10,148.04,158.01
2026-03-23,VV-VITA-183,3,66.06,77.7
2026-03-23,VV-VITA-186,14,253.88,362.6
2026-03-23,VV-VITA-188,7,84.74,101.84
2026-03-23,VV-VITA-189,4,74.68,86.6
2026-03-23,VV-VITA-190,3,38.82,59.7
2026-03-23,VV-VITA-197,10,166.29,244.68
2026-03-23,VV-VITA-198,12,159.81,189.66
2026-03-23,VV-VITA-199,2,25.88,39.8
2026-03-23,VV-VITA-203,1,18.17,18.17
2026-03-23,VV-VITA-204,7,90.75,132.3
2026-03-23,VV-VITA-206,8,105.64,143.2
2026-03-23,VV-VITA-207,5,64.7,99.5
2026-03-23,VV-VITA-215,2,24.58,37.8
2026-03-23,VV-VITA-216,3,62.36,64.35
2026-03-23,VV-VITA-222,3,57.5,58.75
2026-03-23,VV-VITA-223,17,261.76,304.88
2026-03-23,VV-VITA-225,19,268.17,399.75
2026-03-23,VV-VITA-231,20,430.21,540.61
2026-03-23,VV-VITA-237,1,17.26,17.26
2026-03-23,VV-VITA-243,2,35.04,35.04
2026-03-23,VV-VITA-248,2,44.9,44.9
2026-03-23,VV-VITA-250,2,38.16,38.16
2026-03-23,VV-VITA-256,7,112.24,160.3
2026-03-23,VV-VITA-257,13,245.38,349.7
2026-03-23,VV-VITA-264,3,70,82.35
2026-03-23,VV-VITA-276,13,235.58,321.15
2026-03-23,VV-VITA-286,1,22.65,22.65
2026-03-23,VV-VITA-301,3,40.62,47.76
2026-03-23,VV-VITA-304,6,58.14,89.4
2026-03-23,VV-VITA-308,6,101.04,155.4
2026-03-23,VV-VITA-31,1,21.9,21.9
2026-03-23,VV-VITA-310,2,48.09,48.09
2026-03-23,VV-VITA-320,4,78.93,99.77
2026-03-23,VV-VITA-336,12,169.2,238.8
2026-03-23,VV-VITA-338,3,50.82,50.82
2026-03-23,VV-VITA-339,1,19.81,19.81
2026-03-23,VV-VITA-341,2,23.28,25.87
2026-03-23,VV-VITA-342,5,104.73,111.38
2026-03-23,VV-VITA-344,1,21.27,23.62
2026-03-23,VV-VITA-345,2,39.18,43.53
2026-03-23,VV-VITA-355,1,22.72,22.72
2026-03-23,VV-VITA-356,9,104.76,161.1
2026-03-23,VV-VITA-359,3,59.13,59.13
2026-03-23,VV-VITA-361,3,32.97,50.7
2026-03-23,VV-VITA-363,6,65.94,101.4
2026-03-23,VV-VITA-364,23,402.17,512.55
2026-03-23,VV-VITA-365,1,14.9,14.9
2026-03-23,VV-VITA-366,5,48.45,74.5
2026-03-23,VV-VITA-367,4,63.83,71.87
2026-03-23,VV-VITA-369,8,93.12,143.2
2026-03-23,VV-VITA-375,8,87.92,135.2
2026-03-23,VV-VITA-377,-2,-31.46,14.9
2026-03-23,VV-VITA-379,2,34.35,38.15
2026-03-23,VV-VITA-38,1,15.12,15.12
2026-03-23,VV-VITA-381,24,280.79,360.43
2026-03-23,VV-VITA-382,1,15.19,16.87
2026-03-23,VV-VITA-383,6,69.84,107.4
2026-03-23,VV-VITA-385,10,109.9,169
2026-03-23,VV-VITA-386,12,170.88,262.8
2026-03-23,VV-VITA-387,2,52.36,58.15
2026-03-23,VV-VITA-39,49,749.06,1122.1
2026-03-23,VV-VITA-394,3,60.27,70.87
2026-03-23,VV-VITA-395,2,30.24,30.24
2026-03-23,VV-VITA-398,1,18.17,18.17
2026-03-23,VV-VITA-400,3,38.82,59.7
2026-03-23,VV-VITA-402,3,48.57,74.7
2026-03-23,VV-VITA-403,1,24.54,24.54
2026-03-23,VV-VITA-405,1,14.31,15.9
2026-03-23,VV-VITA-407,1,22.32,22.32
2026-03-23,VV-VITA-408,3,48.57,74.7
2026-03-23,VV-VITA-411,2,27.18,41.8
2026-03-23,VV-VITA-50,7,103.41,140.3
2026-03-23,VV-VITA-57-V,5,126.45,194.5
2026-03-23,VV-VITA-57-V2,6,93.24,143.4
2026-03-23,VV-VITA-63,3,44.67,68.7
2026-03-23,VV-VITA-86,3,45.6,45.6
2026-03-23,VV-VITA-88,5,97.28,122.36
2026-03-23,VV-VITA-90,7,107.02,143.57
2026-03-23,VV-VITA-94,1,23.92,25.52
2026-03-24,,44,706.34,779.65
2026-03-24,CW-KVIN-V39Y,3,53.31,62.7
2026-03-24,TU-QNYD-JRRX,1,18.9,18.9
2026-03-24,VV-VITA-02,3,49.07,54.51
2026-03-24,VV-VITA-105,4,71.32,79.24
2026-03-24,VV-VITA-111,2,38.81,40.8
2026-03-24,VV-VITA-116,3,47.9,57.88
2026-03-24,VV-VITA-121,7,125.9,154.12
2026-03-24,VV-VITA-124,1,18.84,18.84
2026-03-24,VV-VITA-129,1,18.9,18.9
2026-03-24,VV-VITA-136,1,20.45,22.72
2026-03-24,VV-VITA-146,1,17.91,19.9
2026-03-24,VV-VITA-151,10,210.29,236.46
2026-03-24,VV-VITA-153,2,25.88,39.8
2026-03-24,VV-VITA-155,1,16.72,16.72
2026-03-24,VV-VITA-157,4,50.55,50.55
2026-03-24,VV-VITA-158,6,148.33,159.13
2026-03-24,VV-VITA-159,11,178.24,210.08
2026-03-24,VV-VITA-166,1,23.63,23.63
2026-03-24,VV-VITA-168,1,20.45,22.71
2026-03-24,VV-VITA-170,11,141.8,207.9
2026-03-24,VV-VITA-173,9,130.54,137.5
2026-03-24,VV-VITA-186,1,25.45,25.45
2026-03-24,VV-VITA-198,3,40.58,40.58
2026-03-24,VV-VITA-207,2,39.8,39.8
2026-03-24,VV-VITA-216,2,32.24,39.8
2026-03-24,VV-VITA-222,5,91.78,95.6
2026-03-24,VV-VITA-223,23,389.79,438.95
2026-03-24,VV-VITA-224,5,84.51,100.5
2026-03-24,VV-VITA-243,25,381.93,447.44
2026-03-24,VV-VITA-248,2,46.45,46.45
2026-03-24,VV-VITA-256,3,67.32,72.12
2026-03-24,VV-VITA-257,2,48.42,53.8
2026-03-24,VV-VITA-264,4,93.63,98.52
2026-03-24,VV-VITA-276,5,99.33,126.23
2026-03-24,VV-VITA-286,1,21.9,21.9
2026-03-24,VV-VITA-297,2,35.82,39.8
2026-03-24,VV-VITA-298,2,29.78,45.8
2026-03-24,VV-VITA-301,2,29.73,29.73
2026-03-24,VV-VITA-308,4,74.15,101.33
2026-03-24,VV-VITA-310,9,152.78,214.83
2026-03-24,VV-VITA-311,1,19.9,19.9
2026-03-24,VV-VITA-320,9,170.2,192.35
2026-03-24,VV-VITA-336,4,65.21,72.43
2026-03-24,VV-VITA-341,3,38.09,38.09
2026-03-24,VV-VITA-342,5,98.19,104.37
2026-03-24,VV-VITA-354,2,28.48,43.8
2026-03-24,VV-VITA-355,1,19.57,19.57
2026-03-24,VV-VITA-356,1,17.9,17.9
2026-03-24,VV-VITA-364,11,179.73,237.53
2026-03-24,VV-VITA-366,3,31.58,43.34
2026-03-24,VV-VITA-367,6,69.84,107.4
2026-03-24,VV-VITA-368,1,17.9,17.9
2026-03-24,VV-VITA-375,1,17.99,17.99
2026-03-24,VV-VITA-377,1,14.9,14.9
2026-03-24,VV-VITA-379,1,19.08,19.08
2026-03-24,VV-VITA-381,7,105.57,108.55
2026-03-24,VV-VITA-382,2,34.69,36.42
2026-03-24,VV-VITA-385,1,15.21,16.9
2026-03-24,VV-VITA-386,2,41.61,43.8
2026-03-24,VV-VITA-39,6,99.46,116.96
2026-03-24,VV-VITA-395,1,14.47,14.47
2026-03-24,VV-VITA-405,2,30.21,31.8
2026-03-24,VV-VITA-411,1,21.81,21.81
2026-03-24,VV-VITA-88,5,99.55,121.05
2026-03-24,VV-VITA-90,2,41.8,41.8
2026-03-24,VV-VITA-93,1,16.9,16.9
2026-03-24,VV-VITA-94,5,103.5,110.76
2026-03-25,,35,509.32,557.48
2026-03-25,BJ-E223-8EKW,1,24.9,24.9
2026-03-25,CW-KVIN-V39Y,1,18.81,20.9
2026-03-25,NX-CVPF-VCEZ,2,34.2,38
2026-03-25,VI-ZU99-SZ0B,2,35.16,35.16
2026-03-25,VV-VITA-02,1,14.79,14.79
2026-03-25,VV-VITA-101,5,104.85,117.23
2026-03-25,VV-VITA-119,1,18.17,18.17
2026-03-25,VV-VITA-121,1,18.6,18.6
2026-03-25,VV-VITA-124,9,158.11,170.38
2026-03-25,VV-VITA-151,5,43.02,119.5
2026-03-25,VV-VITA-153,4,75.54,79.52
2026-03-25,VV-VITA-155,5,72.76,83.6
2026-03-25,VV-VITA-157,2,27.8,27.8
2026-03-25,VV-VITA-159,6,100.71,111.58
2026-03-25,VV-VITA-165,4,104.07,117.34
2026-03-25,VV-VITA-168,1,21.51,23.9
2026-03-25,VV-VITA-171,1,25.11,27.9
2026-03-25,VV-VITA-173,4,59.34,59.34
2026-03-25,VV-VITA-183,1,25.9,25.9
2026-03-25,VV-VITA-189,1,21.9,21.9
2026-03-25,VV-VITA-198,1,14.32,15.92
2026-03-25,VV-VITA-202,1,14.31,15.9
2026-03-25,VV-VITA-203,4,71.9,77.87
2026-03-25,VV-VITA-204,1,18.9,18.9
2026-03-25,VV-VITA-206,3,48.98,52.42
2026-03-25,VV-VITA-208,1,20.74,20.74
2026-03-25,VV-VITA-215,2,34.35,38.16
2026-03-25,VV-VITA-222,2,38.54,38.54
2026-03-25,VV-VITA-223,9,160.05,171.24
2026-03-25,VV-VITA-224,3,60.43,60.43
2026-03-25,VV-VITA-225,1,20.9,20.9
2026-03-25,VV-VITA-237,3,53.08,57.06
2026-03-25,VV-VITA-243,10,154.69,171.38
2026-03-25,VV-VITA-247,3,58.29,62.45
2026-03-25,VV-VITA-248,5,107.32,111.7
2026-03-25,VV-VITA-256,2,45.8,45.8
2026-03-25,VV-VITA-259,1,20.35,20.35
2026-03-25,VV-VITA-264,2,46.86,49.45
2026-03-25,VV-VITA-276,3,66.84,78.63
2026-03-25,VV-VITA-286,3,57.78,67.95
2026-03-25,VV-VITA-301,4,59.67,62.85
2026-03-25,VV-VITA-304,-1,-14.39,0
2026-03-25,VV-VITA-307,1,14.54,14.54
2026-03-25,VV-VITA-310,2,44.82,49.8
2026-03-25,VV-VITA-311,1,19.9,19.9
2026-03-25,VV-VITA-318,3,51.03,56.7
2026-03-25,VV-VITA-320,7,121.57,141.38
2026-03-25,VV-VITA-338,5,82.7,90.09
2026-03-25,VV-VITA-341,1,12.72,12.72
2026-03-25,VV-VITA-342,1,19.71,21.9
2026-03-25,VV-VITA-344,5,100.25,114.98
2026-03-25,VV-VITA-355,5,107.12,118.15
2026-03-25,VV-VITA-359,1,17.18,17.18
2026-03-25,VV-VITA-364,5,93.06,106.67
2026-03-25,VV-VITA-366,1,13.41,14.9
2026-03-25,VV-VITA-367,7,125.1,137.59
2026-03-25,VV-VITA-368,3,54.8,54.8
2026-03-25,VV-VITA-369,1,18.17,18.17
2026-03-25,VV-VITA-375,2,31.24,31.24
2026-03-25,VV-VITA-379,1,17.9,17.9
2026-03-25,VV-VITA-380,2,26.41,27.8
2026-03-25,VV-VITA-381,8,118.34,157.73
2026-03-25,VV-VITA-385,1,19,19
2026-03-25,VV-VITA-386,1,20.66,20.66
2026-03-25,VV-VITA-398,2,22.75,25.27
2026-03-25,VV-VITA-403,6,99.89,113.97
2026-03-25,VV-VITA-50,2,37.18,38.98
2026-03-25,VV-VITA-57-V,1,35.01,38.9
2026-03-25,VV-VITA-63,1,20.82,20.82
2026-03-25,VV-VITA-86,2,31.84,31.84
2026-03-25,VV-VITA-90,2,37.26,39.06
2026-03-25,VV-VITA-94,3,52.86,62.16
2026-03-26,,31,465.28,480.51
2026-03-26,NX-CVPF-VCEZ,2,39.26,43.61
2026-03-26,VV-VITA-02,2,36.35,36.35
2026-03-26,VV-VITA-101,2,42.18,44.44
2026-03-26,VV-VITA-109,1,17.01,17.01
2026-03-26,VV-VITA-116,1,18.17,18.17
2026-03-26,VV-VITA-124,6,105.94,114.39
2026-03-26,VV-VITA-151,3,55.42,65.18
2026-03-26,VV-VITA-155,9,136.16,154.5
2026-03-26,VV-VITA-158,3,81.07,90.07
2026-03-26,VV-VITA-159,3,52.86,62.16
2026-03-26,VV-VITA-171,1,27.9,27.9
2026-03-26,VV-VITA-172,1,18.68,20.75
2026-03-26,VV-VITA-173,3,44.42,44.42
2026-03-26,VV-VITA-174,4,38.73,94.5
2026-03-26,VV-VITA-183,5,84.2,129.5
2026-03-26,VV-VITA-198,2,30.46,30.46
2026-03-26,VV-VITA-199,3,53.73,59.7
2026-03-26,VV-VITA-208,2,35.82,39.8
2026-03-26,VV-VITA-215,6,80.35,113.4
2026-03-26,VV-VITA-223,32,537.97,609.02
2026-03-26,VV-VITA-224,3,57.54,61.7
2026-03-26,VV-VITA-237,15,217.32,295.86
2026-03-26,VV-VITA-243,4,54.77,61.32
2026-03-26,VV-VITA-247,2,35.82,39.8
2026-03-26,VV-VITA-248,-1,-23,0
2026-03-26,VV-VITA-250,1,17.9,17.9
2026-03-26,VV-VITA-256,8,162.62,183.2
2026-03-26,VV-VITA-257,-2,-49.77,0
2026-03-26,VV-VITA-259,6,99.98,117.56
2026-03-26,VV-VITA-264,2,51.8,51.8
2026-03-26,VV-VITA-276,3,71.09,76.07
2026-03-26,VV-VITA-277,2,23.45,23.45
2026-03-26,VV-VITA-284,1,21.25,23.6
2026-03-26,VV-VITA-297,2,35.82,39.8
2026-03-26,VV-VITA-301,4,54.48,57.22
2026-03-26,VV-VITA-303,1,17.9,17.9
2026-03-26,VV-VITA-304,3,45.37,45.37
2026-03-26,VV-VITA-310,2,44.82,49.8
2026-03-26,VV-VITA-320,16,319.35,357.48
2026-03-26,VV-VITA-326,1,21.71,21.71
2026-03-26,VV-VITA-336,5,99.5,99.5
2026-03-26,VV-VITA-338,1,16.65,16.65
2026-03-26,VV-VITA-339,8,159.2,159.2
2026-03-26,VV-VITA-341,7,92.97,92.97
2026-03-26,VV-VITA-342,9,165.22,191.68
2026-03-26,VV-VITA-344,5,96.29,107.8
2026-03-26,VV-VITA-345,1,20.9,20.9
2026-03-26,VV-VITA-351,1,19.99,19.99
2026-03-26,VV-VITA-354,1,17.37,19.3
2026-03-26,VV-VITA-355,8,161.63,184.66
2026-03-26,VV-VITA-361,1,18.63,18.63
2026-03-26,VV-VITA-362,1,19.99,19.99
2026-03-26,VV-VITA-364,11,210.87,233.37
2026-03-26,VV-VITA-367,1,17.9,17.9
2026-03-26,VV-VITA-368,5,58.2,89.5
2026-03-26,VV-VITA-377,1,13.42,13.42
2026-03-26,VV-VITA-379,2,33.41,37.12
2026-03-26,VV-VITA-381,20,292.77,305.08
2026-03-26,VV-VITA-387,1,28.55,28.55
2026-03-26,VV-VITA-389,4,94.75,100.22
2026-03-26,VV-VITA-394,1,23.63,23.63
2026-03-26,VV-VITA-395,1,16.72,16.72
2026-03-26,VV-VITA-402,1,26.2,26.2
2026-03-26,VV-VITA-403,14,241.88,276.66
2026-03-26,VV-VITA-405,1,15.9,15.9
2026-03-26,VV-VITA-411,1,18.81,20.9
2026-03-26,VV-VITA-57-V,3,106.26,109.79
2026-03-26,VV-VITA-57-V2,1,26.35,26.35
2026-03-26,VV-VITA-63,1,17.17,19.07
2026-03-26,VV-VITA-86,1,15.92,15.92
2026-03-26,VV-VITA-93,2,33.8,33.8
2026-03-26,VV-VITA-94,5,94.3,103.6
2026-03-27,,26,372.07,375.95
2026-03-27,BJ-E223-8EKW,2,50.35,50.35
2026-03-27,VV-VITA-101,12,248.21,287.62
2026-03-27,VV-VITA-109,1,18.9,18.9
2026-03-27,VV-VITA-119,1,18.9,18.9
2026-03-27,VV-VITA-121,1,18.69,18.69
2026-03-27,VV-VITA-124,6,104.85,113.3
2026-03-27,VV-VITA-146,3,46.36,54.51
2026-03-27,VV-VITA-151,2,42.99,45.35
2026-03-27,VV-VITA-153,2,35.84,39.82
2026-03-27,VV-VITA-157,1,13.9,13.9
2026-03-27,VV-VITA-158,1,25.45,25.45
2026-03-27,VV-VITA-159,8,129.06,145.36
2026-03-27,VV-VITA-166,1,19.81,19.81
2026-03-27,VV-VITA-172,1,17.46,17.46
2026-03-27,VV-VITA-174,1,18.9,18.9
2026-03-27,VV-VITA-183,5,113.91,128.14
2026-03-27,VV-VITA-188,1,14.32,14.32
2026-03-27,VV-VITA-198,2,29.08,29.08
2026-03-27,VV-VITA-202,1,15.9,15.9
2026-03-27,VV-VITA-203,1,18.17,18.17
2026-03-27,VV-VITA-204,1,17.01,18.9
2026-03-27,VV-VITA-206,3,50.12,53.7
2026-03-27,VV-VITA-208,1,19.9,19.9
2026-03-27,VV-VITA-222,1,19.12,19.12
2026-03-27,VV-VITA-223,22,352.01,390.16
2026-03-27,VV-VITA-224,7,119.02,140.59
2026-03-27,VV-VITA-231,0,13.24,81.26
2026-03-27,VV-VITA-243,16,244.32,278.3
2026-03-27,VV-VITA-256,8,158.83,178.56
2026-03-27,VV-VITA-276,1,23.63,23.63
2026-03-27,VV-VITA-277,1,12.9,12.9
2026-03-27,VV-VITA-304,1,16.35,16.35
2026-03-27,VV-VITA-307,4,52.34,58.14
2026-03-27,VV-VITA-31,2,39.42,43.8
2026-03-27,VV-VITA-311,3,50.76,59.7
2026-03-27,VV-VITA-320,16,321.88,359.37
2026-03-27,VV-VITA-338,4,52.85,59.34
2026-03-27,VV-VITA-341,3,37.97,39.25
2026-03-27,VV-VITA-342,2,34.53,36.33
2026-03-27,VV-VITA-344,1,23.63,23.63
2026-03-27,VV-VITA-345,1,20.9,20.9
2026-03-27,VV-VITA-354,3,66.18,70.88
2026-03-27,VV-VITA-355,4,85.34,96.37
2026-03-27,VV-VITA-356,2,31.07,32.7
2026-03-27,VV-VITA-358,3,68.15,68.15
2026-03-27,VV-VITA-361,1,16.36,18.16
2026-03-27,VV-VITA-364,7,133.54,149.05
2026-03-27,VV-VITA-366,1,14.9,14.9
2026-03-27,VV-VITA-368,1,16.36,18.16
2026-03-27,VV-VITA-375,2,34.1,36.09
2026-03-27,VV-VITA-377,5,70.03,74.5
2026-03-27,VV-VITA-380,1,13.9,13.9
2026-03-27,VV-VITA-381,9,135.38,138.82
2026-03-27,VV-VITA-389,3,65.36,69.88
2026-03-27,VV-VITA-395,1,16.72,16.72
2026-03-27,VV-VITA-403,4,70.66,79.6
2026-03-27,VV-VITA-405,1,15.9,15.9
2026-03-27,VV-VITA-407,1,22.32,22.32
2026-03-27,VV-VITA-408,7,0,177.48
2026-03-27,VV-VITA-411,1,21.81,21.81
2026-03-27,VV-VITA-57-V2,3,65.74,70.52
2026-03-27,VV-VITA-63,1,22.9,22.9
2026-03-27,VV-VITA-90,1,18.17,18.17
2026-03-27,VV-VITA-94,8,145.89,167.91
2026-03-28,,35,531.97,560.8
2026-03-28,VV-VITA-02,4,55.47,73.96
2026-03-28,VV-VITA-121,1,17.1,17.1
2026-03-28,VV-VITA-124,2,36.08,36.08
2026-03-28,VV-VITA-129,2,36.35,36.35
2026-03-28,VV-VITA-157,5,84.39,84.39
2026-03-28,VV-VITA-159,2,38.89,38.89
2026-03-28,VV-VITA-166,3,52.92,58.8
2026-03-28,VV-VITA-171,4,94.29,110.32
2026-03-28,VV-VITA-174,2,42.35,42.35
2026-03-28,VV-VITA-183,2,50.04,50.04
2026-03-28,VV-VITA-188,2,28.95,28.95
2026-03-28,VV-VITA-189,1,19.72,21.9
2026-03-28,VV-VITA-197,2,41.12,45.68
2026-03-28,VV-VITA-198,2,29.56,29.56
2026-03-28,VV-VITA-202,2,28.99,32.21
2026-03-28,VV-VITA-203,4,66.27,74.42
2026-03-28,VV-VITA-222,3,53.53,57.36
2026-03-28,VV-VITA-223,20,319.31,354.99
2026-03-28,VV-VITA-224,3,52.71,62.01
2026-03-28,VV-VITA-243,12,180.76,207.54
2026-03-28,VV-VITA-248,1,20.56,22.84
2026-03-28,VV-VITA-250,1,17.9,17.9
2026-03-28,VV-VITA-256,3,64.12,68.7
2026-03-28,VV-VITA-259,2,40.7,40.7
2026-03-28,VV-VITA-264,1,22.65,22.65
2026-03-28,VV-VITA-276,1,23.49,26.1
2026-03-28,VV-VITA-277,1,15.07,15.07
2026-03-28,VV-VITA-284,3,57.95,68.14
2026-03-28,VV-VITA-297,1,18.59,20.66
2026-03-28,VV-VITA-298,2,46.53,46.53
2026-03-28,VV-VITA-304,3,45.71,47.15
2026-03-28,VV-VITA-308,2,47.26,47.26
2026-03-28,VV-VITA-310,2,44.12,46.61
2026-03-28,VV-VITA-320,7,127.95,141.37
2026-03-28,VV-VITA-326,4,79.89,93.96
2026-03-28,VV-VITA-338,5,81.1,90.09
2026-03-28,VV-VITA-341,3,37.97,39.25
2026-03-28,VV-VITA-342,3,59.09,63.22
2026-03-28,VV-VITA-344,1,23.63,23.63
2026-03-28,VV-VITA-354,3,59.13,65.7
2026-03-28,VV-VITA-355,1,19.57,19.57
2026-03-28,VV-VITA-356,6,104.63,117.23
2026-03-28,VV-VITA-361,4,61.57,66.64
2026-03-28,VV-VITA-364,14,268.38,300.54
2026-03-28,VV-VITA-374,1,19.08,19.08
2026-03-28,VV-VITA-375,1,15.45,15.45
2026-03-28,VV-VITA-376,4,58.72,65.24
2026-03-28,VV-VITA-377,6,79.73,89.4
2026-03-28,VV-VITA-379,1,19.08,19.08
2026-03-28,VV-VITA-381,11,151.98,163.9
2026-03-28,VV-VITA-394,1,23.63,23.63
2026-03-28,VV-VITA-395,3,51.56,51.56
2026-03-28,VV-VITA-402,1,23.49,26.1
2026-03-28,VV-VITA-408,6,23.63,150.31
2026-03-28,VV-VITA-50,6,119.41,121.4
2026-03-28,VV-VITA-57-V2,2,45.44,45.44
2026-03-28,VV-VITA-86,2,31.84,31.84
2026-03-28,VV-VITA-88,1,22.51,25.01
2026-03-28,VV-VITA-94,5,95.29,103.15
2026-03-29,,36,552.94,576.48
2026-03-29,VV-VITA-101,3,64.14,71.25
2026-03-29,VV-VITA-119,2,37.8,37.8
2026-03-29,VV-VITA-124,3,49.91,58.69
2026-03-29,VV-VITA-153,3,56.78,58.57
2026-03-29,VV-VITA-157,1,12.51,13.9
2026-03-29,VV-VITA-158,3,65.03,76.48
2026-03-29,VV-VITA-171,2,51.01,56.67
2026-03-29,VV-VITA-189,3,59.13,65.7
2026-03-29,VV-VITA-198,2,29.08,29.08
2026-03-29,VV-VITA-199,1,19.9,19.9
2026-03-29,VV-VITA-203,3,52.58,54.19
2026-03-29,VV-VITA-208,1,17.91,19.9
2026-03-29,VV-VITA-222,5,74.88,95.6
2026-03-29,VV-VITA-223,19,316.63,356.74
2026-03-29,VV-VITA-224,10,178.55,203.57
2026-03-29,VV-VITA-225,1,18.81,20.9
2026-03-29,VV-VITA-243,7,102.66,125.4
2026-03-29,VV-VITA-248,2,41.81,41.81
2026-03-29,VV-VITA-250,1,17.9,17.9
2026-03-29,VV-VITA-256,2,43.29,45.55
2026-03-29,VV-VITA-257,4,95.51,107.6
2026-03-29,VV-VITA-264,1,25.9,25.9
2026-03-29,VV-VITA-276,3,68.35,75.95
2026-03-29,VV-VITA-277,2,32.71,32.71
2026-03-29,VV-VITA-284,2,42.19,44.36
2026-03-29,VV-VITA-297,1,21.81,21.81
2026-03-29,VV-VITA-301,1,15.09,15.09
2026-03-29,VV-VITA-307,1,13.08,14.53
2026-03-29,VV-VITA-308,5,101.02,116.14
2026-03-29,VV-VITA-310,2,40.28,42.54
2026-03-29,VV-VITA-311,1,19.9,19.9
2026-03-29,VV-VITA-320,10,234.66,252.63
2026-03-29,VV-VITA-336,1,19.9,19.9
2026-03-29,VV-VITA-339,3,57.63,59.61
2026-03-29,VV-VITA-341,4,51.37,54.39
2026-03-29,VV-VITA-342,1,24.24,24.24
2026-03-29,VV-VITA-344,2,42.55,47.25
2026-03-29,VV-VITA-355,3,62.23,69.14
2026-03-29,VV-VITA-356,5,73.92,85.1
2026-03-29,VV-VITA-357,5,85.05,94.5
2026-03-29,VV-VITA-358,1,15.61,17.34
2026-03-29,VV-VITA-364,10,206.03,219.01
2026-03-29,VV-VITA-366,3,46.77,46.77
2026-03-29,VV-VITA-368,1,17.1,19
2026-03-29,VV-VITA-376,1,16.97,16.97
2026-03-29,VV-VITA-377,3,41.72,44.7
2026-03-29,VV-VITA-379,4,66.23,74.55
2026-03-29,VV-VITA-381,5,74.39,77.68
2026-03-29,VV-VITA-382,1,18.9,18.9
2026-03-29,VV-VITA-385,1,19.99,19.99
2026-03-29,VV-VITA-387,1,24.46,27.17
2026-03-29,VV-VITA-389,4,78.4,90.85
2026-03-29,VV-VITA-394,1,25.5,25.5
2026-03-29,VV-VITA-395,2,31.84,31.84
2026-03-29,VV-VITA-398,3,37.53,41.7
2026-03-29,VV-VITA-403,9,159.6,179.1
2026-03-29,VV-VITA-407,3,51.76,60.86
2026-03-29,VV-VITA-408,5,0,125.5
2026-03-29,VV-VITA-411,1,20.9,20.9
2026-03-29,VV-VITA-50,3,54.25,58.06
2026-03-29,VV-VITA-63,2,34.35,38.16
2026-03-29,VV-VITA-86,2,28.86,28.86
2026-03-29,VV-VITA-90,2,41.8,41.8
2026-03-29,VV-VITA-93,1,17.99,19.98
2026-03-29,VV-VITA-94,3,60.5,64.64
2026-03-30,,43,591.07,600.78
2026-03-30,CW-KVIN-V39Y,3,53.31,62.7
2026-03-30,NX-CVPF-VCEZ,4,74.18,87.23
2026-03-30,VV-VITA-02,1,15.45,15.45
2026-03-30,VV-VITA-116,2,35.8,35.8
2026-03-30,VV-VITA-121,2,35.48,43.8
2026-03-30,VV-VITA-124,2,42.38,47.08
2026-03-30,VV-VITA-146,1,16.92,16.92
2026-03-30,VV-VITA-151,7,157.27,169.72
2026-03-30,VV-VITA-155,2,39.44,39.44
2026-03-30,VV-VITA-159,6,133.94,149.85
2026-03-30,VV-VITA-165,3,69.33,81.54
2026-03-30,VV-VITA-173,20,293.96,313.88
2026-03-30,VV-VITA-183,3,56.16,66.06
2026-03-30,VV-VITA-198,1,14.54,14.54
2026-03-30,VV-VITA-203,3,53.73,57.71
2026-03-30,VV-VITA-208,4,70.66,79.6
2026-03-30,VV-VITA-222,3,63.39,63.39
2026-03-30,VV-VITA-223,17,327.65,359.76
2026-03-30,VV-VITA-224,9,163.74,179.3
2026-03-30,VV-VITA-243,10,165.24,185.07
2026-03-30,VV-VITA-247,3,57.37,61.53
2026-03-30,VV-VITA-248,11,174.45,208.81
2026-03-30,VV-VITA-256,1,22.65,22.65
2026-03-30,VV-VITA-257,3,52.16,68.14
2026-03-30,VV-VITA-259,1,21.63,21.63
2026-03-30,VV-VITA-264,8,167.64,187.68
2026-03-30,VV-VITA-276,7,128.24,177.04
2026-03-30,VV-VITA-284,2,46.62,46.62
2026-03-30,VV-VITA-298,3,60.2,70.8
2026-03-30,VV-VITA-301,2,28.66,31.84
2026-03-30,VV-VITA-308,1,22.02,22.02
2026-03-30,VV-VITA-310,6,114.29,134.42
2026-03-30,VV-VITA-311,1,20.76,20.76
2026-03-30,VV-VITA-316,1,15.38,15.38
2026-03-30,VV-VITA-320,12,252.9,264.66
2026-03-30,VV-VITA-326,2,32.38,49.8
2026-03-30,VV-VITA-336,1,18.17,18.17
2026-03-30,VV-VITA-338,3,51.38,51.38
2026-03-30,VV-VITA-339,6,82.61,119.4
2026-03-30,VV-VITA-341,2,28.68,30.27
2026-03-30,VV-VITA-342,3,56.8,58.99
2026-03-30,VV-VITA-354,4,72.94,81.04
2026-03-30,VV-VITA-355,2,38.62,38.62
2026-03-30,VV-VITA-359,4,71.97,79.96
2026-03-30,VV-VITA-361,7,102.08,127.65
2026-03-30,VV-VITA-364,18,352.3,399.38
2026-03-30,VV-VITA-375,1,15.2,15.2
2026-03-30,VV-VITA-377,3,35.44,40.24
2026-03-30,VV-VITA-381,25,330.08,374.25
2026-03-30,VV-VITA-383,1,20.76,20.76
2026-03-30,VV-VITA-386,3,64.88,64.88
2026-03-30,VV-VITA-387,2,53.27,53.27
2026-03-30,VV-VITA-391,1,24.54,24.54
2026-03-30,VV-VITA-395,2,37.8,37.8
2026-03-30,VV-VITA-402,1,21.17,21.17
2026-03-30,VV-VITA-403,13,207,258.7
2026-03-30,VV-VITA-407,3,60.51,71.16
2026-03-30,VV-VITA-408,7,1.27,182.34
2026-03-30,VV-VITA-411,1,17.77,17.77
2026-03-30,VV-VITA-50,1,18.77,18.77
2026-03-30,VV-VITA-57-V2,2,47.86,50.25
2026-03-30,VV-VITA-63,5,82.09,95.39
2026-03-30,VV-VITA-86,1,15.92,15.92
2026-03-30,VV-VITA-88,5,77.68,101.6
2026-03-30,VV-VITA-90,1,20.9,20.9
2026-03-30,VV-VITA-94,2,42.74,42.74
2026-03-31,,27,422.44,476.8
2026-03-31,CW-KVIN-V39Y,2,49.31,54.78
2026-03-31,VV-VITA-02,4,54.84,60.92
2026-03-31,VV-VITA-101,4,94.57,99.32
2026-03-31,VV-VITA-109,1,14.46,14.46
2026-03-31,VV-VITA-116,5,80.98,80.98
2026-03-31,VV-VITA-121,1,19.71,21.9
2026-03-31,VV-VITA-124,6,126.88,142.16
2026-03-31,VV-VITA-129,1,15.45,15.45
2026-03-31,VV-VITA-142,3,66.06,77.7
2026-03-31,VV-VITA-151,3,59.17,65.73
2026-03-31,VV-VITA-153,2,32.25,39.81
2026-03-31,VV-VITA-155,1,23.6,23.6
2026-03-31,VV-VITA-157,4,47.27,51.2
2026-03-31,VV-VITA-158,1,26.27,26.27
2026-03-31,VV-VITA-159,2,46.62,51.8
2026-03-31,VV-VITA-165,1,25.51,28.34
2026-03-31,VV-VITA-171,1,27.9,27.9
2026-03-31,VV-VITA-173,2,30.76,30.76
2026-03-31,VV-VITA-183,1,22.02,22.02
2026-03-31,VV-VITA-190,3,50.76,50.76
2026-03-31,VV-VITA-198,4,64.6,64.6
2026-03-31,VV-VITA-199,1,19.9,19.9
2026-03-31,VV-VITA-203,2,32.25,55.73
2026-03-31,VV-VITA-204,-1,-17.01,0
2026-03-31,VV-VITA-208,7,120.42,139.3
2026-03-31,VV-VITA-222,4,77.22,81.28
2026-03-31,VV-VITA-223,12,259.52,323.24
2026-03-31,VV-VITA-224,6,109,121.11
2026-03-31,VV-VITA-237,-10,-129.4,0
2026-03-31,VV-VITA-243,12,201.1,224.52
2026-03-31,VV-VITA-248,-2,-36.17,0
2026-03-31,VV-VITA-252,2,43.63,43.63
2026-03-31,VV-VITA-256,2,46.53,46.53
2026-03-31,VV-VITA-257,1,24.45,24.45
2026-03-31,VV-VITA-259,1,18.35,18.35
2026-03-31,VV-VITA-276,2,48.71,51.34
2026-03-31,VV-VITA-277,0,1.83,16.35
2026-03-31,VV-VITA-297,1,19.9,19.9
2026-03-31,VV-VITA-303,1,15.22,15.22
2026-03-31,VV-VITA-304,1,13.01,14.45
2026-03-31,VV-VITA-308,4,70.47,79.49
2026-03-31,VV-VITA-310,-4,-85.22,0
2026-03-31,VV-VITA-311,4,55.64,61.78
2026-03-31,VV-VITA-318,1,13.9,15.44
2026-03-31,VV-VITA-320,4,87.69,99.78
2026-03-31,VV-VITA-326,2,34.36,38.15
2026-03-31,VV-VITA-336,-1,-17.91,0
2026-03-31,VV-VITA-338,1,18.54,18.54
2026-03-31,VV-VITA-339,1,19.08,19.08
2026-03-31,VV-VITA-341,1,17.26,17.26
2026-03-31,VV-VITA-342,2,40.07,40.07
2026-03-31,VV-VITA-344,5,97.96,112.42
2026-03-31,VV-VITA-346,3,41.7,43.24
2026-03-31,VV-VITA-351,3,51,59.97
2026-03-31,VV-VITA-355,3,55.35,59.35
2026-03-31,VV-VITA-356,2,37.09,37.09
2026-03-31,VV-VITA-364,3,55.86,65.7
2026-03-31,VV-VITA-367,-3,-46.36,0
2026-03-31,VV-VITA-371,1,18.86,18.86
2026-03-31,VV-VITA-377,3,36.74,36.74
2026-03-31,VV-VITA-379,2,34.36,38.15
2026-03-31,VV-VITA-380,2,23.64,23.64
2026-03-31,VV-VITA-381,7,105.68,121.56
2026-03-31,VV-VITA-389,6,129.73,144.12
2026-03-31,VV-VITA-391,5,108.77,108.77
2026-03-31,VV-VITA-395,3,57.89,57.89
2026-03-31,VV-VITA-398,2,25.02,27.8
2026-03-31,VV-VITA-400,1,16.92,16.92
2026-03-31,VV-VITA-403,4,75.62,79.6
2026-03-31,VV-VITA-408,6,0,129.64
2026-03-31,VV-VITA-411,2,36.31,36.31
2026-03-31,VV-VITA-50,1,17.83,19.81
2026-03-31,VV-VITA-63,3,60.3,64.88
2026-03-31,VV-VITA-94,2,46.67,46.67
2026-04-01,,11,172.07,174.25
2026-04-01,BJ-E223-8EKW,1,25.45,25.45
2026-04-01,NX-CVPF-VCEZ,4,68.78,77.05
2026-04-01,TU-QNYD-JRRX,1,18.9,18.9
2026-04-01,VV-VITA-101,3,64.76,69.52
2026-04-01,VV-VITA-109,3,44.54,44.54
2026-04-01,VV-VITA-116,1,17.9,17.9
2026-04-01,VV-VITA-121,1,22.72,22.72
2026-04-01,VV-VITA-124,1,23.55,23.55
2026-04-01,VV-VITA-129,1,14.61,14.61
2026-04-01,VV-VITA-136,1,22.72,22.72
2026-04-01,VV-VITA-142,3,66.06,77.7
2026-04-01,VV-VITA-146,3,45.91,49.29
2026-04-01,VV-VITA-151,3,67.36,69.52
2026-04-01,VV-VITA-153,2,25.88,39.8
2026-04-01,VV-VITA-155,4,62.67,81.23
2026-04-01,VV-VITA-157,2,24.95,24.95
2026-04-01,VV-VITA-158,4,114.77,121.15
2026-04-01,VV-VITA-159,8,151.21,197.64
2026-04-01,VV-VITA-168,2,44.23,46.62
2026-04-01,VV-VITA-171,3,69.11,73.76
2026-04-01,VV-VITA-172,2,40.9,45.43
2026-04-01,VV-VITA-173,5,72.14,80.11
2026-04-01,VV-VITA-186,1,20.07,20.07
2026-04-01,VV-VITA-188,1,15.38,15.38
2026-04-01,VV-VITA-198,4,60.17,63.26
2026-04-01,VV-VITA-203,1,18.17,18.17
2026-04-01,VV-VITA-204,1,18.9,18.9
2026-04-01,VV-VITA-207,2,36.61,40.66
2026-04-01,VV-VITA-208,6,101.52,119.4
2026-04-01,VV-VITA-215,2,38.16,38.16
2026-04-01,VV-VITA-222,2,36.58,40.64
2026-04-01,VV-VITA-223,18,342.76,407.54
2026-04-01,VV-VITA-224,2,38.71,38.71
2026-04-01,VV-VITA-243,10,152.45,186.2
2026-04-01,VV-VITA-247,6,101.56,119.44
2026-04-01,VV-VITA-252,2,42.53,47.25
2026-04-01,VV-VITA-256,4,73.73,81.91
2026-04-01,VV-VITA-258,1,18.9,18.9
2026-04-01,VV-VITA-259,1,21.63,21.63
2026-04-01,VV-VITA-264,1,22.02,22.02
2026-04-01,VV-VITA-276,1,24.9,24.9
2026-04-01,VV-VITA-284,1,22.72,22.72
2026-04-01,VV-VITA-297,1,17.91,19.9
2026-04-01,VV-VITA-298,3,53.41,69.43
2026-04-01,VV-VITA-303,1,16.92,16.92
2026-04-01,VV-VITA-304,1,14.73,16.35
2026-04-01,VV-VITA-308,4,77.71,88.08
2026-04-01,VV-VITA-31,1,15.38,15.38
2026-04-01,VV-VITA-311,2,33.84,33.84
2026-04-01,VV-VITA-320,11,233.62,254.88
2026-04-01,VV-VITA-326,7,140.46,155.43
2026-04-01,VV-VITA-338,1,16.92,16.92
2026-04-01,VV-VITA-339,1,19.81,19.81
2026-04-01,VV-VITA-341,1,14.31,15.9
2026-04-01,VV-VITA-342,5,83.96,93.28
2026-04-01,VV-VITA-344,2,44.82,49.8
2026-04-01,VV-VITA-345,2,41.8,41.8
2026-04-01,VV-VITA-354,4,53.81,65.16
2026-04-01,VV-VITA-355,3,54.07,57.92
2026-04-01,VV-VITA-356,7,121.88,139.68
2026-04-01,VV-VITA-359,1,16.99,16.99
2026-04-01,VV-VITA-363,1,10.99,14.37
2026-04-01,VV-VITA-364,19,330.03,413.98
2026-04-01,VV-VITA-368,1,18.45,18.45
2026-04-01,VV-VITA-369,1,15.45,15.45
2026-04-01,VV-VITA-371,5,63.74,84.04
2026-04-01,VV-VITA-376,2,32.18,32.18
2026-04-01,VV-VITA-377,10,115.56,131.44
2026-04-01,VV-VITA-379,8,111.69,132.88
2026-04-01,VV-VITA-381,9,133.62,135.11
2026-04-01,VV-VITA-386,7,133.35,133.35
2026-04-01,VV-VITA-389,2,40.91,45.43
2026-04-01,VV-VITA-39,3,46.36,54.51
2026-04-01,VV-VITA-391,2,49.08,49.08
2026-04-01,VV-VITA-394,5,67.95,104.5
2026-04-01,VV-VITA-395,1,18.9,18.9
2026-04-01,VV-VITA-398,3,28.37,33.36
2026-04-01,VV-VITA-403,4,70.66,79.6
2026-04-01,VV-VITA-407,3,60.51,71.16
2026-04-01,VV-VITA-408,8,0,171.13
2026-04-01,VV-VITA-411,7,102.35,120.36
2026-04-01,VV-VITA-86,3,59.7,59.7
2026-04-01,VV-VITA-88,4,73.02,82.59
2026-04-01,VV-VITA-90,1,18.17,18.17
2026-04-01,VV-VITA-93,2,26.02,28.91
2026-04-01,VV-VITA-94,6,109.5,127.13
2026-04-02,,38,597.7,661.25
2026-04-02,BJ-E223-8EKW,4,88.96,100.15
2026-04-02,TU-QNYD-JRRX,1,18.9,18.9
2026-04-02,VV-VITA-101,2,45.95,48.54
2026-04-02,VV-VITA-111,2,35.52,35.52
2026-04-02,VV-VITA-129,1,16.07,16.07
2026-04-02,VV-VITA-142,1,18.68,20.75
2026-04-02,VV-VITA-151,3,69.11,74.39
2026-04-02,VV-VITA-153,4,66.45,75.39
2026-04-02,VV-VITA-155,6,118.54,134.4
2026-04-02,VV-VITA-157,1,13.13,13.13
2026-04-02,VV-VITA-159,7,146.61,165.38
2026-04-02,VV-VITA-165,4,92.73,109.05
2026-04-02,VV-VITA-166,3,51.22,60.24
2026-04-02,VV-VITA-171,4,85.11,95.3
2026-04-02,VV-VITA-173,1,16.92,16.92
2026-04-02,VV-VITA-183,1,22.02,22.02
2026-04-02,VV-VITA-198,1,16.92,16.92
2026-04-02,VV-VITA-202,3,34.34,38.15
2026-04-02,VV-VITA-203,1,19.9,19.9
2026-04-02,VV-VITA-222,3,55.33,55.33
2026-04-02,VV-VITA-223,9,154.62,188.09
2026-04-02,VV-VITA-224,1,18.81,20.9
2026-04-02,VV-VITA-231,-2,-48.93,0
2026-04-02,VV-VITA-237,1,16.92,16.92
2026-04-02,VV-VITA-243,4,65.88,74.9
2026-04-02,VV-VITA-247,1,15.62,20.82
2026-04-02,VV-VITA-256,1,22.64,22.64
2026-04-02,VV-VITA-259,5,95.88,108.12
2026-04-02,VV-VITA-264,2,39.64,44.04
2026-04-02,VV-VITA-276,3,53.18,70.87
2026-04-02,VV-VITA-297,3,50.76,59.7
2026-04-02,VV-VITA-298,3,63.3,68.02
2026-04-02,VV-VITA-301,-2,-28.66,0
2026-04-02,VV-VITA-304,3,43.17,46.15
2026-04-02,VV-VITA-31,2,33.52,37.24
2026-04-02,VV-VITA-310,4,85.22,96.41
2026-04-02,VV-VITA-311,3,41.14,44.21
2026-04-02,VV-VITA-319,2,39.84,39.84
2026-04-02,VV-VITA-320,4,68.72,76.3
2026-04-02,VV-VITA-326,1,21.73,21.73
2026-04-02,VV-VITA-339,1,17.18,19.07
2026-04-02,VV-VITA-341,2,33.16,33.16
2026-04-02,VV-VITA-342,7,107.96,146.59
2026-04-02,VV-VITA-344,1,24.9,24.9
2026-04-02,VV-VITA-351,1,17.91,19.9
2026-04-02,VV-VITA-354,1,19.25,19.25
2026-04-02,VV-VITA-355,10,181.56,204.17
2026-04-02,VV-VITA-356,1,12.27,16.35
2026-04-02,VV-VITA-361,2,35.27,37.17
2026-04-02,VV-VITA-362,2,30,39.98
2026-04-02,VV-VITA-363,1,14.37,14.37
2026-04-02,VV-VITA-364,1,17.24,17.24
2026-04-02,VV-VITA-366,1,13.55,13.55
2026-04-02,VV-VITA-368,2,28.92,30.44
2026-04-02,VV-VITA-375,1,15.2,15.2
2026-04-02,VV-VITA-377,8,94.54,109.68
2026-04-02,VV-VITA-381,11,161.2,174.3
2026-04-02,VV-VITA-386,1,14.66,14.66
2026-04-02,VV-VITA-391,1,24.54,24.54
2026-04-02,VV-VITA-395,1,22.65,22.65
2026-04-02,VV-VITA-398,1,10.01,11.12
2026-04-02,VV-VITA-402,3,54,63.51
2026-04-02,VV-VITA-403,2,37.81,39.8
2026-04-02,VV-VITA-408,6,19.42,128.95
2026-04-02,VV-VITA-411,1,17.77,17.77
2026-04-02,VV-VITA-63,2,28.64,38.16
2026-04-02,VV-VITA-86,2,23.88,39.8
2026-04-02,VV-VITA-88,4,65.27,81.28
2026-04-02,VV-VITA-90,4,69.62,77.94
2026-04-03,,31,476.83,509.5
2026-04-03,BJ-E223-8EKW,2,44.82,49.8
2026-04-03,NX-CVPF-VCEZ,2,39.27,43.61
2026-04-03,VV-VITA-105,1,19.81,19.81
2026-04-03,VV-VITA-109,1,15.99,15.99
2026-04-03,VV-VITA-116,1,18.46,18.46
2026-04-03,VV-VITA-121,6,121.58,136.29
2026-04-03,VV-VITA-151,1,21.51,23.9
2026-04-03,VV-VITA-153,1,19.9,19.9
2026-04-03,VV-VITA-155,2,41.8,41.8
2026-04-03,VV-VITA-157,2,21.28,23.64
2026-04-03,VV-VITA-158,4,106.81,121.15
2026-04-03,VV-VITA-166,1,16.92,16.92
2026-04-03,VV-VITA-168,1,20.45,22.71
2026-04-03,VV-VITA-183,1,20.02,20.02
2026-04-03,VV-VITA-190,1,17.76,17.76
2026-04-03,VV-VITA-197,1,22.41,24.9
2026-04-03,VV-VITA-198,2,34.68,34.68
2026-04-03,VV-VITA-203,5,86.58,99.5
2026-04-03,VV-VITA-215,6,102.06,113.4
2026-04-03,VV-VITA-222,1,20.08,20.08
2026-04-03,VV-VITA-223,11,228.65,259.65
2026-04-03,VV-VITA-243,8,125.76,150.92
2026-04-03,VV-VITA-247,3,50.78,59.72
2026-04-03,VV-VITA-257,4,95.98,112.92
2026-04-03,VV-VITA-264,1,22.02,22.02
2026-04-03,VV-VITA-277,1,12.9,12.9
2026-04-03,VV-VITA-284,1,22.72,22.72
2026-04-03,VV-VITA-298,1,22.9,22.9
2026-04-03,VV-VITA-303,1,13.9,13.9
2026-04-03,VV-VITA-304,2,32.71,32.71
2026-04-03,VV-VITA-31,2,37.24,37.24
2026-04-03,VV-VITA-310,5,100.19,119.96
2026-04-03,VV-VITA-311,3,43.27,46.34
2026-04-03,VV-VITA-320,13,245.15,279.53
2026-04-03,VV-VITA-336,4,71.64,79.6
2026-04-03,VV-VITA-339,1,19.9,19.9
2026-04-03,VV-VITA-341,2,28.78,30.22
2026-04-03,VV-VITA-342,6,108.73,118.76
2026-04-03,VV-VITA-344,4,80.64,93.5
2026-04-03,VV-VITA-355,10,168.26,194.54
2026-04-03,VV-VITA-361,6,97.24,109.02
2026-04-03,VV-VITA-363,2,26.13,26.13
2026-04-03,VV-VITA-364,9,185.84,207.45
2026-04-03,VV-VITA-368,1,14.76,18.45
2026-04-03,VV-VITA-374,1,16.22,16.22
2026-04-03,VV-VITA-375,1,19.99,19.99
2026-04-03,VV-VITA-377,2,24.26,25.41
2026-04-03,VV-VITA-381,7,100.75,105.3
2026-04-03,VV-VITA-382,1,18.9,18.9
2026-04-03,VV-VITA-391,1,17.91,19.9
2026-04-03,VV-VITA-395,1,20.9,20.9
2026-04-03,VV-VITA-398,3,46.36,54.51
2026-04-03,VV-VITA-402,1,21.17,21.17
2026-04-03,VV-VITA-403,4,73.63,79.6
2026-04-03,VV-VITA-405,1,14.31,15.9
2026-04-03,VV-VITA-408,3,0,65.89
2026-04-03,VV-VITA-50,3,59.7,59.7
2026-04-03,VV-VITA-86,2,40.91,45.44
2026-04-03,VV-VITA-90,1,19.81,19.81
2026-04-03,VV-VITA-94,6,120.98,134.39
2026-04-04,,24,356.31,392.3
2026-04-04,BJ-E223-8EKW,7,149.43,174.3
2026-04-04,TU-QNYD-JRRX,50,614.5,945
2026-04-04,VV-VITA-101,3,50.53,59.43
2026-04-04,VV-VITA-109,1,14.46,16.07
2026-04-04,VV-VITA-111,1,14.21,17.76
2026-04-04,VV-VITA-119,1,18.9,18.9
2026-04-04,VV-VITA-124,1,23.55,23.55
2026-04-04,VV-VITA-151,1,23.9,23.9
2026-04-04,VV-VITA-155,2,29.62,32.91
2026-04-04,VV-VITA-159,1,18.18,22.71
2026-04-04,VV-VITA-168,1,22.72,22.72
2026-04-04,VV-VITA-173,3,47.81,47.81
2026-04-04,VV-VITA-198,4,61.78,61.78
2026-04-04,VV-VITA-199,2,35.82,39.8
2026-04-04,VV-VITA-202,2,32.04,32.04
2026-04-04,VV-VITA-203,4,61.82,72.69
2026-04-04,VV-VITA-222,1,19.25,19.25
2026-04-04,VV-VITA-223,10,200.61,226.42
2026-04-04,VV-VITA-224,5,90.68,104.21
2026-04-04,VV-VITA-243,17,284.07,320.49
2026-04-04,VV-VITA-247,4,70.66,79.6
2026-04-04,VV-VITA-248,4,62.93,70.9
2026-04-04,VV-VITA-256,1,22.9,22.9
2026-04-04,VV-VITA-257,3,77.62,83.26
2026-04-04,VV-VITA-258,1,18.9,18.9
2026-04-04,VV-VITA-259,5,104.23,108.53
2026-04-04,VV-VITA-276,5,113.64,123.32
2026-04-04,VV-VITA-297,2,37.47,41.63
2026-04-04,VV-VITA-304,3,47.6,47.6
2026-04-04,VV-VITA-307,3,48.06,48.06
2026-04-04,VV-VITA-310,4,83.05,96.41
2026-04-04,VV-VITA-311,6,86.92,94.14
2026-04-04,VV-VITA-316,2,22.24,27.8
2026-04-04,VV-VITA-320,1,19.08,19.08
2026-04-04,VV-VITA-338,6,69.63,81.87
2026-04-04,VV-VITA-341,3,47.25,47.25
2026-04-04,VV-VITA-342,3,56.05,58.24
2026-04-04,VV-VITA-344,3,60.27,70.87
2026-04-04,VV-VITA-351,1,19.99,19.99
2026-04-04,VV-VITA-354,3,53.09,57.08
2026-04-04,VV-VITA-355,5,76.24,96.7
2026-04-04,VV-VITA-356,2,32.22,35.8
2026-04-04,VV-VITA-359,4,64.28,64.28
2026-04-04,VV-VITA-361,2,33.39,35.07
2026-04-04,VV-VITA-363,6,85.81,90.18
2026-04-04,VV-VITA-364,10,169.82,194.54
2026-04-04,VV-VITA-366,3,46.34,46.34
2026-04-04,VV-VITA-376,1,17.26,17.26
2026-04-04,VV-VITA-377,4,42.94,59
2026-04-04,VV-VITA-378,3,46.34,46.34
2026-04-04,VV-VITA-379,1,16.11,17.9
2026-04-04,VV-VITA-381,8,110.42,120.38
2026-04-04,VV-VITA-386,1,16.41,16.41
2026-04-04,VV-VITA-387,1,24.72,24.72
2026-04-04,VV-VITA-389,1,22.72,22.72
2026-04-04,VV-VITA-39,3,55.63,65.43
2026-04-04,VV-VITA-391,2,44.44,44.44
2026-04-04,VV-VITA-394,4,76.26,88.2
2026-04-04,VV-VITA-395,1,16.72,20.9
2026-04-04,VV-VITA-402,2,39.14,41.25
2026-04-04,VV-VITA-403,2,37.81,39.8
2026-04-04,VV-VITA-405,1,15.9,15.9
2026-04-04,VV-VITA-407,3,68.24,70.61
2026-04-04,VV-VITA-408,4,0,88.36
2026-04-04,VV-VITA-411,3,50.4,52.18
2026-04-04,VV-VITA-63,2,41.98,41.98
2026-04-04,VV-VITA-90,1,18.81,20.9
2026-04-04,VV-VITA-94,5,92.76,114.24
2026-04-05,,14,202.59,218.82
2026-04-05,BJ-E223-8EKW,1,25.45,25.45
2026-04-05,VV-VITA-101,4,74.18,87.23
2026-04-05,VV-VITA-116,2,35.66,39.62
2026-04-05,VV-VITA-121,3,48.46,56.99
2026-04-05,VV-VITA-124,8,156.94,195.77
2026-04-05,VV-VITA-155,3,53.31,62.7
2026-04-05,VV-VITA-159,3,58.29,77.7
2026-04-05,VV-VITA-165,1,24.54,27.26
2026-04-05,VV-VITA-166,1,20.08,20.08
2026-04-05,VV-VITA-170,1,18.9,18.9
2026-04-05,VV-VITA-174,2,38.62,38.62
2026-04-05,VV-VITA-188,1,11.51,12.78
2026-04-05,VV-VITA-198,3,49.29,49.29
2026-04-05,VV-VITA-203,3,46.57,54.77
2026-04-05,VV-VITA-208,3,55.72,59.7
2026-04-05,VV-VITA-222,3,50.26,57.26
2026-04-05,VV-VITA-223,2,37.64,41.8
2026-04-05,VV-VITA-224,5,86.58,99.5
2026-04-05,VV-VITA-243,7,107.93,129.42
2026-04-05,VV-VITA-248,1,20.87,20.87
2026-04-05,VV-VITA-256,6,116.15,136.61
2026-04-05,VV-VITA-257,4,95.95,112.88
2026-04-05,VV-VITA-258,3,56.7,56.7
2026-04-05,VV-VITA-259,3,56.16,66.06
2026-04-05,VV-VITA-276,8,178.84,207.42
2026-04-05,VV-VITA-297,1,20.82,20.82
2026-04-05,VV-VITA-31,1,15.45,15.45
2026-04-05,VV-VITA-320,4,80.84,99.78
2026-04-05,VV-VITA-339,3,59.43,59.43
2026-04-05,VV-VITA-341,1,14.31,15.9
2026-04-05,VV-VITA-342,3,52.56,58.4
2026-04-05,VV-VITA-358,1,22.72,22.72
2026-04-05,VV-VITA-359,1,16.99,16.99
2026-04-05,VV-VITA-361,2,24.88,30.72
2026-04-05,VV-VITA-364,11,205.24,240.65
2026-04-05,VV-VITA-366,2,29.8,29.8
2026-04-05,VV-VITA-379,3,41.09,53.7
2026-04-05,VV-VITA-381,8,117.92,122.39
2026-04-05,VV-VITA-386,1,21.63,21.63
2026-04-05,VV-VITA-389,1,19.27,19.27
2026-04-05,VV-VITA-395,2,37.91,39.8
2026-04-05,VV-VITA-403,1,19.9,19.9
2026-04-05,VV-VITA-407,1,23.72,23.72
2026-04-05,VV-VITA-408,7,0,152.65
2026-04-05,VV-VITA-63,1,22.9,22.9
2026-04-05,VV-VITA-94,5,87.13,99.85
2026-04-06,,18,282.79,293.98
2026-04-06,BJ-E223-8EKW,2,45.82,50.89
2026-04-06,VV-VITA-101,4,87.12,98.76
2026-04-06,VV-VITA-105,1,17.83,19.81
2026-04-06,VV-VITA-109,5,73.05,73.05
2026-04-06,VV-VITA-116,2,35.8,35.8
2026-04-06,VV-VITA-119,3,56.7,56.7
2026-04-06,VV-VITA-121,2,42.35,44.62
2026-04-06,VV-VITA-136,3,68.15,68.15
2026-04-06,VV-VITA-151,1,19.55,19.55
2026-04-06,VV-VITA-155,1,21.24,23.6
2026-04-06,VV-VITA-157,1,11.82,11.82
2026-04-06,VV-VITA-158,4,106.26,115.17
2026-04-06,VV-VITA-165,2,48.93,54.36
2026-04-06,VV-VITA-168,6,122.68,138.66
2026-04-06,VV-VITA-173,1,17.65,17.65
2026-04-06,VV-VITA-199,2,36.25,38.06
2026-04-06,VV-VITA-202,1,14.45,14.45
2026-04-06,VV-VITA-203,3,50.9,54.51
2026-04-06,VV-VITA-208,4,67.68,79.6
2026-04-06,VV-VITA-223,13,241.31,310.7
2026-04-06,VV-VITA-224,12,171.18,238.8
2026-04-06,VV-VITA-243,13,187.74,244.58
2026-04-06,VV-VITA-247,2,35.82,39.8
2026-04-06,VV-VITA-248,6,104.4,117.5
2026-04-06,VV-VITA-252,1,22.09,24.54
2026-04-06,VV-VITA-256,2,41.22,45.8
2026-04-06,VV-VITA-258,2,37.8,37.8
2026-04-06,VV-VITA-264,3,50.55,66.06
2026-04-06,VV-VITA-276,11,231.54,269.65
2026-04-06,VV-VITA-284,1,21.24,23.6
2026-04-06,VV-VITA-297,3,57.02,61.14
2026-04-06,VV-VITA-304,2,29.45,32.71
2026-04-06,VV-VITA-31,2,34,34
2026-04-06,VV-VITA-311,2,32.37,32.37
2026-04-06,VV-VITA-320,13,306.58,336.7
2026-04-06,VV-VITA-336,1,19.9,19.9
2026-04-06,VV-VITA-338,1,18.79,20.87
2026-04-06,VV-VITA-341,5,86.55,86.55
2026-04-06,VV-VITA-342,2,43.8,43.8
2026-04-06,VV-VITA-344,2,44.89,47.25
2026-04-06,VV-VITA-345,2,43.85,46.4
2026-04-06,VV-VITA-349,1,14.37,14.37
2026-04-06,VV-VITA-354,2,36.16,40.15
2026-04-06,VV-VITA-356,4,64.54,72.06
2026-04-06,VV-VITA-359,1,16.07,16.07
2026-04-06,VV-VITA-364,5,92.78,107.03
2026-04-06,VV-VITA-369,2,30.44,30.44
2026-04-06,VV-VITA-374,1,14.61,14.61
2026-04-06,VV-VITA-375,1,13.82,13.82
2026-04-06,VV-VITA-377,5,57.65,63.35
2026-04-06,VV-VITA-379,6,91.32,107.4
2026-04-06,VV-VITA-381,17,251.97,262.79
2026-04-06,VV-VITA-383,1,17.9,17.9
2026-04-06,VV-VITA-386,2,37.24,37.24
2026-04-06,VV-VITA-387,2,49.44,49.44
2026-04-06,VV-VITA-39,1,18.17,18.17
2026-04-06,VV-VITA-391,1,19.9,19.9
2026-04-06,VV-VITA-394,1,23.63,23.63
2026-04-06,VV-VITA-395,2,37.8,37.8
2026-04-06,VV-VITA-398,1,13.9,13.9
2026-04-06,VV-VITA-402,1,20.02,20.02
2026-04-06,VV-VITA-403,2,35.82,39.8
2026-04-06,VV-VITA-407,4,78.18,87.86
2026-04-06,VV-VITA-408,14,0,302.68
2026-04-06,VV-VITA-63,1,20.39,22.65
2026-04-06,VV-VITA-90,3,57.53,61.71
2026-04-06,VV-VITA-94,4,73.51,82.93
2026-04-07,,24,379.14,428.71
2026-04-07,BJ-E223-8EKW,-3,-63.51,0
2026-04-07,NX-CVPF-VCEZ,5,93.18,106.23
2026-04-07,TU-QNYD-JRRX,54,685.42,1015.92
2026-04-07,VI-ZU99-SZ0B,5,81.87,85.26
2026-04-07,VV-VITA-02,2,30.07,30.07
2026-04-07,VV-VITA-101,5,91.69,100.99
2026-04-07,VV-VITA-109,1,15.99,15.99
2026-04-07,VV-VITA-111,2,25.88,39.8
2026-04-07,VV-VITA-116,2,30.08,30.08
2026-04-07,VV-VITA-119,2,35.83,35.83
2026-04-07,VV-VITA-121,1,19.15,19.15
2026-04-07,VV-VITA-124,2,39.64,39.64
2026-04-07,VV-VITA-129,1,13.5,13.5
2026-04-07,VV-VITA-136,1,16.43,18.25
2026-04-07,VV-VITA-146,1,21.71,21.71
2026-04-07,VV-VITA-155,3,49.38,52.99
2026-04-07,VV-VITA-157,2,24.95,24.95
2026-04-07,VV-VITA-158,3,77.72,82.79
2026-04-07,VV-VITA-159,5,99.99,113.58
2026-04-07,VV-VITA-165,3,73.71,86.7
2026-04-07,VV-VITA-171,11,260.71,301.86
2026-04-07,VV-VITA-173,1,13.48,33.21
2026-04-07,VV-VITA-183,5,113.36,128.3
2026-04-07,VV-VITA-186,1,18.5,18.5
2026-04-07,VV-VITA-203,4,56.99,77.87
2026-04-07,VV-VITA-208,3,55.72,59.7
2026-04-07,VV-VITA-222,3,49.86,53.27
2026-04-07,VV-VITA-223,22,366.93,422.36
2026-04-07,VV-VITA-224,7,117.35,140.3
2026-04-07,VV-VITA-243,19,294.74,335.78
2026-04-07,VV-VITA-252,2,29.78,45.8
2026-04-07,VV-VITA-256,1,22.9,22.9
2026-04-07,VV-VITA-257,1,21.73,21.73
2026-04-07,VV-VITA-258,1,18.9,18.9
2026-04-07,VV-VITA-259,-1,-18.52,40.7
2026-04-07,VV-VITA-264,2,46.62,51.8
2026-04-07,VV-VITA-276,3,66.25,77.94
2026-04-07,VV-VITA-277,1,15.07,15.07
2026-04-07,VV-VITA-284,3,57.95,68.14
2026-04-07,VV-VITA-287,-3,-64.53,20.82
2026-04-07,VV-VITA-297,1,15.92,15.92
2026-04-07,VV-VITA-303,1,13.9,13.9
2026-04-07,VV-VITA-310,3,50.81,74.7
2026-04-07,VV-VITA-311,3,52.63,96.12
2026-04-07,VV-VITA-318,4,61.78,61.78
2026-04-07,VV-VITA-320,5,88.92,163.27
2026-04-07,VV-VITA-338,4,57.02,63.33
2026-04-07,VV-VITA-339,6,119.98,121.96
2026-04-07,VV-VITA-341,4,55.38,56.91
2026-04-07,VV-VITA-342,10,187.72,203.83
2026-04-07,VV-VITA-344,3,67.44,72.14
2026-04-07,VV-VITA-355,11,198.57,247.79
2026-04-07,VV-VITA-356,5,87.25,88.89
2026-04-07,VV-VITA-358,4,56.41,78.41
2026-04-07,VV-VITA-361,14,190.03,217.53
2026-04-07,VV-VITA-364,11,178.07,202.89
2026-04-07,VV-VITA-365,1,12.29,12.29
2026-04-07,VV-VITA-366,1,14.9,14.9
2026-04-07,VV-VITA-368,2,35,36.9
2026-04-07,VV-VITA-375,1,14.76,14.76
2026-04-07,VV-VITA-376,2,30.54,33.93
2026-04-07,VV-VITA-377,1,17.17,32.07
2026-04-07,VV-VITA-378,1,15.45,15.45
2026-04-07,VV-VITA-379,2,32.22,35.8
2026-04-07,VV-VITA-381,21,319.98,356.36
2026-04-07,VV-VITA-382,1,19.91,19.91
2026-04-07,VV-VITA-385,2,30.42,33.8
2026-04-07,VV-VITA-386,2,43.8,43.8
2026-04-07,VV-VITA-389,2,40.91,45.43
2026-04-07,VV-VITA-39,1,22.9,22.9
2026-04-07,VV-VITA-391,19,252.47,306.2
2026-04-07,VV-VITA-394,1,22.95,25.5
2026-04-07,VV-VITA-395,1,22.65,22.65
2026-04-07,VV-VITA-403,4,70.66,79.6
2026-04-07,VV-VITA-405,1,15.9,15.9
2026-04-07,VV-VITA-408,8,0,200.83
2026-04-07,VV-VITA-63,3,48.68,57.24
2026-04-07,VV-VITA-88,2,31.08,47.8
2026-04-07,VV-VITA-90,5,83.98,89.12
2026-04-07,VV-VITA-94,3,63.83,66.42
2026-04-08,,16,213.07,244.01
2026-04-08,BJ-E223-8EKW,3,63.51,74.7
2026-04-08,CW-KVIN-V39Y,3,46.97,55.24
2026-04-08,NX-CVPF-VCEZ,2,44.19,49.1
2026-04-08,VV-VITA-02,1,18.17,18.17
2026-04-08,VV-VITA-101,6,101.63,121.05
2026-04-08,VV-VITA-111,4,66.07,68.06
2026-04-08,VV-VITA-121,1,17.1,17.1
2026-04-08,VV-VITA-124,7,124.06,129.73
2026-04-08,VV-VITA-136,2,40.35,42.62
2026-04-08,VV-VITA-142,22,380.78,566.86
2026-04-08,VV-VITA-146,6,81.06,117.66
2026-04-08,VV-VITA-151,7,133.39,152.91
2026-04-08,VV-VITA-155,3,48.98,52.32
2026-04-08,VV-VITA-157,2,27.8,27.8
2026-04-08,VV-VITA-158,1,22.91,25.44
2026-04-08,VV-VITA-159,5,84.2,129.5
2026-04-08,VV-VITA-165,3,73.71,86.7
2026-04-08,VV-VITA-166,1,21.27,23.62
2026-04-08,VV-VITA-171,2,49.09,54.52
2026-04-08,VV-VITA-173,2,28.76,28.76
2026-04-08,VV-VITA-189,2,39.42,43.8
2026-04-08,VV-VITA-190,10,129.4,199
2026-04-08,VV-VITA-203,6,106.48,119.4
2026-04-08,VV-VITA-204,10,122.9,189
2026-04-08,VV-VITA-207,5,64.7,99.5
2026-04-08,VV-VITA-208,6,101.52,119.4
2026-04-08,VV-VITA-222,15,246.48,286.15
2026-04-08,VV-VITA-223,27,427.72,497.88
2026-04-08,VV-VITA-224,6,101.41,119.4
2026-04-08,VV-VITA-225,10,135.9,209
2026-04-08,VV-VITA-243,8,130.54,145.68
2026-04-08,VV-VITA-248,3,57.34,63.71
2026-04-08,VV-VITA-256,3,69.43,69.43
2026-04-08,VV-VITA-257,2,50.71,56.34
2026-04-08,VV-VITA-264,20,364.4,503
2026-04-08,VV-VITA-276,4,94.82,102.43
2026-04-08,VV-VITA-297,7,103.15,117.47
2026-04-08,VV-VITA-298,1,20.61,22.9
2026-04-08,VV-VITA-304,17,225.36,257.66
2026-04-08,VV-VITA-31,10,142.4,219
2026-04-08,VV-VITA-310,2,39.27,43.61
2026-04-08,VV-VITA-311,6,100.5,112.94
2026-04-08,VV-VITA-320,12,205.67,220.51
2026-04-08,VV-VITA-326,5,80.95,124.5
2026-04-08,VV-VITA-338,3,48.3,51.48
2026-04-08,VV-VITA-339,2,39.71,39.71
2026-04-08,VV-VITA-341,5,74.55,79.14
2026-04-08,VV-VITA-342,4,69.82,71.67
2026-04-08,VV-VITA-344,3,73.23,75.59
2026-04-08,VV-VITA-354,3,50.78,59.72
2026-04-08,VV-VITA-355,6,120.88,138.06
2026-04-08,VV-VITA-356,2,40.63,40.63
2026-04-08,VV-VITA-361,3,46.36,54.51
2026-04-08,VV-VITA-364,17,278.39,301.02
2026-04-08,VV-VITA-365,4,58.26,58.26
2026-04-08,VV-VITA-369,1,17.9,17.9
2026-04-08,VV-VITA-373,5,48.45,74.5
2026-04-08,VV-VITA-375,1,15.45,15.45
2026-04-08,VV-VITA-377,4,53.64,59.6
2026-04-08,VV-VITA-380,1,13.9,13.9
2026-04-08,VV-VITA-381,27,318.78,402.88
2026-04-08,VV-VITA-382,7,115.32,132.3
2026-04-08,VV-VITA-389,2,43.02,47.8
2026-04-08,VV-VITA-391,21,289.09,336.89
2026-04-08,VV-VITA-395,3,39.56,43.98
2026-04-08,VV-VITA-402,11,240.42,267.1
2026-04-08,VV-VITA-403,4,70.67,79.61
2026-04-08,VV-VITA-405,3,47.7,47.7
2026-04-08,VV-VITA-407,1,22.32,22.32
2026-04-08,VV-VITA-408,9,0,227.19
2026-04-08,VV-VITA-50,5,64.7,99.5
2026-04-08,VV-VITA-86,1,17.91,19.9
2026-04-08,VV-VITA-88,3,68.7,73.68
2026-04-08,VV-VITA-90,1,15.93,15.93
2026-04-08,VV-VITA-93,1,17.99,19.98
2026-04-09,,65,872.85,1099.26
2026-04-09,BJ-E223-8EKW,1,24.9,24.9
2026-04-09,CW-KVIN-V39Y,2,48.93,54.36
2026-04-09,VI-ZU99-SZ0B,4,54.31,74.23
2026-04-09,VV-VITA-02,1,14.32,14.32
2026-04-09,VV-VITA-101,7,121.07,141.98
2026-04-09,VV-VITA-109,2,29.9,45.98
2026-04-09,VV-VITA-111,1,17.91,19.9
2026-04-09,VV-VITA-116,4,51.03,71.6
2026-04-09,VV-VITA-119,6,78,119.94
2026-04-09,VV-VITA-121,9,128.16,197.1
2026-04-09,VV-VITA-124,7,115.39,139.38
2026-04-09,VV-VITA-136,4,69.3,95.52
2026-04-09,VV-VITA-142,12,215.44,311.43
2026-04-09,VV-VITA-146,2,26,39.98
2026-04-09,VV-VITA-151,6,117.61,152.31
2026-04-09,VV-VITA-153,3,50.53,59.43
2026-04-09,VV-VITA-155,8,124.73,139.56
2026-04-09,VV-VITA-157,4,52.82,55.6
2026-04-09,VV-VITA-158,6,125.32,235.65
2026-04-09,VV-VITA-159,6,114.81,152.67
2026-04-09,VV-VITA-168,9,144.75,167.47
2026-04-09,VV-VITA-171,5,132.56,138.14
2026-04-09,VV-VITA-173,9,122.38,143.28
2026-04-09,VV-VITA-174,4,59.59,79.42
2026-04-09,VV-VITA-186,2,45.82,50.89
2026-04-09,VV-VITA-188,2,28.64,28.64
2026-04-09,VV-VITA-189,3,55.86,65.7
2026-04-09,VV-VITA-198,6,79.5,94.49
2026-04-09,VV-VITA-199,1,18.17,18.17
2026-04-09,VV-VITA-202,2,20.68,31.8
2026-04-09,VV-VITA-203,7,118.52,130.65
2026-04-09,VV-VITA-208,2,35.82,39.8
2026-04-09,VV-VITA-222,6,107.08,114.72
2026-04-09,VV-VITA-223,21,327.37,385.55
2026-04-09,VV-VITA-224,1,20.76,20.76
2026-04-09,VV-VITA-230,0,-2.59,25.9
2026-04-09,VV-VITA-243,16,254.02,297.68
2026-04-09,VV-VITA-247,10,148.71,217.65
2026-04-09,VV-VITA-248,4,83.6,92.87
2026-04-09,VV-VITA-257,3,55.36,65.11
2026-04-09,VV-VITA-259,1,20.72,20.72
2026-04-09,VV-VITA-264,1,25.9,25.9
2026-04-09,VV-VITA-276,5,114.53,127.24
2026-04-09,VV-VITA-297,7,99.09,118.35
2026-04-09,VV-VITA-298,11,173.81,254.99
2026-04-09,VV-VITA-303,5,70.05,97.95
2026-04-09,VV-VITA-304,6,58.14,89.4
2026-04-09,VV-VITA-307,3,31.2,47.97
2026-04-09,VV-VITA-31,6,104.04,131.4
2026-04-09,VV-VITA-310,9,160.65,224.1
2026-04-09,VV-VITA-316,8,110.39,159.11
2026-04-09,VV-VITA-318,1,17.01,18.9
2026-04-09,VV-VITA-320,25,393.74,444.92
2026-04-09,VV-VITA-326,6,97.14,149.4
2026-04-09,VV-VITA-336,3,53.73,59.7
2026-04-09,VV-VITA-338,3,38.81,47.76
2026-04-09,VV-VITA-339,14,181.16,278.6
2026-04-09,VV-VITA-342,7,99.51,118.49
2026-04-09,VV-VITA-344,9,168.08,222.83
2026-04-09,VV-VITA-345,8,158.88,196.46
2026-04-09,VV-VITA-351,2,36.99,41.1
2026-04-09,VV-VITA-354,13,195.76,301.06
2026-04-09,VV-VITA-355,4,93.33,93.33
2026-04-09,VV-VITA-356,6,69.84,107.4
2026-04-09,VV-VITA-361,5,58.97,90.68
2026-04-09,VV-VITA-364,32,505.77,574.24
2026-04-09,VV-VITA-365,2,28.91,28.91
2026-04-09,VV-VITA-368,3,34.92,53.7
2026-04-09,VV-VITA-369,1,17.9,17.9
2026-04-09,VV-VITA-371,3,31.02,47.7
2026-04-09,VV-VITA-373,3,29.07,44.7
2026-04-09,VV-VITA-376,6,62.04,95.4
2026-04-09,VV-VITA-377,2,26.82,29.8
2026-04-09,VV-VITA-379,1,17.9,17.9
2026-04-09,VV-VITA-381,22,279.2,332.52
2026-04-09,VV-VITA-382,3,36.87,56.7
2026-04-09,VV-VITA-386,4,68.17,91.15
2026-04-09,VV-VITA-389,3,74.99,74.99
2026-04-09,VV-VITA-39,2,36.34,36.34
2026-04-09,VV-VITA-391,3,51.47,51.47
2026-04-09,VV-VITA-393,1,20.9,20.9
2026-04-09,VV-VITA-394,2,27.18,41.8
2026-04-09,VV-VITA-395,4,53.57,62.08
2026-04-09,VV-VITA-398,-1,-11.58,0
2026-04-09,VV-VITA-400,3,38.82,59.7
2026-04-09,VV-VITA-402,20,412.72,490.9
2026-04-09,VV-VITA-403,3,50.76,59.7
2026-04-09,VV-VITA-408,8,32.38,203.47
2026-04-09,VV-VITA-50,20,352.5,432.9
2026-04-09,VV-VITA-63,7,104.23,160.3
2026-04-09,VV-VITA-86,7,97.54,139.3
2026-04-09,VV-VITA-90,12,174.46,196.12
2026-04-09,VV-VITA-94,8,150.26,216.92
2026-04-10,,21,334.89,367.58
2026-04-10,BJ-E223-8EKW,2,45.82,50.89
2026-04-10,VI-ZU99-SZ0B,1,17.26,17.26
2026-04-10,VV-VITA-101,10,180.95,196.45
2026-04-10,VV-VITA-109,2,28.36,37.8
2026-04-10,VV-VITA-119,2,37.8,37.8
2026-04-10,VV-VITA-121,1,17.1,17.1
2026-04-10,VV-VITA-124,5,85.73,94.18
2026-04-10,VV-VITA-142,5,97.15,129.5
2026-04-10,VV-VITA-146,1,16.36,18.16
2026-04-10,VV-VITA-151,1,21.26,23.62
2026-04-10,VV-VITA-155,3,51.61,55.22
2026-04-10,VV-VITA-157,1,11.21,11.21
2026-04-10,VV-VITA-158,1,26.27,26.27
2026-04-10,VV-VITA-165,3,69.33,81.54
2026-04-10,VV-VITA-166,2,42.54,47.25
2026-04-10,VV-VITA-168,4,72.66,76.48
2026-04-10,VV-VITA-173,6,87.03,87.03
2026-04-10,VV-VITA-183,2,38.86,51.8
2026-04-10,VV-VITA-188,1,14.32,14.32
2026-04-10,VV-VITA-197,4,87.2,96.88
2026-04-10,VV-VITA-198,4,64.36,64.36
2026-04-10,VV-VITA-199,1,17.91,19.9
2026-04-10,VV-VITA-203,4,64.69,79.6
2026-04-10,VV-VITA-204,1,18.9,18.9
2026-04-10,VV-VITA-208,4,66.05,74.17
2026-04-10,VV-VITA-222,3,57.36,57.36
2026-04-10,VV-VITA-223,24,362.9,430.04
2026-04-10,VV-VITA-224,1,18.82,20.9
2026-04-10,VV-VITA-243,19,288.51,321.84
2026-04-10,VV-VITA-248,9,177.54,197.09
2026-04-10,VV-VITA-256,1,23.63,23.63
2026-04-10,VV-VITA-257,1,20.45,22.71
2026-04-10,VV-VITA-259,4,72.65,81.78
2026-04-10,VV-VITA-264,6,132.12,155.4
2026-04-10,VV-VITA-297,3,44.58,47.76
2026-04-10,VV-VITA-298,1,20.82,20.82
2026-04-10,VV-VITA-303,3,50.88,54.49
2026-04-10,VV-VITA-304,2,31.08,32.7
2026-04-10,VV-VITA-31,5,93.1,109.5
2026-04-10,VV-VITA-310,3,55.64,65.43
2026-04-10,VV-VITA-311,2,38.94,38.94
2026-04-10,VV-VITA-318,2,34.35,34.35
2026-04-10,VV-VITA-319,3,54.27,54.27
2026-04-10,VV-VITA-320,13,206.83,248.57
2026-04-10,VV-VITA-341,1,15.36,15.36
2026-04-10,VV-VITA-342,7,114.19,119.66
2026-04-10,VV-VITA-344,5,97.97,112.43
2026-04-10,VV-VITA-345,5,93.4,124.5
2026-04-10,VV-VITA-346,4,41.72,55.6
2026-04-10,VV-VITA-351,2,36,39.98
2026-04-10,VV-VITA-355,4,82.95,93.53
2026-04-10,VV-VITA-361,2,36.34,36.34
2026-04-10,VV-VITA-364,32,501.7,573.13
2026-04-10,VV-VITA-365,2,26.02,28.91
2026-04-10,VV-VITA-366,1,15.45,15.45
2026-04-10,VV-VITA-368,2,35.8,35.8
2026-04-10,VV-VITA-375,1,15.45,15.45
2026-04-10,VV-VITA-377,1,13.41,14.9
2026-04-10,VV-VITA-381,5,69.89,71.38
2026-04-10,VV-VITA-386,4,69,87.6
2026-04-10,VV-VITA-387,3,58.29,77.7
2026-04-10,VV-VITA-39,3,51.54,68.7
2026-04-10,VV-VITA-391,5,87.02,87.02
2026-04-10,VV-VITA-395,1,15.12,15.12
2026-04-10,VV-VITA-398,2,30.25,32.06
2026-04-10,VV-VITA-402,6,115.81,149.4
2026-04-10,VV-VITA-403,5,86.58,99.5
2026-04-10,VV-VITA-405,2,31.8,31.8
2026-04-10,VV-VITA-407,1,22.32,22.32
2026-04-10,VV-VITA-408,14,84.68,353.78
2026-04-10,VV-VITA-411,5,78.4,104.5
2026-04-10,VV-VITA-50,1,18.82,20.9
2026-04-10,VV-VITA-63,1,22.9,22.9
2026-04-10,VV-VITA-86,1,19.9,19.9
2026-04-10,VV-VITA-88,1,23.9,23.9
2026-04-10,VV-VITA-90,2,31.26,31.26
2026-04-11,,24,367.93,404.81
2026-04-11,CW-KVIN-V39Y,3,53.31,62.7
2026-04-11,TU-QNYD-JRRX,4,69.05,69.05
2026-04-11,VV-VITA-101,6,80.88,95.08
2026-04-11,VV-VITA-105,3,59.61,59.61
2026-04-11,VV-VITA-109,1,17.83,17.83
2026-04-11,VV-VITA-119,2,39.82,39.82
2026-04-11,VV-VITA-121,4,78.97,85.31
2026-04-11,VV-VITA-124,17,289.49,324.8
2026-04-11,VV-VITA-129,3,58.35,58.35
2026-04-11,VV-VITA-136,2,42.62,42.62
2026-04-11,VV-VITA-142,3,52.95,62.27
2026-04-11,VV-VITA-146,3,46.36,54.51
2026-04-11,VV-VITA-151,2,35.85,39.83
2026-04-11,VV-VITA-153,2,35.84,39.82
2026-04-11,VV-VITA-155,7,115.6,130.02
2026-04-11,VV-VITA-158,2,51.66,57.4
2026-04-11,VV-VITA-166,2,40.34,40.34
2026-04-11,VV-VITA-168,5,78.24,93.69
2026-04-11,VV-VITA-170,3,51.55,51.55
2026-04-11,VV-VITA-171,1,28.34,28.34
2026-04-11,VV-VITA-183,1,19.64,24.54
2026-04-11,VV-VITA-188,3,45.27,45.27
2026-04-11,VV-VITA-198,1,14.54,14.54
2026-04-11,VV-VITA-199,3,48.06,48.06
2026-04-11,VV-VITA-202,3,39.75,39.75
2026-04-11,VV-VITA-203,1,19.91,19.91
2026-04-11,VV-VITA-222,2,35.36,39.28
2026-04-11,VV-VITA-223,5,88.11,91.93
2026-04-11,VV-VITA-224,3,59.29,63.45
2026-04-11,VV-VITA-225,1,22.65,22.65
2026-04-11,VV-VITA-243,11,176.13,197.36
2026-04-11,VV-VITA-247,1,19.91,19.91
2026-04-11,VV-VITA-248,2,43.8,43.8
2026-04-11,VV-VITA-256,3,63.69,68.21
2026-04-11,VV-VITA-257,2,48.42,53.8
2026-04-11,VV-VITA-276,2,42.55,47.25
2026-04-11,VV-VITA-284,9,180.6,212.42
2026-04-11,VV-VITA-307,1,14.54,14.54
2026-04-11,VV-VITA-311,3,48.08,53.41
2026-04-11,VV-VITA-320,11,189.3,197.74
2026-04-11,VV-VITA-338,2,37.09,37.09
2026-04-11,VV-VITA-339,1,19.08,19.08
2026-04-11,VV-VITA-341,1,18.86,18.86
2026-04-11,VV-VITA-342,2,26.18,29.07
2026-04-11,VV-VITA-344,1,28.34,28.34
2026-04-11,VV-VITA-345,1,20.9,20.9
2026-04-11,VV-VITA-354,6,90.83,106.83
2026-04-11,VV-VITA-357,2,34.53,34.53
2026-04-11,VV-VITA-361,8,123.24,146.05
2026-04-11,VV-VITA-364,19,286.12,327.54
2026-04-11,VV-VITA-381,13,193.37,201.6
2026-04-11,VV-VITA-382,2,34.51,38.35
2026-04-11,VV-VITA-385,1,15.21,16.9
2026-04-11,VV-VITA-386,1,22.91,25.44
2026-04-11,VV-VITA-387,1,26.17,29.07
2026-04-11,VV-VITA-391,9,154.42,154.42
2026-04-11,VV-VITA-395,6,89.29,92.32
2026-04-11,VV-VITA-398,1,12.51,13.9
2026-04-11,VV-VITA-403,1,17.92,19.9
2026-04-11,VV-VITA-407,3,58.48,66.96
2026-04-11,VV-VITA-408,3,0,76.88
2026-04-11,VV-VITA-63,3,58.41,68.7
2026-04-11,VV-VITA-86,2,37.82,39.8
2026-04-11,VV-VITA-90,2,32.65,32.65
2026-04-11,VV-VITA-93,3,42.25,42.25
2026-04-12,,8,119.29,123.46
2026-04-12,CW-KVIN-V39Y,1,24.65,27.38
2026-04-12,VV-VITA-02,1,18.17,18.17
2026-04-12,VV-VITA-101,3,52.86,62.16
2026-04-12,VV-VITA-105,1,19.81,19.81
2026-04-12,VV-VITA-109,1,18.9,18.9
2026-04-12,VV-VITA-121,1,20.45,22.71
2026-04-12,VV-VITA-124,3,57.24,57.24
2026-04-12,VV-VITA-129,1,18.9,18.9
2026-04-12,VV-VITA-142,1,23.63,23.63
2026-04-12,VV-VITA-146,3,52.61,56.22
2026-04-12,VV-VITA-151,2,47.53,47.53
2026-04-12,VV-VITA-153,5,92.22,100.25
2026-04-12,VV-VITA-155,5,75.39,86.5
2026-04-12,VV-VITA-157,1,13.9,13.9
2026-04-12,VV-VITA-159,5,111.71,128.42
2026-04-12,VV-VITA-168,2,35.48,37.28
2026-04-12,VV-VITA-171,5,120.09,138.06
2026-04-12,VV-VITA-174,1,22.72,22.72
2026-04-12,VV-VITA-183,1,24.54,24.54
2026-04-12,VV-VITA-189,2,42.8,42.8
2026-04-12,VV-VITA-198,3,40.85,40.85
2026-04-12,VV-VITA-199,1,18.17,18.17
2026-04-12,VV-VITA-203,6,106.51,119.43
2026-04-12,VV-VITA-208,8,139.33,159.2
2026-04-12,VV-VITA-222,1,19.12,19.12
2026-04-12,VV-VITA-223,17,273.8,305.81
2026-04-12,VV-VITA-224,3,50.76,59.7
2026-04-12,VV-VITA-243,10,154.96,172.96
2026-04-12,VV-VITA-248,4,87.28,91.82
2026-04-12,VV-VITA-256,3,58.41,68.7
2026-04-12,VV-VITA-257,5,112.56,129.73
2026-04-12,VV-VITA-259,9,152.84,179.72
2026-04-12,VV-VITA-276,2,49.8,49.8
2026-04-12,VV-VITA-277,1,15.07,15.07
2026-04-12,VV-VITA-298,1,23.6,23.6
2026-04-12,VV-VITA-311,2,36.35,36.35
2026-04-12,VV-VITA-319,2,38.16,38.16
2026-04-12,VV-VITA-320,3,46.55,50.02
2026-04-12,VV-VITA-338,2,34.9,34.9
2026-04-12,VV-VITA-341,6,85.37,93.08
2026-04-12,VV-VITA-342,4,63.26,65.11
2026-04-12,VV-VITA-344,6,127.02,149.4
2026-04-12,VV-VITA-351,3,50.76,59.7
2026-04-12,VV-VITA-354,4,72.33,94.5
2026-04-12,VV-VITA-355,5,97.19,108.89
2026-04-12,VV-VITA-356,5,75.11,86.4
2026-04-12,VV-VITA-361,2,35.07,35.07
2026-04-12,VV-VITA-364,12,203.35,219.89
2026-04-12,VV-VITA-366,1,14.9,14.9
2026-04-12,VV-VITA-368,2,32.22,35.8
2026-04-12,VV-VITA-371,2,23.65,26.27
2026-04-12,VV-VITA-377,2,33.07,33.07
2026-04-12,VV-VITA-381,16,237.17,243.13
2026-04-12,VV-VITA-382,1,17.01,18.9
2026-04-12,VV-VITA-387,1,24.46,27.17
2026-04-12,VV-VITA-391,3,46.16,47.76
2026-04-12,VV-VITA-395,3,46.31,46.31
2026-04-12,VV-VITA-398,1,13.9,13.9
2026-04-12,VV-VITA-402,3,68.45,73.43
2026-04-12,VV-VITA-405,1,15.9,15.9
2026-04-12,VV-VITA-407,1,21.81,21.81
2026-04-12,VV-VITA-408,7,0,177.57
2026-04-12,VV-VITA-411,1,20.9,20.9
2026-04-12,VV-VITA-90,5,76.1,83.6
2026-04-13,,16,230.84,243.05
2026-04-13,BJ-E223-8EKW,1,24.9,24.9
2026-04-13,CW-KVIN-V39Y,2,46.18,46.18
2026-04-13,NX-CVPF-VCEZ,2,35.84,39.82
2026-04-13,VV-VITA-116,2,35.08,35.08
2026-04-13,VV-VITA-119,3,51.53,55.23
2026-04-13,VV-VITA-121,8,153.95,170.57
2026-04-13,VV-VITA-124,7,124.04,133.58
2026-04-13,VV-VITA-142,1,21.27,23.62
2026-04-13,VV-VITA-151,3,71.5,76.78
2026-04-13,VV-VITA-153,2,39.82,39.82
2026-04-13,VV-VITA-155,5,79.8,87.95
2026-04-13,VV-VITA-157,1,13.9,13.9
2026-04-13,VV-VITA-158,4,87.81,101.77
2026-04-13,VV-VITA-159,1,20.45,22.71
2026-04-13,VV-VITA-166,2,38.9,38.9
2026-04-13,VV-VITA-168,2,34.42,38.24
2026-04-13,VV-VITA-171,2,50.22,55.8
2026-04-13,VV-VITA-172,1,17.91,19.9
2026-04-13,VV-VITA-183,1,25.9,25.9
2026-04-13,VV-VITA-189,1,18.81,20.9
2026-04-13,VV-VITA-199,1,19.9,19.9
2026-04-13,VV-VITA-202,2,31.8,31.8
2026-04-13,VV-VITA-203,3,52.63,56.24
2026-04-13,VV-VITA-208,8,115.46,159.2
2026-04-13,VV-VITA-222,-2,-29.66,19.12
2026-04-13,VV-VITA-223,19,302.8,362.07
2026-04-13,VV-VITA-224,3,57.64,61.72
2026-04-13,VV-VITA-230,-2,-47.81,0
2026-04-13,VV-VITA-243,11,167.31,186.42
2026-04-13,VV-VITA-248,0,0.84,22.74
2026-04-13,VV-VITA-256,6,117.95,132.82
2026-04-13,VV-VITA-257,4,93.06,105.15
2026-04-13,VV-VITA-259,4,70.45,79.26
2026-04-13,VV-VITA-276,5,108.8,119.4
2026-04-13,VV-VITA-284,2,43.02,47.8
2026-04-13,VV-VITA-297,3,49.29,49.29
2026-04-13,VV-VITA-298,1,23.6,23.6
2026-04-13,VV-VITA-311,1,19.9,19.9
2026-04-13,VV-VITA-320,13,244.76,274.59
2026-04-13,VV-VITA-326,2,44.82,49.8
2026-04-13,VV-VITA-338,1,17.45,17.45
2026-04-13,VV-VITA-339,7,107.15,141.95
2026-04-13,VV-VITA-341,1,15.54,17.26
2026-04-13,VV-VITA-342,3,48.48,49.58
2026-04-13,VV-VITA-344,1,22.64,22.64
2026-04-13,VV-VITA-345,3,53.32,62.7
2026-04-13,VV-VITA-354,2,40.78,45.31
2026-04-13,VV-VITA-355,1,24.55,24.55
2026-04-13,VV-VITA-357,2,33.89,35.55
2026-04-13,VV-VITA-361,2,35.07,35.07
2026-04-13,VV-VITA-363,1,16.9,16.9
2026-04-13,VV-VITA-364,18,291.97,321.39
2026-04-13,VV-VITA-369,5,58.2,89.5
2026-04-13,VV-VITA-375,5,54.95,84.5
2026-04-13,VV-VITA-379,3,48.68,57.24
2026-04-13,VV-VITA-381,18,260.14,264.47
2026-04-13,VV-VITA-382,5,61.45,94.5
2026-04-13,VV-VITA-385,2,33.8,33.8
2026-04-13,VV-VITA-389,5,77.7,119.5
2026-04-13,VV-VITA-39,3,46.36,54.51
2026-04-13,VV-VITA-391,1,19.64,19.64
2026-04-13,VV-VITA-394,1,23.63,23.63
2026-04-13,VV-VITA-398,3,33.45,39.33
2026-04-13,VV-VITA-402,5,112.84,119.84
2026-04-13,VV-VITA-403,6,101.52,119.4
2026-04-13,VV-VITA-405,0,-0.7,15.9
2026-04-13,VV-VITA-407,15,309.44,334.8
2026-04-13,VV-VITA-408,6,0,150.4
2026-04-13,VV-VITA-411,3,48.46,56.99
2026-04-13,VV-VITA-63,1,19.08,19.08
2026-04-13,VV-VITA-88,3,60.96,71.7
2026-04-13,VV-VITA-90,5,70.9,80.42
2026-04-13,VV-VITA-94,10,246.55,290
2026-04-14,,20,303.63,335.11
2026-04-14,BJ-E223-8EKW,2,50.4,50.4
2026-04-14,CW-KVIN-V39Y,1,27.39,27.39
2026-04-14,VV-VITA-02,5,85.03,90.45
2026-04-14,VV-VITA-105,1,19.81,19.81
2026-04-14,VV-VITA-111,1,19.91,19.91
2026-04-14,VV-VITA-121,8,156,174.22
2026-04-14,VV-VITA-124,1,18.84,18.84
2026-04-14,VV-VITA-136,1,19.9,19.9
2026-04-14,VV-VITA-151,4,91.08,102.96
2026-04-14,VV-VITA-153,3,50.78,59.72
2026-04-14,VV-VITA-155,10,161.54,174.77
2026-04-14,VV-VITA-159,1,25.9,25.9
2026-04-14,VV-VITA-165,2,49.09,54.52
2026-04-14,VV-VITA-166,1,19,19
2026-04-14,VV-VITA-168,4,70.02,73.63
2026-04-14,VV-VITA-171,1,24.47,27.17
2026-04-14,VV-VITA-173,-1,-14.54,0
2026-04-14,VV-VITA-186,-1,-22.91,0
2026-04-14,VV-VITA-190,2,41.45,41.45
2026-04-14,VV-VITA-197,100,1868,2490
2026-04-14,VV-VITA-198,1,14.54,14.54
2026-04-14,VV-VITA-203,1,18.17,18.17
2026-04-14,VV-VITA-207,4,82.18,82.18
2026-04-14,VV-VITA-208,2,35.82,39.8
2026-04-14,VV-VITA-222,3,52.53,56.35
2026-04-14,VV-VITA-223,11,192.54,231.4
2026-04-14,VV-VITA-224,2,42.27,62.7
2026-04-14,VV-VITA-225,1,19.35,19.35
2026-04-14,VV-VITA-243,6,106.01,109.77
2026-04-14,VV-VITA-248,1,20.82,20.82
2026-04-14,VV-VITA-256,8,168.73,182.41
2026-04-14,VV-VITA-258,3,51.37,54.97
2026-04-14,VV-VITA-259,7,124.05,144.67
2026-04-14,VV-VITA-264,3,72.52,77.7
2026-04-14,VV-VITA-284,2,46.24,46.24
2026-04-14,VV-VITA-287,-1,-18.74,0
2026-04-14,VV-VITA-297,3,46.02,49.2
2026-04-14,VV-VITA-298,2,36.32,40.35
2026-04-14,VV-VITA-307,1,14.54,14.54
2026-04-14,VV-VITA-31,4,77.59,91.28
2026-04-14,VV-VITA-313,6,102,119.94
2026-04-14,VV-VITA-320,11,186.31,236.75
2026-04-14,VV-VITA-336,1,19.9,19.9
2026-04-14,VV-VITA-338,2,30.9,32.57
2026-04-14,VV-VITA-341,4,72.87,72.87
2026-04-14,VV-VITA-345,3,44.85,68.97
2026-04-14,VV-VITA-351,1,22.65,22.65
2026-04-14,VV-VITA-354,1,21.9,21.9
2026-04-14,VV-VITA-355,6,115.78,136.43
2026-04-14,VV-VITA-356,7,97.07,125.48
2026-04-14,VV-VITA-359,3,59.97,59.97
2026-04-14,VV-VITA-364,4,58.36,110.01
2026-04-14,VV-VITA-375,2,39.98,39.98
2026-04-14,VV-VITA-377,2,30.92,30.92
2026-04-14,VV-VITA-379,1,19.08,19.08
2026-04-14,VV-VITA-381,18,263.54,268.01
2026-04-14,VV-VITA-385,1,17.1,19
2026-04-14,VV-VITA-386,3,62.32,69.24
2026-04-14,VV-VITA-389,2,40.91,45.43
2026-04-14,VV-VITA-391,7,116.61,116.61
2026-04-14,VV-VITA-395,2,33.24,33.24
2026-04-14,VV-VITA-398,1,13.9,13.9
2026-04-14,VV-VITA-403,1,19.9,19.9
2026-04-14,VV-VITA-408,4,0,102.87
2026-04-14,VV-VITA-411,3,60.96,65.31
2026-04-14,VV-VITA-50,1,20.9,20.9
2026-04-14,VV-VITA-57-V,1,35.45,35.45
2026-04-14,VV-VITA-86,1,24.55,24.55
2026-04-14,VV-VITA-90,2,31.06,32.65
2026-04-14,VV-VITA-94,2,46.62,51.8
2026-04-15,,21,324.8,340.68
2026-04-15,CW-KVIN-V39Y,2,59.98,59.98
2026-04-15,TU-QNYD-JRRX,3,43.48,56.7
2026-04-15,VI-ZU99-SZ0B,1,17.26,17.26
2026-04-15,VV-VITA-02,1,18.17,18.17
2026-04-15,VV-VITA-105,2,33.86,33.86
2026-04-15,VV-VITA-109,1,15.46,17.17
2026-04-15,VV-VITA-111,2,38.99,38.99
2026-04-15,VV-VITA-116,1,14.65,16.27
2026-04-15,VV-VITA-124,2,37.68,37.68
2026-04-15,VV-VITA-142,2,42.38,47.08
2026-04-15,VV-VITA-151,1,21.27,23.62
2026-04-15,VV-VITA-153,3,45.78,59.7
2026-04-15,VV-VITA-155,2,34.82,34.82
2026-04-15,VV-VITA-158,5,126.89,135.15
2026-04-15,VV-VITA-159,8,154.77,202.4
2026-04-15,VV-VITA-166,1,23.63,23.63
2026-04-15,VV-VITA-171,3,69.33,81.54
2026-04-15,VV-VITA-183,1,21.19,23.54
2026-04-15,VV-VITA-188,5,70.3,70.3
2026-04-15,VV-VITA-198,2,27.63,29.07
2026-04-15,VV-VITA-203,3,50.76,59.7
2026-04-15,VV-VITA-207,1,17.18,17.18
2026-04-15,VV-VITA-208,9,152.28,179.1
2026-04-15,VV-VITA-222,9,157.57,171.9
2026-04-15,VV-VITA-223,27,440.33,504.17
2026-04-15,VV-VITA-224,11,196.72,218.08
2026-04-15,VV-VITA-225,1,22.72,22.72
2026-04-15,VV-VITA-231,0,5.38,26.9
2026-04-15,VV-VITA-243,27,412.03,477.57
2026-04-15,VV-VITA-248,5,102.31,112.15
2026-04-15,VV-VITA-256,4,81.06,91.35
2026-04-15,VV-VITA-259,5,85.35,97.94
2026-04-15,VV-VITA-276,1,20.37,22.63
2026-04-15,VV-VITA-297,3,48.33,49.93
2026-04-15,VV-VITA-303,1,19.9,19.9
2026-04-15,VV-VITA-31,-1,-15.38,0
2026-04-15,VV-VITA-313,8,122.17,154.47
2026-04-15,VV-VITA-320,15,217.11,245.85
2026-04-15,VV-VITA-326,1,21.71,21.71
2026-04-15,VV-VITA-338,1,19.64,19.64
2026-04-15,VV-VITA-341,5,77.91,79.5
2026-04-15,VV-VITA-342,7,104.86,115.71
2026-04-15,VV-VITA-344,4,87.14,98.33
2026-04-15,VV-VITA-354,4,83.9,94.5
2026-04-15,VV-VITA-355,12,200.94,274.06
2026-04-15,VV-VITA-356,1,14.55,14.55
2026-04-15,VV-VITA-361,12,182.96,213.04
2026-04-15,VV-VITA-364,25,376.21,436.63
2026-04-15,VV-VITA-366,2,24.23,24.23
2026-04-15,VV-VITA-371,4,49.31,63.6
2026-04-15,VV-VITA-375,2,30.67,30.67
2026-04-15,VV-VITA-378,2,25.8,25.8
2026-04-15,VV-VITA-380,1,13.9,13.9
2026-04-15,VV-VITA-381,16,223.5,238.4
2026-04-15,VV-VITA-39,1,18.68,20.75
2026-04-15,VV-VITA-391,12,187.19,194.75
2026-04-15,VV-VITA-395,2,29.59,29.59
2026-04-15,VV-VITA-398,3,38.92,41.7
2026-04-15,VV-VITA-402,1,21.26,23.62
2026-04-15,VV-VITA-405,2,21.9,21.9
2026-04-15,VV-VITA-407,3,58.48,66.96
2026-04-15,VV-VITA-408,14,0,356.96
2026-04-15,VV-VITA-49,3,38.58,45.36
2026-04-15,VV-VITA-50,1,12.94,19.9
2026-04-15,VV-VITA-57-V,2,83.22,83.22
2026-04-15,VV-VITA-90,5,80.26,83.6
2026-04-15,VV-VITA-94,5,109.37,119.17
2026-04-16,,20,313.34,336.73
2026-04-16,CW-KVIN-V39Y,3,69.87,82.18
2026-04-16,NX-CVPF-VCEZ,5,98.35,108.14
2026-04-16,TU-QNYD-JRRX,1,17.01,18.9
2026-04-16,VV-VITA-116,2,37.71,37.71
2026-04-16,VV-VITA-121,1,17.1,19
2026-04-16,VV-VITA-124,-1,-18.84,0
2026-04-16,VV-VITA-136,2,41.64,41.64
2026-04-16,VV-VITA-142,2,46.62,51.8
2026-04-16,VV-VITA-151,2,49.28,51.81
2026-04-16,VV-VITA-153,2,36.67,38.65
2026-04-16,VV-VITA-155,4,63.08,71.23
2026-04-16,VV-VITA-166,1,21.26,23.62
2026-04-16,VV-VITA-168,5,92.75,92.75
2026-04-16,VV-VITA-170,1,18.9,18.9
2026-04-16,VV-VITA-171,4,94.09,109.05
2026-04-16,VV-VITA-197,3,50.78,59.72
2026-04-16,VV-VITA-198,3,45,45
2026-04-16,VV-VITA-199,1,19.9,19.9
2026-04-16,VV-VITA-202,2,27.09,27.09
2026-04-16,VV-VITA-203,3,47.04,50.27
2026-04-16,VV-VITA-208,3,46.15,54.27
2026-04-16,VV-VITA-222,2,36.32,38.24
2026-04-16,VV-VITA-223,10,175.4,189.94
2026-04-16,VV-VITA-224,7,127.7,140.99
2026-04-16,VV-VITA-225,1,20.9,20.9
2026-04-16,VV-VITA-243,5,75.48,82.58
2026-04-16,VV-VITA-247,1,19.91,19.91
2026-04-16,VV-VITA-248,4,74.6,86.52
2026-04-16,VV-VITA-256,-6,-120.68,22.9
2026-04-16,VV-VITA-258,1,17.01,18.9
2026-04-16,VV-VITA-259,1,20.72,20.72
2026-04-16,VV-VITA-264,1,22.08,24.53
2026-04-16,VV-VITA-276,1,23.63,23.63
2026-04-16,VV-VITA-277,2,28.16,28.16
2026-04-16,VV-VITA-297,1,15.92,15.92
2026-04-16,VV-VITA-31,1,16.28,18.08
2026-04-16,VV-VITA-313,1,17.99,19.98
2026-04-16,VV-VITA-320,11,191.17,204.46
2026-04-16,VV-VITA-338,2,34.1,34.1
2026-04-16,VV-VITA-341,1,14.32,15.9
2026-04-16,VV-VITA-342,2,35.04,35.04
2026-04-16,VV-VITA-344,1,24.9,24.9
2026-04-16,VV-VITA-355,2,45.62,45.62
2026-04-16,VV-VITA-356,3,53.1,62.45
2026-04-16,VV-VITA-361,6,93.82,103.94
2026-04-16,VV-VITA-364,20,330.82,363.91
2026-04-16,VV-VITA-366,1,13.41,14.9
2026-04-16,VV-VITA-371,1,16.36,18.16
2026-04-16,VV-VITA-377,6,73.75,86.73
2026-04-16,VV-VITA-380,1,13.9,13.9
2026-04-16,VV-VITA-381,16,216.31,242.36
2026-04-16,VV-VITA-382,5,81.92,95.22
2026-04-16,VV-VITA-386,1,19.71,21.9
2026-04-16,VV-VITA-389,5,109.24,119.43
2026-04-16,VV-VITA-39,3,50.78,59.72
2026-04-16,VV-VITA-391,9,146.99,146.99
2026-04-16,VV-VITA-395,2,32.59,32.59
2026-04-16,VV-VITA-403,3,55.74,59.72
2026-04-16,VV-VITA-407,1,22.32,22.32
2026-04-16,VV-VITA-408,6,66.16,146.58
2026-04-16,VV-VITA-49,14,193.65,215.31
2026-04-16,VV-VITA-57-V2,1,20.45,22.71
2026-04-16,VV-VITA-63,4,71.58,80.14
2026-04-16,VV-VITA-90,15,235.77,250.8
2026-04-16,VV-VITA-94,6,136.45,155.85
2026-04-17,,8,127.18,136.32
2026-04-17,BJ-E223-8EKW,1,22.41,24.9
2026-04-17,VV-VITA-02,1,16.35,18.16
2026-04-17,VV-VITA-101,3,44.51,52.33
2026-04-17,VV-VITA-109,1,20.9,20.9
2026-04-17,VV-VITA-119,2,36.08,36.08
2026-04-17,VV-VITA-121,1,22.72,22.72
2026-04-17,VV-VITA-136,1,22.72,22.72
2026-04-17,VV-VITA-142,2,44.58,46.65
2026-04-17,VV-VITA-155,3,46.75,50.09
2026-04-17,VV-VITA-159,1,20.45,22.71
2026-04-17,VV-VITA-166,1,23.63,23.63
2026-04-17,VV-VITA-168,3,52.59,56.41
2026-04-17,VV-VITA-172,1,19.9,19.9
2026-04-17,VV-VITA-208,2,35.82,39.8
2026-04-17,VV-VITA-222,2,34.42,38.24
2026-04-17,VV-VITA-223,17,265.56,306.25
2026-04-17,VV-VITA-224,2,35.82,39.8
2026-04-17,VV-VITA-243,8,128.64,140.26
2026-04-17,VV-VITA-248,3,62.59,73.6
2026-04-17,VV-VITA-256,6,122.28,132.57
2026-04-17,VV-VITA-257,5,106,134.5
2026-04-17,VV-VITA-276,1,24.9,24.9
2026-04-17,VV-VITA-284,1,20.29,22.54
2026-04-17,VV-VITA-297,1,15.92,15.92
2026-04-17,VV-VITA-311,3,54.25,56.24
2026-04-17,VV-VITA-313,1,17.99,19.98
2026-04-17,VV-VITA-320,3,44.87,47.9
2026-04-17,VV-VITA-326,2,44.82,49.8
2026-04-17,VV-VITA-336,1,18.17,18.17
2026-04-17,VV-VITA-339,1,19.81,19.81
2026-04-17,VV-VITA-341,1,18.86,18.86
2026-04-17,VV-VITA-342,3,44.3,47.19
2026-04-17,VV-VITA-344,2,39.11,43.45
2026-04-17,VV-VITA-345,1,26.01,26.01
2026-04-17,VV-VITA-351,2,35.82,39.8
2026-04-17,VV-VITA-354,10,180.48,215.15
2026-04-17,VV-VITA-355,1,22.72,22.72
2026-04-17,VV-VITA-356,1,16.35,16.35
2026-04-17,VV-VITA-361,3,50.9,54.51
2026-04-17,VV-VITA-364,4,67.12,75.6
2026-04-17,VV-VITA-376,2,33.93,33.93
2026-04-17,VV-VITA-379,7,112.24,127.65
2026-04-17,VV-VITA-381,20,300.35,318.44
2026-04-17,VV-VITA-386,1,22.91,25.44
2026-04-17,VV-VITA-389,4,81.9,92.32
2026-04-17,VV-VITA-391,6,92.86,92.86
2026-04-17,VV-VITA-394,1,21.26,23.62
2026-04-17,VV-VITA-403,3,50.76,59.7
2026-04-17,VV-VITA-405,1,12.72,12.72
2026-04-17,VV-VITA-407,1,22.32,22.32
2026-04-17,VV-VITA-408,7,22.41,179.66
2026-04-17,VV-VITA-410,1,25.9,25.9
2026-04-17,VV-VITA-411,2,43.62,43.62
2026-04-17,VV-VITA-49,7,96.04,105.84
2026-04-17,VV-VITA-50,2,38.72,40.81
2026-04-17,VV-VITA-57-V2,1,24.45,24.45
2026-04-17,VV-VITA-63,1,19.44,21.6
2026-04-17,VV-VITA-90,5,70.53,77.04
2026-04-18,,7,109.3,116.46
2026-04-18,BJ-E223-8EKW,1,22.41,24.9
2026-04-18,CW-KVIN-V39Y,3,68.12,75.68
2026-04-18,VI-ZU99-SZ0B,1,14.55,14.55
2026-04-18,VV-VITA-111,1,20.9,20.9
2026-04-18,VV-VITA-142,2,42.55,47.25
2026-04-18,VV-VITA-151,2,42.55,47.25
2026-04-18,VV-VITA-153,2,32.56,36.17
2026-04-18,VV-VITA-155,5,79.55,86.5
2026-04-18,VV-VITA-158,1,25.5,25.5
2026-04-18,VV-VITA-168,1,16.65,16.65
2026-04-18,VV-VITA-190,1,17.91,19.9
2026-04-18,VV-VITA-197,1,24.9,24.9
2026-04-18,VV-VITA-198,4,57.32,63.68
2026-04-18,VV-VITA-199,1,19.9,19.9
2026-04-18,VV-VITA-203,1,19.9,19.9
2026-04-18,VV-VITA-222,5,87.47,96.05
2026-04-18,VV-VITA-223,20,291.32,334.42
2026-04-18,VV-VITA-224,2,38.71,40.8
2026-04-18,VV-VITA-225,2,30.34,33.71
2026-04-18,VV-VITA-243,5,78.09,88.57
2026-04-18,VV-VITA-256,1,22.65,22.65
2026-04-18,VV-VITA-257,1,24.21,26.9
2026-04-18,VV-VITA-258,1,18.9,18.9
2026-04-18,VV-VITA-264,1,25.9,25.9
2026-04-18,VV-VITA-276,1,24.9,24.9
2026-04-18,VV-VITA-277,1,11.61,12.9
2026-04-18,VV-VITA-318,1,13.9,15.44
2026-04-18,VV-VITA-320,7,130.02,134.32
2026-04-18,VV-VITA-326,2,43.98,43.98
2026-04-18,VV-VITA-336,4,74.34,82.6
2026-04-18,VV-VITA-339,5,99.9,99.9
2026-04-18,VV-VITA-341,1,17.26,17.26
2026-04-18,VV-VITA-342,4,57.79,67.09
2026-04-18,VV-VITA-344,2,47.54,47.54
2026-04-18,VV-VITA-345,1,20.24,20.24
2026-04-18,VV-VITA-349,3,52.2,52.2
2026-04-18,VV-VITA-351,2,35.82,39.8
2026-04-18,VV-VITA-354,2,32.05,35.61
2026-04-18,VV-VITA-355,1,18.86,18.86
2026-04-18,VV-VITA-356,2,32.45,32.45
2026-04-18,VV-VITA-363,1,15.21,16.9
2026-04-18,VV-VITA-364,16,256.09,286
2026-04-18,VV-VITA-368,1,16.36,18.16
2026-04-18,VV-VITA-376,7,113.94,120.83
2026-04-18,VV-VITA-377,1,14.9,14.9
2026-04-18,VV-VITA-378,1,14.12,14.12
2026-04-18,VV-VITA-380,3,41.09,45.66
2026-04-18,VV-VITA-381,19,270.65,282.73
2026-04-18,VV-VITA-382,1,17.01,18.9
2026-04-18,VV-VITA-389,1,23.9,23.9
2026-04-18,VV-VITA-391,4,63.68,63.68
2026-04-18,VV-VITA-408,2,0,49.8
2026-04-18,VV-VITA-410,1,23.55,23.55
2026-04-18,VV-VITA-411,1,19.63,21.81
2026-04-18,VV-VITA-49,3,46.23,46.23
2026-04-18,VV-VITA-90,8,115.46,124.15
2026-04-18,VV-VITA-94,1,23.72,26.35
2026-04-19,,13,186.9,203.36
2026-04-19,BJ-E223-8EKW,1,24.9,24.9
2026-04-19,CW-KVIN-V39Y,3,57.09,63.42
2026-04-19,NX-CVPF-VCEZ,1,21.81,21.81
2026-04-19,VV-VITA-02,1,14.09,14.09
2026-04-19,VV-VITA-101,1,18.26,18.26
2026-04-19,VV-VITA-116,2,33.54,35.34
2026-04-19,VV-VITA-142,3,66.06,77.7
2026-04-19,VV-VITA-153,7,114.37,139.32
2026-04-19,VV-VITA-155,2,32.73,36.34
2026-04-19,VV-VITA-157,2,27.8,27.8
2026-04-19,VV-VITA-158,5,125.18,136.98
2026-04-19,VV-VITA-159,3,57.95,68.14
2026-04-19,VV-VITA-165,2,46.81,57.8
2026-04-19,VV-VITA-168,5,82.33,90.48
2026-04-19,VV-VITA-171,1,27.9,27.9
2026-04-19,VV-VITA-172,4,90.87,90.87
2026-04-19,VV-VITA-188,2,28.64,28.64
2026-04-19,VV-VITA-189,1,18.81,20.9
2026-04-19,VV-VITA-198,2,31.84,31.84
2026-04-19,VV-VITA-203,1,19.9,19.9
2026-04-19,VV-VITA-207,1,19.91,19.91
2026-04-19,VV-VITA-222,7,114.1,130.8
2026-04-19,VV-VITA-223,37,587.97,682.05
2026-04-19,VV-VITA-224,14,233.78,278.6
2026-04-19,VV-VITA-243,13,194.98,229.14
2026-04-19,VV-VITA-247,1,20.82,20.82
2026-04-19,VV-VITA-248,3,61.51,68.33
2026-04-19,VV-VITA-256,7,133.11,152.52
2026-04-19,VV-VITA-257,3,55.36,65.11
2026-04-19,VV-VITA-258,2,34.02,37.8
2026-04-19,VV-VITA-264,1,25.9,25.9
2026-04-19,VV-VITA-276,4,98.46,103.71
2026-04-19,VV-VITA-277,2,21.11,23.45
2026-04-19,VV-VITA-284,2,42.48,47.2
2026-04-19,VV-VITA-297,5,72.04,82.65
2026-04-19,VV-VITA-31,1,21.9,21.9
2026-04-19,VV-VITA-311,5,87.13,92.57
2026-04-19,VV-VITA-313,1,19.81,19.81
2026-04-19,VV-VITA-320,19,342.64,390.41
2026-04-19,VV-VITA-336,2,39.8,39.8
2026-04-19,VV-VITA-338,3,46.11,49.29
2026-04-19,VV-VITA-342,4,61.72,65.22
2026-04-19,VV-VITA-344,1,24.9,24.9
2026-04-19,VV-VITA-355,3,58.83,62.86
2026-04-19,VV-VITA-356,1,15.77,15.77
2026-04-19,VV-VITA-364,10,166.74,177.5
2026-04-19,VV-VITA-365,1,13.42,14.9
2026-04-19,VV-VITA-371,1,18.17,18.17
2026-04-19,VV-VITA-374,1,18.09,18.09
2026-04-19,VV-VITA-375,1,16.9,16.9
2026-04-19,VV-VITA-376,1,17.26,17.26
2026-04-19,VV-VITA-377,1,13.41,14.9
2026-04-19,VV-VITA-380,2,26.15,26.15
2026-04-19,VV-VITA-381,12,170.55,185.88
2026-04-19,VV-VITA-387,2,46.13,48.72
2026-04-19,VV-VITA-389,3,60.96,71.7
2026-04-19,VV-VITA-39,3,55.53,59.68
2026-04-19,VV-VITA-391,4,71.1,71.1
2026-04-19,VV-VITA-395,3,42.33,45.36
2026-04-19,VV-VITA-398,1,13.55,13.55
2026-04-19,VV-VITA-402,1,22.42,24.9
2026-04-19,VV-VITA-403,4,66.05,74.17
2026-04-19,VV-VITA-405,5,61.06,63.6
2026-04-19,VV-VITA-407,1,20.08,22.32
2026-04-19,VV-VITA-408,11,40.33,275.99
2026-04-19,VV-VITA-49,4,58.33,61.35
2026-04-19,VV-VITA-63,3,48.68,57.24
2026-04-19,VV-VITA-86,2,40.8,40.8
2026-04-19,VV-VITA-90,6,99.53,99.53
2026-04-19,VV-VITA-94,2,46.62,51.8
2026-04-20,,19,256.96,278.23
2026-04-20,BJ-E223-8EKW,4,94.17,99.15
2026-04-20,CW-KVIN-V39Y,2,54.64,57.37
2026-04-20,VV-VITA-111,1,20.9,20.9
2026-04-20,VV-VITA-119,7,111.16,111.16
2026-04-20,VV-VITA-129,1,16.35,18.16
2026-04-20,VV-VITA-136,1,20.45,22.71
2026-04-20,VV-VITA-142,1,23.32,25.9
2026-04-20,VV-VITA-151,1,26.45,26.45
2026-04-20,VV-VITA-153,4,67.79,76.22
2026-04-20,VV-VITA-155,4,80.94,85.12
2026-04-20,VV-VITA-157,-2,-25.02,0
2026-04-20,VV-VITA-158,2,51.04,51.04
2026-04-20,VV-VITA-165,2,44.86,59.8
2026-04-20,VV-VITA-166,2,31.36,41.8
2026-04-20,VV-VITA-171,2,47.38,52.64
2026-04-20,VV-VITA-198,6,107.47,117.79
2026-04-20,VV-VITA-199,1,19.9,19.9
2026-04-20,VV-VITA-203,5,80.15,92.05
2026-04-20,VV-VITA-204,1,15.55,17.26
2026-04-20,VV-VITA-222,1,23.9,23.9
2026-04-20,VV-VITA-223,7,137.07,160.31
2026-04-20,VV-VITA-224,1,20.9,20.9
2026-04-20,VV-VITA-231,4,98.02,108.88
2026-04-20,VV-VITA-237,9,151.06,170
2026-04-20,VV-VITA-243,3,44.7,52.56
2026-04-20,VV-VITA-247,2,37.36,41.51
2026-04-20,VV-VITA-248,2,44.25,46.44
2026-04-20,VV-VITA-256,6,119.69,136.77
2026-04-20,VV-VITA-257,3,68.61,80.7
2026-04-20,VV-VITA-258,1,18.9,18.9
2026-04-20,VV-VITA-259,4,83.86,131.61
2026-04-20,VV-VITA-264,5,111.63,127.15
2026-04-20,VV-VITA-276,2,49.8,49.8
2026-04-20,VV-VITA-277,2,28.26,28.26
2026-04-20,VV-VITA-284,1,23.6,23.6
2026-04-20,VV-VITA-303,3,55.76,61.95
2026-04-20,VV-VITA-308,-1,-22.02,0
2026-04-20,VV-VITA-311,5,90.58,98.62
2026-04-20,VV-VITA-313,1,20.82,20.82
2026-04-20,VV-VITA-318,1,18.9,18.9
2026-04-20,VV-VITA-320,5,115.96,124.03
2026-04-20,VV-VITA-338,3,55.45,61.61
2026-04-20,VV-VITA-341,2,30.21,31.84
2026-04-20,VV-VITA-342,6,102.96,115.58
2026-04-20,VV-VITA-344,7,127.2,141.1
2026-04-20,VV-VITA-345,1,20.9,20.9
2026-04-20,VV-VITA-346,1,13.55,13.55
2026-04-20,VV-VITA-354,2,39.95,79.7
2026-04-20,VV-VITA-355,1,19.57,19.57
2026-04-20,VV-VITA-359,3,57.23,59.22
2026-04-20,VV-VITA-363,2,32.11,33.8
2026-04-20,VV-VITA-364,17,323.94,362.96
2026-04-20,VV-VITA-365,2,29.8,29.8
2026-04-20,VV-VITA-366,1,13.41,14.9
2026-04-20,VV-VITA-371,2,29.86,39.8
2026-04-20,VV-VITA-373,2,23.84,23.84
2026-04-20,VV-VITA-374,1,19.08,19.08
2026-04-20,VV-VITA-375,2,33.8,33.8
2026-04-20,VV-VITA-377,1,14.9,14.9
2026-04-20,VV-VITA-381,19,282.45,285.43
2026-04-20,VV-VITA-389,1,21.51,23.9
2026-04-20,VV-VITA-39,2,32.73,36.34
2026-04-20,VV-VITA-391,9,143.67,147.26
2026-04-20,VV-VITA-394,2,39.3,39.3
2026-04-20,VV-VITA-395,3,48.07,48.07
2026-04-20,VV-VITA-403,5,92.67,101.18
2026-04-20,VV-VITA-405,1,12.72,12.72
2026-04-20,VV-VITA-408,3,0,102.78
2026-04-20,VV-VITA-49,2,37.8,37.8
2026-04-20,VV-VITA-63,1,18.12,18.12
2026-04-20,VV-VITA-86,1,17.91,19.9
2026-04-20,VV-VITA-90,2,37.26,39.06
2026-04-20,VV-VITA-93,2,34.78,34.78
2026-04-20,VV-VITA-94,4,89.37,103.6
2026-04-21,,27,323.47,587.51
2026-04-21,BJ-E223-8EKW,2,39.49,43.87
2026-04-21,CW-KVIN-V39Y,5,90.08,117.48
2026-04-21,TU-QNYD-JRRX,21,257.99,317.52
2026-04-21,VI-ZU99-SZ0B,6,69.84,107.4
2026-04-21,VV-VITA-101,6,103.36,169.03
2026-04-21,VV-VITA-116,4,52.82,71.6
2026-04-21,VV-VITA-119,8,111.29,119.8
2026-04-21,VV-VITA-136,1,20.45,22.72
2026-04-21,VV-VITA-142,1,23.63,23.63
2026-04-21,VV-VITA-151,3,67.91,72.61
2026-04-21,VV-VITA-153,4,67.71,79.63
2026-04-21,VV-VITA-157,1,12.51,13.9
2026-04-21,VV-VITA-158,6,119.24,146.79
2026-04-21,VV-VITA-159,8,141.04,158.11
2026-04-21,VV-VITA-165,2,48.93,54.36
2026-04-21,VV-VITA-168,3,46.62,71.7
2026-04-21,VV-VITA-170,1,12.29,18.9
2026-04-21,VV-VITA-171,3,69.33,81.54
2026-04-21,VV-VITA-188,1,17.99,19.98
2026-04-21,VV-VITA-198,2,32.71,36.32
2026-04-21,VV-VITA-204,1,19.63,19.63
2026-04-21,VV-VITA-208,7,98.09,142.12
2026-04-21,VV-VITA-215,2,29.46,37.97
2026-04-21,VV-VITA-222,-2,-34.42,0
2026-04-21,VV-VITA-223,12,250.53,286.54
2026-04-21,VV-VITA-224,6,86.81,118.58
2026-04-21,VV-VITA-237,3,50.76,59.7
2026-04-21,VV-VITA-250,-1,-17.9,0
2026-04-21,VV-VITA-257,3,68.61,80.7
2026-04-21,VV-VITA-258,2,33.3,33.3
2026-04-21,VV-VITA-259,5,108.43,124.54
2026-04-21,VV-VITA-264,2,49.07,54.52
2026-04-21,VV-VITA-276,7,133.21,173.03
2026-04-21,VV-VITA-277,1,12.19,13.54
2026-04-21,VV-VITA-284,1,15.54,23.9
2026-04-21,VV-VITA-297,5,76.63,99.5
2026-04-21,VV-VITA-303,1,16.36,18.16
2026-04-21,VV-VITA-311,1,17.61,36.33
2026-04-21,VV-VITA-313,9,124.74,173.37
2026-04-21,VV-VITA-316,1,19.9,19.9
2026-04-21,VV-VITA-320,8,180.55,204.73
2026-04-21,VV-VITA-326,1,19.08,19.08
2026-04-21,VV-VITA-336,-1,-19.9,0
2026-04-21,VV-VITA-338,3,53.37,56.87
2026-04-21,VV-VITA-339,7,97.45,139.21
2026-04-21,VV-VITA-341,5,71.74,76.25
2026-04-21,VV-VITA-342,5,92.93,98.4
2026-04-21,VV-VITA-344,2,36.28,36.28
2026-04-21,VV-VITA-345,1,20.9,20.9
2026-04-21,VV-VITA-355,3,60.48,65
2026-04-21,VV-VITA-358,1,13.87,17.33
2026-04-21,VV-VITA-359,2,36.27,38.07
2026-04-21,VV-VITA-364,7,149.78,160.38
2026-04-21,VV-VITA-365,6,58.14,89.4
2026-04-21,VV-VITA-368,1,14.54,14.54
2026-04-21,VV-VITA-371,3,54.51,54.51
2026-04-21,VV-VITA-379,4,50.86,57.28
2026-04-21,VV-VITA-381,22,257.86,332.52
2026-04-21,VV-VITA-385,5,60.86,84.5
2026-04-21,VV-VITA-386,4,56.96,87.6
2026-04-21,VV-VITA-39,1,18.17,18.17
2026-04-21,VV-VITA-391,3,61.53,61.53
2026-04-21,VV-VITA-394,9,133.54,157.02
2026-04-21,VV-VITA-395,3,60.7,60.7
2026-04-21,VV-VITA-398,2,21.95,27.08
2026-04-21,VV-VITA-403,5,72.47,79.61
2026-04-21,VV-VITA-405,2,25.44,25.44
2026-04-21,VV-VITA-410,2,33.68,51.8
2026-04-21,VV-VITA-411,1,13.59,20.9
2026-04-21,VV-VITA-49,2,34.36,54.97
2026-04-21,VV-VITA-50,3,40.49,58.06
2026-04-21,VV-VITA-57-V,2,65.29,72.54
2026-04-21,VV-VITA-88,-1,-21.63,0
2026-04-21,VV-VITA-90,4,77.46,81.42
2026-04-21,VV-VITA-93,1,12.68,16.9
2026-04-21,VV-VITA-94,2,47.45,52.7
2026-04-22,,25,366.05,370.89
2026-04-22,NX-CVPF-VCEZ,1,21.82,21.82
2026-04-22,VI-ZU99-SZ0B,1,17.26,17.26
2026-04-22,VV-VITA-02,1,12.89,14.32
2026-04-22,VV-VITA-109,6,80.26,113.31
2026-04-22,VV-VITA-119,1,15.12,15.12
2026-04-22,VV-VITA-136,1,21.71,21.71
2026-04-22,VV-VITA-153,4,64.3,79.62
2026-04-22,VV-VITA-155,2,39.85,39.85
2026-04-22,VV-VITA-157,11,104.3,154.44
2026-04-22,VV-VITA-158,3,65.1,76.56
2026-04-22,VV-VITA-159,5,83.66,95.95
2026-04-22,VV-VITA-188,8,109.28,144.16
2026-04-22,VV-VITA-197,5,105.85,124.5
2026-04-22,VV-VITA-198,2,26,39.98
2026-04-22,VV-VITA-202,1,13.55,13.55
2026-04-22,VV-VITA-203,5,86.47,92.44
2026-04-22,VV-VITA-208,18,244.63,357.93
2026-04-22,VV-VITA-215,12,156.92,226.8
2026-04-22,VV-VITA-222,1,17.21,19.12
2026-04-22,VV-VITA-223,20,339.93,442.43
2026-04-22,VV-VITA-224,3,48.17,51.43
2026-04-22,VV-VITA-225,1,20.9,20.9
2026-04-22,VV-VITA-237,16,235.88,318.4
2026-04-22,VV-VITA-257,11,196.61,290.71
2026-04-22,VV-VITA-276,11,180.22,277.17
2026-04-22,VV-VITA-277,3,38.7,39.99
2026-04-22,VV-VITA-295,16,289.38,336.62
2026-04-22,VV-VITA-297,1,21.71,21.71
2026-04-22,VV-VITA-303,5,79.47,95.25
2026-04-22,VV-VITA-313,7,95.47,132.3
2026-04-22,VV-VITA-318,3,52.97,58.86
2026-04-22,VV-VITA-319,1,19.9,19.9
2026-04-22,VV-VITA-320,6,109.5,117.63
2026-04-22,VV-VITA-326,1,17.17,19.07
2026-04-22,VV-VITA-339,3,40.95,62.97
2026-04-22,VV-VITA-341,2,31.08,34.52
2026-04-22,VV-VITA-342,3,60.53,62.72
2026-04-22,VV-VITA-344,1,18.9,18.9
2026-04-22,VV-VITA-345,5,95.99,108.49
2026-04-22,VV-VITA-354,5,71.2,109.5
2026-04-22,VV-VITA-355,3,52.95,72.69
2026-04-22,VV-VITA-356,1,15.85,15.85
2026-04-22,VV-VITA-358,2,45.44,45.44
2026-04-22,VV-VITA-364,8,164.17,185.37
2026-04-22,VV-VITA-368,2,28.86,28.86
2026-04-22,VV-VITA-373,1,13.81,13.81
2026-04-22,VV-VITA-377,1,16.35,16.35
2026-04-22,VV-VITA-381,9,125.16,134.1
2026-04-22,VV-VITA-389,10,155.4,239
2026-04-22,VV-VITA-403,2,28.66,31.84
2026-04-22,VV-VITA-408,1,17.93,19.92
2026-04-22,VV-VITA-410,1,24.54,24.54
2026-04-22,VV-VITA-49,9,123.25,179.37
2026-04-22,VV-VITA-63,3,42.75,45.78
2026-04-22,VV-VITA-86,6,84.32,99.24
2026-04-23,,23,253.69,321.95
2026-04-23,CW-KVIN-V39Y,2,30.84,34.26
2026-04-23,NX-CVPF-VCEZ,1,19.63,21.81
2026-04-23,VV-VITA-101,2,39.27,43.61
2026-04-23,VV-VITA-109,2,32.25,32.25
2026-04-23,VV-VITA-111,1,19.9,19.9
2026-04-23,VV-VITA-119,3,44.78,44.78
2026-04-23,VV-VITA-129,1,18.9,18.9
2026-04-23,VV-VITA-151,1,22.83,25.36
2026-04-23,VV-VITA-157,0,0,13.9
2026-04-23,VV-VITA-158,1,25.52,25.52
2026-04-23,VV-VITA-168,2,43.02,47.8
2026-04-23,VV-VITA-171,1,27.26,27.26
2026-04-23,VV-VITA-172,1,20.45,22.71
2026-04-23,VV-VITA-198,4,65.43,72.69
2026-04-23,VV-VITA-208,1,19.9,19.9
2026-04-23,VV-VITA-215,1,17.01,18.9
2026-04-23,VV-VITA-222,2,45.41,47.8
2026-04-23,VV-VITA-223,3,84.54,188.2
2026-04-23,VV-VITA-224,2,37.64,41.8
2026-04-23,VV-VITA-237,1,19.9,19.9
2026-04-23,VV-VITA-243,-1,-17.52,0
2026-04-23,VV-VITA-248,-2,-35.46,0
2026-04-23,VV-VITA-256,1,20.61,22.9
2026-04-23,VV-VITA-258,6,107.73,113.4
2026-04-23,VV-VITA-264,3,66.06,77.7
2026-04-23,VV-VITA-284,3,57.95,68.14
2026-04-23,VV-VITA-295,4,76.92,86.3
2026-04-23,VV-VITA-297,2,29.36,32.62
2026-04-23,VV-VITA-303,2,37.36,37.36
2026-04-23,VV-VITA-316,1,16.35,16.35
2026-04-23,VV-VITA-320,12,248.03,283.82
2026-04-23,VV-VITA-326,3,59.83,64.35
2026-04-23,VV-VITA-338,4,68.67,79.6
2026-04-23,VV-VITA-342,2,36.06,40.06
2026-04-23,VV-VITA-344,1,20.69,20.69
2026-04-23,VV-VITA-345,4,76.56,88.81
2026-04-23,VV-VITA-346,1,13.9,13.9
2026-04-23,VV-VITA-349,3,47.06,52.29
2026-04-23,VV-VITA-355,3,62.62,73.65
2026-04-23,VV-VITA-357,2,37.8,37.8
2026-04-23,VV-VITA-364,3,55.42,65.18
2026-04-23,VV-VITA-377,7,93.44,100.61
2026-04-23,VV-VITA-379,3,36.54,42.96
2026-04-23,VV-VITA-381,15,228.6,277.77
2026-04-23,VV-VITA-382,1,15.12,15.12
2026-04-23,VV-VITA-389,1,22.72,22.72
2026-04-23,VV-VITA-391,3,68.97,68.97
2026-04-23,VV-VITA-403,6,85.2,95.52
2026-04-23,VV-VITA-405,4,49.29,63.6
2026-04-23,VV-VITA-49,1,18.9,18.9
2026-04-23,VV-VITA-63,5,67.19,76.31
2026-04-23,VV-VITA-86,1,14.33,15.92
2026-04-23,VV-VITA-88,4,81.28,95.6
2026-04-23,VV-VITA-90,3,58.52,62.7
2026-04-24,,27,336.06,391.96
2026-04-24,BJ-E223-8EKW,1,24.9,24.9
2026-04-24,VI-ZU99-SZ0B,1,14.65,16.27
2026-04-24,VV-VITA-02,1,18.17,18.17
2026-04-24,VV-VITA-101,4,90.83,98.04
2026-04-24,VV-VITA-119,1,15.12,15.12
2026-04-24,VV-VITA-136,1,19.9,19.9
2026-04-24,VV-VITA-142,1,25.9,25.9
2026-04-24,VV-VITA-151,1,23.63,23.63
2026-04-24,VV-VITA-155,4,77.33,83.6
2026-04-24,VV-VITA-158,1,20.35,20.35
2026-04-24,VV-VITA-159,10,169.15,195.7
2026-04-24,VV-VITA-168,2,40.9,45.43
2026-04-24,VV-VITA-172,1,20.45,22.72
2026-04-24,VV-VITA-198,-2,-33.84,0
2026-04-24,VV-VITA-203,4,67.07,77.8
2026-04-24,VV-VITA-222,2,38.72,47.8
2026-04-24,VV-VITA-223,16,334.67,371.11
2026-04-24,VV-VITA-224,9,148.84,170.49
2026-04-24,VV-VITA-237,3,52.13,59.7
2026-04-24,VV-VITA-248,4,74.9,87.6
2026-04-24,VV-VITA-252,2,40.75,45.27
2026-04-24,VV-VITA-256,3,60.27,70.87
2026-04-24,VV-VITA-257,6,129.01,143.34
2026-04-24,VV-VITA-284,2,40.9,45.43
2026-04-24,VV-VITA-313,3,56.21,62.45
2026-04-24,VV-VITA-316,4,82.72,82.72
2026-04-24,VV-VITA-320,13,295.77,311.51
2026-04-24,VV-VITA-338,1,17.91,19.9
2026-04-24,VV-VITA-339,2,42.54,42.54
2026-04-24,VV-VITA-341,1,14.31,15.9
2026-04-24,VV-VITA-344,1,18.9,18.9
2026-04-24,VV-VITA-345,4,90.25,92.8
2026-04-24,VV-VITA-355,4,82.5,86.68
2026-04-24,VV-VITA-361,5,92.13,95.9
2026-04-24,VV-VITA-364,12,232.32,265.55
2026-04-24,VV-VITA-375,1,16.9,16.9
2026-04-24,VV-VITA-376,1,13.01,14.45
2026-04-24,VV-VITA-377,1,14.45,14.45
2026-04-24,VV-VITA-378,2,25.8,25.8
2026-04-24,VV-VITA-381,7,104.89,108.26
2026-04-24,VV-VITA-382,1,15.12,15.12
2026-04-24,VV-VITA-387,1,31.56,31.56
2026-04-24,VV-VITA-39,1,20.61,22.9
2026-04-24,VV-VITA-393,3,38.39,50.16
2026-04-24,VV-VITA-394,6,96.44,113.4
2026-04-24,VV-VITA-395,1,18.9,18.9
2026-04-24,VV-VITA-402,1,21.26,23.62
2026-04-24,VV-VITA-403,4,59.2,62.38
2026-04-24,VV-VITA-49,1,18.9,18.9
2026-04-24,VV-VITA-57-V2,1,27.36,27.36
2026-04-24,VV-VITA-86,1,13.02,14.47
2026-04-24,VV-VITA-88,1,23.9,23.9
2026-04-24,VV-VITA-90,1,18.81,20.9
2026-04-24,VV-VITA-93,1,16.9,16.9
2026-04-25,,12,118.53,166.29
2026-04-25,BJ-E223-8EKW,4,84.68,99.6
2026-04-25,VV-VITA-109,1,18.9,18.9
2026-04-25,VV-VITA-119,1,14.54,14.54
2026-04-25,VV-VITA-151,4,87.35,98.6
2026-04-25,VV-VITA-153,1,19.91,19.91
2026-04-25,VV-VITA-155,3,55.41,65.19
2026-04-25,VV-VITA-157,1,13.9,13.9
2026-04-25,VV-VITA-168,1,22.72,22.72
2026-04-25,VV-VITA-188,3,53.7,53.7
2026-04-25,VV-VITA-203,2,32.72,36.34
2026-04-25,VV-VITA-208,3,50.76,59.7
2026-04-25,VV-VITA-223,5,105.65,119.06
2026-04-25,VV-VITA-224,2,35.82,39.8
2026-04-25,VV-VITA-256,1,20.61,22.9
2026-04-25,VV-VITA-257,4,98.94,111.65
2026-04-25,VV-VITA-297,5,88.23,101.33
2026-04-25,VV-VITA-313,1,20.82,20.82
2026-04-25,VV-VITA-316,1,19.9,19.9
2026-04-25,VV-VITA-320,2,48.42,53.8
2026-04-25,VV-VITA-341,1,14.32,14.32
2026-04-25,VV-VITA-342,2,37.87,37.87
2026-04-25,VV-VITA-344,1,19.92,19.92
2026-04-25,VV-VITA-354,1,20.39,22.65
2026-04-25,VV-VITA-361,1,16.9,16.9
2026-04-25,VV-VITA-377,3,34.21,44.7
2026-04-25,VV-VITA-379,2,27.49,30.52
2026-04-25,VV-VITA-381,23,347.91,355.36
2026-04-25,VV-VITA-382,1,15.12,15.12
2026-04-25,VV-VITA-389,4,81.85,92.04
2026-04-25,VV-VITA-39,11,185.64,218.32
2026-04-25,VV-VITA-391,1,24.54,24.54
2026-04-25,VV-VITA-394,1,20.4,20.4
2026-04-25,VV-VITA-403,6,84.41,95.53
2026-04-25,VV-VITA-408,3,60.27,70.87
2026-04-25,VV-VITA-411,2,39.27,43.61
2026-04-25,VV-VITA-88,1,25.36,25.36
2026-04-25,VV-VITA-94,1,26.35,26.35
2026-04-26,,25,294.83,373.18
2026-04-26,BJ-E223-8EKW,2,44.82,49.8
2026-04-26,TU-QNYD-JRRX,2,25.8,28.66
2026-04-26,VV-VITA-101,1,22.64,22.64
2026-04-26,VV-VITA-119,2,29.66,29.66
2026-04-26,VV-VITA-151,3,54.87,71.7
2026-04-26,VV-VITA-153,1,20.82,20.82
2026-04-26,VV-VITA-157,1,13.9,13.9
2026-04-26,VV-VITA-158,6,156.21,156.21
2026-04-26,VV-VITA-159,1,14.54,18.17
2026-04-26,VV-VITA-166,1,19.81,19.81
2026-04-26,VV-VITA-188,3,54.27,54.27
2026-04-26,VV-VITA-189,3,55.86,65.7
2026-04-26,VV-VITA-198,1,19.9,19.9
2026-04-26,VV-VITA-203,3,50.76,59.7
2026-04-26,VV-VITA-208,1,19.9,19.9
2026-04-26,VV-VITA-223,23,499.57,538.64
2026-04-26,VV-VITA-224,3,56.32,56.32
2026-04-26,VV-VITA-237,1,17.91,19.9
2026-04-26,VV-VITA-248,1,21.9,21.9
2026-04-26,VV-VITA-252,1,24.55,24.55
2026-04-26,VV-VITA-256,1,20.82,23.62
2026-04-26,VV-VITA-307,2,27.63,29.07
2026-04-26,VV-VITA-313,1,15.99,19.98
2026-04-26,VV-VITA-318,1,13.61,15.44
2026-04-26,VV-VITA-319,1,16.8,19.08
2026-04-26,VV-VITA-320,7,160.73,170.05
2026-04-26,VV-VITA-326,2,34.36,38.15
2026-04-26,VV-VITA-339,2,37.81,39.8
2026-04-26,VV-VITA-341,1,15.9,15.9
2026-04-26,VV-VITA-342,4,81.71,83.87
2026-04-26,VV-VITA-345,4,79.99,91.59
2026-04-26,VV-VITA-359,1,15.46,17.17
2026-04-26,VV-VITA-361,1,13.83,15.36
2026-04-26,VV-VITA-362,1,17.91,19.9
2026-04-26,VV-VITA-364,2,42.55,47.25
2026-04-26,VV-VITA-371,1,18.17,18.17
2026-04-26,VV-VITA-375,1,17.83,17.83
2026-04-26,VV-VITA-379,5,67.95,73.38
2026-04-26,VV-VITA-381,7,105.17,106.66
2026-04-26,VV-VITA-383,1,18.47,18.47
2026-04-26,VV-VITA-391,1,21.73,21.73
2026-04-26,VV-VITA-394,6,91.2,91.2
2026-04-26,VV-VITA-395,5,88.94,96.5
2026-04-26,VV-VITA-398,1,11.37,12.63
2026-04-26,VV-VITA-403,1,15.92,15.92
2026-04-26,VV-VITA-405,2,25.44,25.44
2026-04-26,VV-VITA-49,4,75.89,77.78
2026-04-26,VV-VITA-86,1,16.3,16.3
2026-04-26,VV-VITA-90,2,42.63,42.63
2026-04-27,,20,191.03,272.46
2026-04-27,CW-KVIN-V39Y,2,48.8,50.89
2026-04-27,NX-CVPF-VCEZ,1,18.81,20.9
2026-04-27,TU-QNYD-JRRX,10,151.2,151.2
2026-04-27,VI-ZU99-SZ0B,3,50.9,50.9
2026-04-27,VV-VITA-02,2,31.76,36.38
2026-04-27,VV-VITA-101,2,45.53,47.71
2026-04-27,VV-VITA-111,1,17.09,20.89
2026-04-27,VV-VITA-116,1,17.9,17.9
2026-04-27,VV-VITA-153,3,49.67,97.43
2026-04-27,VV-VITA-157,1,13.9,13.9
2026-04-27,VV-VITA-158,3,72.06,72.06
2026-04-27,VV-VITA-159,-1,-18.17,0
2026-04-27,VV-VITA-166,1,19.81,19.81
2026-04-27,VV-VITA-172,1,17.91,19.9
2026-04-27,VV-VITA-188,2,35.8,35.8
2026-04-27,VV-VITA-203,2,36.26,36.26
2026-04-27,VV-VITA-215,3,56.7,56.7
2026-04-27,VV-VITA-222,2,49.74,73.86
2026-04-27,VV-VITA-223,13,252.96,297.74
2026-04-27,VV-VITA-224,1,17.9,17.9
2026-04-27,VV-VITA-237,3,53.73,59.7
2026-04-27,VV-VITA-243,-2,-35.62,0
2026-04-27,VV-VITA-248,0,1.58,21.9
2026-04-27,VV-VITA-252,1,20.61,22.9
2026-04-27,VV-VITA-256,4,82.44,91.6
2026-04-27,VV-VITA-257,2,35.17,43.41
2026-04-27,VV-VITA-264,2,40.75,45.27
2026-04-27,VV-VITA-295,1,18.82,20.9
2026-04-27,VV-VITA-297,3,47.52,61.61
2026-04-27,VV-VITA-313,1,19.81,19.81
2026-04-27,VV-VITA-316,3,59.7,59.7
2026-04-27,VV-VITA-320,7,154.93,162.15
2026-04-27,VV-VITA-339,2,39.62,39.62
2026-04-27,VV-VITA-341,3,47.12,47.12
2026-04-27,VV-VITA-342,1,14.15,36.05
2026-04-27,VV-VITA-344,3,56.25,58.74
2026-04-27,VV-VITA-351,1,15.45,19.99
2026-04-27,VV-VITA-354,1,19.71,21.9
2026-04-27,VV-VITA-356,-1,-14.72,0
2026-04-27,VV-VITA-361,3,46.68,70.14
2026-04-27,VV-VITA-364,12,232.56,284.87
2026-04-27,VV-VITA-367,-1,-20.65,0
2026-04-27,VV-VITA-368,4,55.46,71.82
2026-04-27,VV-VITA-369,3,0,0
2026-04-27,VV-VITA-371,3,47.3,53.62
2026-04-27,VV-VITA-376,2,31.08,34.52
2026-04-27,VV-VITA-377,1,14.9,14.9
2026-04-27,VV-VITA-381,15,222.01,294.31
2026-04-27,VV-VITA-387,1,23.8,29.08
2026-04-27,VV-VITA-389,1,22.72,22.72
2026-04-27,VV-VITA-39,1,18.17,18.17
2026-04-27,VV-VITA-391,3,50.28,60.44
2026-04-27,VV-VITA-394,1,18.9,18.9
2026-04-27,VV-VITA-395,1,18.9,18.9
2026-04-27,VV-VITA-398,2,22.8,27.8
2026-04-27,VV-VITA-403,7,105.67,111.44
2026-04-27,VV-VITA-405,4,49.6,50.88
2026-04-27,VV-VITA-408,1,24.9,24.9
2026-04-27,VV-VITA-411,4,76.31,86.09
2026-04-27,VV-VITA-49,2,32.26,34.14
2026-04-27,VV-VITA-57-V,1,38.9,38.9
2026-04-27,VV-VITA-57-V2,1,22.72,22.72
2026-04-27,VV-VITA-63,1,15.26,15.26
2026-04-27,VV-VITA-88,1,25.45,25.45
2026-04-27,VV-VITA-90,1,18.17,18.17
2026-04-27,VV-VITA-94,1,25.9,25.9
2026-04-28,,27,292.63,383.47
2026-04-28,BJ-E223-8EKW,3,70.72,75.79
2026-04-28,CW-KVIN-V39Y,2,43.68,49.11
2026-04-28,TU-QNYD-JRRX,2,27.62,27.62
2026-04-28,VV-VITA-105,1,18.09,18.09
2026-04-28,VV-VITA-111,1,20.9,20.9
2026-04-28,VV-VITA-116,2,34.36,34.36
2026-04-28,VV-VITA-119,4,63.09,65.35
2026-04-28,VV-VITA-151,1,23.8,26.44
2026-04-28,VV-VITA-153,-2,-35.05,20.64
2026-04-28,VV-VITA-157,1,8.9,13.9
2026-04-28,VV-VITA-158,2,45.6,47.5
2026-04-28,VV-VITA-159,7,116.63,140.66
2026-04-28,VV-VITA-168,3,56.2,66.61
2026-04-28,VV-VITA-170,1,14.66,19.55
2026-04-28,VV-VITA-172,3,59.7,59.7
2026-04-28,VV-VITA-197,50,809.5,1245
2026-04-28,VV-VITA-208,4,72.06,88.04
2026-04-28,VV-VITA-215,3,57.25,57.25
2026-04-28,VV-VITA-222,4,88.05,96.68
2026-04-28,VV-VITA-223,18,337.58,398.84
2026-04-28,VV-VITA-224,4,66.24,80.34
2026-04-28,VV-VITA-228,5,98.15,114.41
2026-04-28,VV-VITA-237,20,284.27,348.38
2026-04-28,VV-VITA-248,2,46.44,46.44
2026-04-28,VV-VITA-256,1,22.9,22.9
2026-04-28,VV-VITA-257,3,78.02,80.7
2026-04-28,VV-VITA-276,4,86.56,104.88
2026-04-28,VV-VITA-295,3,57.74,67.91
2026-04-28,VV-VITA-297,1,19.9,19.9
2026-04-28,VV-VITA-303,1,15.25,36.34
2026-04-28,VV-VITA-316,1,18.09,18.09
2026-04-28,VV-VITA-318,1,18.9,18.9
2026-04-28,VV-VITA-320,4,95.14,166.17
2026-04-28,VV-VITA-338,6,73.92,123.07
2026-04-28,VV-VITA-339,3,55.28,60.44
2026-04-28,VV-VITA-341,4,59.66,61.06
2026-04-28,VV-VITA-342,8,132.59,144.39
2026-04-28,VV-VITA-344,5,90.17,91.46
2026-04-28,VV-VITA-351,2,40.78,45.31
2026-04-28,VV-VITA-354,1,21.9,21.9
2026-04-28,VV-VITA-358,1,14.66,19.55
2026-04-28,VV-VITA-359,1,19.99,19.99
2026-04-28,VV-VITA-361,2,26.07,34.76
2026-04-28,VV-VITA-362,1,18.37,19.98
2026-04-28,VV-VITA-364,7,141.8,151.87
2026-04-28,VV-VITA-369,1,0,0
2026-04-28,VV-VITA-374,2,31.58,34.36
2026-04-28,VV-VITA-375,2,26.07,34.76
2026-04-28,VV-VITA-377,10,92.4,123.14
2026-04-28,VV-VITA-379,5,39.21,71.38
2026-04-28,VV-VITA-381,4,54.6,74.5
2026-04-28,VV-VITA-385,1,13.04,17.38
2026-04-28,VV-VITA-386,1,17.11,22.81
2026-04-28,VV-VITA-387,1,20.36,27.15
2026-04-28,VV-VITA-39,9,157.15,192.78
2026-04-28,VV-VITA-391,7,139.52,144.68
2026-04-28,VV-VITA-393,5,81.47,86.9
2026-04-28,VV-VITA-394,3,51.49,53.66
2026-04-28,VV-VITA-395,1,14.66,19.55
2026-04-28,VV-VITA-403,2,32.75,35.91
2026-04-28,VV-VITA-408,2,39.11,52.14
2026-04-28,VV-VITA-410,2,46.26,53.05
2026-04-28,VV-VITA-411,1,20.9,20.9
2026-04-28,VV-VITA-417,1,22.64,22.64
2026-04-28,VV-VITA-49,1,17.99,19.98
2026-04-28,VV-VITA-63,2,33.75,34.97
2026-04-28,VV-VITA-88,1,25.36,25.36
2026-04-28,VV-VITA-90,2,37.26,39.06
2026-04-28,VV-VITA-93,0,1.09,19.98
2026-04-28,VV-VITA-94,2,44.08,53.5
2026-04-29,,45,537.8,677.43
2026-04-29,CP-DQMG-RVN9,3,55.86,65.7
2026-04-29,TU-QNYD-JRRX,1,12.6,12.6
2026-04-29,VI-ZU99-SZ0B,4,64.49,64.49
2026-04-29,VV-VITA-109,1,18.81,18.81
2026-04-29,VV-VITA-111,-1,-20.9,0
2026-04-29,VV-VITA-116,1,16.29,17.9
2026-04-29,VV-VITA-119,7,105.79,105.79
2026-04-29,VV-VITA-121,2,41.21,41.21
2026-04-29,VV-VITA-151,3,68.72,73.7
2026-04-29,VV-VITA-153,2,38.73,38.73
2026-04-29,VV-VITA-157,1,15.36,15.36
2026-04-29,VV-VITA-158,3,69.6,69.6
2026-04-29,VV-VITA-159,7,115.88,128.57
2026-04-29,VV-VITA-170,1,18.9,18.9
2026-04-29,VV-VITA-171,2,54.52,54.52
2026-04-29,VV-VITA-188,1,16.29,17.9
2026-04-29,VV-VITA-198,-1,-14.54,0
2026-04-29,VV-VITA-202,1,18.17,18.17
2026-04-29,VV-VITA-203,1,16.36,16.36
2026-04-29,VV-VITA-207,2,39.8,39.8
2026-04-29,VV-VITA-208,1,14.9,19.9
2026-04-29,VV-VITA-215,8,151.2,151.2
2026-04-29,VV-VITA-222,1,21.4,23.9
2026-04-29,VV-VITA-223,22,452.57,495.77
2026-04-29,VV-VITA-224,1,19.9,19.9
2026-04-29,VV-VITA-225,1,20.9,20.9
2026-04-29,VV-VITA-228,3,61.35,63.72
2026-04-29,VV-VITA-248,1,20.82,20.82
2026-04-29,VV-VITA-250,1,16.02,20.75
2026-04-29,VV-VITA-257,5,123.3,137
2026-04-29,VV-VITA-258,2,39.98,39.98
2026-04-29,VV-VITA-259,-1,-20.35,0
2026-04-29,VV-VITA-297,3,53.1,62.45
2026-04-29,VV-VITA-303,1,16.35,16.35
2026-04-29,VV-VITA-31,2,35.53,40.07
2026-04-29,VV-VITA-311,-1,-18.17,0
2026-04-29,VV-VITA-318,3,47,51.54
2026-04-29,VV-VITA-320,15,281.81,319.07
2026-04-29,VV-VITA-326,2,42.21,45.27
2026-04-29,VV-VITA-338,1,19.63,21.81
2026-04-29,VV-VITA-342,3,59.07,59.07
2026-04-29,VV-VITA-344,3,48.22,56.7
2026-04-29,VV-VITA-345,-1,-20.9,0
2026-04-29,VV-VITA-354,1,23.63,23.63
2026-04-29,VV-VITA-359,1,19.99,19.99
2026-04-29,VV-VITA-361,3,43.11,50.7
2026-04-29,VV-VITA-364,3,63.12,85.98
2026-04-29,VV-VITA-368,2,23.87,23.87
2026-04-29,VV-VITA-369,1,0,0
2026-04-29,VV-VITA-374,-1,-19.08,0
2026-04-29,VV-VITA-375,2,35.31,35.31
2026-04-29,VV-VITA-377,1,16.35,16.35
2026-04-29,VV-VITA-379,3,38.63,45.45
2026-04-29,VV-VITA-383,3,54.52,54.52
2026-04-29,VV-VITA-386,3,70.08,70.08
2026-04-29,VV-VITA-387,1,0,0
2026-04-29,VV-VITA-391,5,103.15,103.15
2026-04-29,VV-VITA-393,1,13.93,13.93
2026-04-29,VV-VITA-394,2,30.65,30.65
2026-04-29,VV-VITA-395,3,58.45,58.45
2026-04-29,VV-VITA-403,3,55.18,55.18
2026-04-29,VV-VITA-417,3,72.84,75.33
2026-04-29,VV-VITA-49,9,157.96,175.71
2026-04-29,VV-VITA-57-V2,1,24.9,24.9
2026-04-29,VV-VITA-86,2,32.16,32.16
2026-04-29,VV-VITA-88,1,23.9,23.9
2026-04-29,VV-VITA-90,2,41.8,41.8
2026-04-29,VV-VITA-94,2,52.25,52.25
2026-04-30,,35,401.34,542.06
2026-04-30,BJ-E223-8EKW,1,24.45,24.45
2026-04-30,NX-CVPF-VCEZ,1,21.81,21.81
2026-04-30,VI-ZU99-SZ0B,1,16.97,16.97
2026-04-30,VV-VITA-02,3,45.22,47.3
2026-04-30,VV-VITA-101,1,19.81,19.81
2026-04-30,VV-VITA-104,3,59.97,59.97
2026-04-30,VV-VITA-119,1,15.12,15.12
2026-04-30,VV-VITA-121,2,37.36,41.51
2026-04-30,VV-VITA-158,9,205.1,225.03
2026-04-30,VV-VITA-159,8,134.46,158.11
2026-04-30,VV-VITA-166,3,60.27,70.87
2026-04-30,VV-VITA-189,1,21.9,21.9
2026-04-30,VV-VITA-197,1,24.9,24.9
2026-04-30,VV-VITA-198,3,52.7,54.51
2026-04-30,VV-VITA-207,4,79.6,79.6
2026-04-30,VV-VITA-223,10,173.28,217.98
2026-04-30,VV-VITA-224,4,70.66,79.6
2026-04-30,VV-VITA-228,6,118.33,134.23
2026-04-30,VV-VITA-231,28,672.32,760.42
2026-04-30,VV-VITA-250,2,41.52,41.52
2026-04-30,VV-VITA-256,2,36.22,41.22
2026-04-30,VV-VITA-318,3,51.7,56.7
2026-04-30,VV-VITA-320,2,48.8,53.8
2026-04-30,VV-VITA-326,1,21.71,21.71
2026-04-30,VV-VITA-338,1,19.9,19.9
2026-04-30,VV-VITA-341,3,44.16,49.06
2026-04-30,VV-VITA-342,2,41.61,43.8
2026-04-30,VV-VITA-344,4,65.24,75.6
2026-04-30,VV-VITA-364,1,21.73,21.73
2026-04-30,VV-VITA-368,2,23.64,28.64
2026-04-30,VV-VITA-371,6,102.22,102.22
2026-04-30,VV-VITA-379,5,64.41,68.43
2026-04-30,VV-VITA-382,2,26.32,28.4
2026-04-30,VV-VITA-391,1,17.91,19.9
2026-04-30,VV-VITA-395,1,18.9,18.9
2026-04-30,VV-VITA-402,1,23.63,23.63
2026-04-30,VV-VITA-403,3,42.76,47.76
2026-04-30,VV-VITA-410,1,25.9,25.9
2026-04-30,VV-VITA-63,2,27.49,30.52
2026-04-30,VV-VITA-86,1,15.92,15.92
2026-04-30,VV-VITA-88,3,64.69,76.08
2026-04-30,VV-VITA-90,2,37.25,39.06
2026-05-01,,44,453.78,656.23
2026-05-01,VV-VITA-109,1,13.07,15.37
2026-05-01,VV-VITA-116,3,48.33,53.7
2026-05-01,VV-VITA-136,2,33.59,37
2026-05-01,VV-VITA-142,3,56.5,68.29
2026-05-01,VV-VITA-151,1,21.51,23.9
2026-05-01,VV-VITA-157,1,13.9,13.9
2026-05-01,VV-VITA-158,7,139.62,152.8
2026-05-01,VV-VITA-165,1,27.26,27.26
2026-05-01,VV-VITA-168,1,22.72,22.72
2026-05-01,VV-VITA-171,5,104.04,126.9
2026-05-01,VV-VITA-207,3,62.27,62.27
2026-05-01,VV-VITA-222,1,23.63,23.63
2026-05-01,VV-VITA-223,13,270.35,299.67
2026-05-01,VV-VITA-224,1,17.91,19.9
2026-05-01,VV-VITA-228,6,116.48,136.33
2026-05-01,VV-VITA-231,24,549.67,637.77
2026-05-01,VV-VITA-248,7,130.74,149.44
2026-05-01,VV-VITA-256,1,20.82,20.82
2026-05-01,VV-VITA-264,1,25.9,25.9
2026-05-01,VV-VITA-276,3,55.99,66.75
2026-05-01,VV-VITA-277,1,11.61,12.9
2026-05-01,VV-VITA-284,1,23.9,23.9
2026-05-01,VV-VITA-297,5,99.16,108.95
2026-05-01,VV-VITA-303,1,19.82,20.82
2026-05-01,VV-VITA-313,1,16.27,20.81
2026-05-01,VV-VITA-319,1,19.08,19.08
2026-05-01,VV-VITA-320,2,43.46,43.46
2026-05-01,VV-VITA-326,1,24.9,24.9
2026-05-01,VV-VITA-338,1,19.9,19.9
2026-05-01,VV-VITA-341,7,100.27,109.5
2026-05-01,VV-VITA-342,7,127.32,141.44
2026-05-01,VV-VITA-344,1,12.84,17.38
2026-05-01,VV-VITA-361,5,72.94,92.33
2026-05-01,VV-VITA-363,9,114.12,152.1
2026-05-01,VV-VITA-364,5,113.44,118.14
2026-05-01,VV-VITA-368,3,34.71,43.35
2026-05-01,VV-VITA-371,3,55.2,55.2
2026-05-01,VV-VITA-379,4,45.63,59.15
2026-05-01,VV-VITA-382,1,15.12,15.12
2026-05-01,VV-VITA-383,1,16.02,20.75
2026-05-01,VV-VITA-385,1,19.99,19.99
2026-05-01,VV-VITA-389,1,18.17,22.71
2026-05-01,VV-VITA-391,4,64.65,71.64
2026-05-01,VV-VITA-394,3,49.78,57.5
2026-05-01,VV-VITA-402,1,22.41,24.9
2026-05-01,VV-VITA-403,5,70.88,79.6
2026-05-01,VV-VITA-410,1,23.31,25.9
2026-05-01,VV-VITA-411,1,17.45,21.81
2026-05-01,VV-VITA-49,2,35.92,37.8
2026-05-01,VV-VITA-57-V,3,98.51,98.51
2026-05-01,VV-VITA-86,2,31.92,31.92
2026-05-01,VV-VITA-88,1,25.45,25.45
2026-05-01,VV-VITA-90,3,58.99,58.99
2026-05-01,VV-VITA-93,2,33.8,33.8
2026-05-01,VV-VITA-94,2,52.2,58
2026-05-02,,33,369,511.52
2026-05-02,BJ-E223-8EKW,1,25.45,25.45
2026-05-02,CW-KVIN-V39Y,1,17.1,19
2026-05-02,NX-CVPF-VCEZ,3,50.78,59.72
2026-05-02,TU-QNYD-JRRX,2,30.24,30.24
2026-05-02,VV-VITA-105,4,69.24,73.97
2026-05-02,VV-VITA-111,2,40.67,40.67
2026-05-02,VV-VITA-119,3,43.61,43.61
2026-05-02,VV-VITA-121,1,16.13,17.93
2026-05-02,VV-VITA-136,5,104.16,104.16
2026-05-02,VV-VITA-158,1,25.52,25.52
2026-05-02,VV-VITA-171,2,52.29,55.08
2026-05-02,VV-VITA-172,2,43.54,43.54
2026-05-02,VV-VITA-208,2,37.82,39.8
2026-05-02,VV-VITA-222,4,82.91,96.9
2026-05-02,VV-VITA-223,5,96.48,117.11
2026-05-02,VV-VITA-224,7,132.35,148.24
2026-05-02,VV-VITA-225,1,22.72,22.72
2026-05-02,VV-VITA-228,1,19.63,21.81
2026-05-02,VV-VITA-231,17,402.69,461.5
2026-05-02,VV-VITA-237,1,17.26,17.26
2026-05-02,VV-VITA-248,1,24.54,24.54
2026-05-02,VV-VITA-276,9,178.7,225.47
2026-05-02,VV-VITA-284,1,22.72,22.72
2026-05-02,VV-VITA-297,2,35.82,39.8
2026-05-02,VV-VITA-307,1,14.54,14.54
2026-05-02,VV-VITA-320,5,114.59,126.68
2026-05-02,VV-VITA-341,1,13.37,14.32
2026-05-02,VV-VITA-342,1,18.39,19.7
2026-05-02,VV-VITA-351,2,40.75,45.27
2026-05-02,VV-VITA-361,2,33.38,35.07
2026-05-02,VV-VITA-362,1,19.99,19.99
2026-05-02,VV-VITA-364,4,74.16,83.06
2026-05-02,VV-VITA-375,1,12.44,13.82
2026-05-02,VV-VITA-376,3,45,45
2026-05-02,VV-VITA-377,2,25.49,29.8
2026-05-02,VV-VITA-382,1,15.26,15.26
2026-05-02,VV-VITA-39,1,18.17,18.17
2026-05-02,VV-VITA-391,1,14.9,19.9
2026-05-02,VV-VITA-395,1,18.82,20.9
2026-05-02,VV-VITA-398,2,29.54,30.8
2026-05-02,VV-VITA-403,3,44.73,46.31
2026-05-02,VV-VITA-417,3,69.37,74.34
2026-05-02,VV-VITA-49,3,55.91,57.79
2026-05-02,VV-VITA-57-V,3,108.1,110.62
2026-05-02,VV-VITA-57-V2,1,22.72,22.72
2026-05-02,VV-VITA-63,1,15.26,15.26
2026-05-02,VV-VITA-88,1,25.45,25.45
2026-05-02,VV-VITA-90,1,18.17,18.17
2026-05-02,VV-VITA-94,1,26.98,28.99
2026-05-03,,45,538.66,677.8
2026-05-03,NX-CVPF-VCEZ,5,86.43,97.81
2026-05-03,VI-ZU99-SZ0B,1,17.26,17.26
2026-05-03,VV-VITA-115,3,63.69,63.69
2026-05-03,VV-VITA-151,4,90.15,100.13
2026-05-03,VV-VITA-153,4,70.59,79.53
2026-05-03,VV-VITA-158,2,45.94,51.04
2026-05-03,VV-VITA-159,4,59.99,72.68
2026-05-03,VV-VITA-168,6,135.81,145.83
2026-05-03,VV-VITA-172,1,22.72,22.72
2026-05-03,VV-VITA-202,1,16.02,16.02
2026-05-03,VV-VITA-204,1,13.9,18.9
2026-05-03,VV-VITA-215,5,86.74,94.86
2026-05-03,VV-VITA-223,16,319.82,353.56
2026-05-03,VV-VITA-224,3,61.35,61.35
2026-05-03,VV-VITA-228,10,194.7,229
2026-05-03,VV-VITA-231,13,310.99,354.6
2026-05-03,VV-VITA-248,2,40.53,42.72
2026-05-03,VV-VITA-250,2,41.52,41.52
2026-05-03,VV-VITA-256,3,58.23,64.41
2026-05-03,VV-VITA-258,1,18.9,18.9
2026-05-03,VV-VITA-264,2,51.8,51.8
2026-05-03,VV-VITA-276,4,85.17,95.77
2026-05-03,VV-VITA-277,5,80.49,80.49
2026-05-03,VV-VITA-303,1,14.9,19.9
2026-05-03,VV-VITA-31,2,39.42,43.8
2026-05-03,VV-VITA-319,3,54.7,59.7
2026-05-03,VV-VITA-320,4,90.3,92.98
2026-05-03,VV-VITA-326,3,55.36,65.11
2026-05-03,VV-VITA-338,2,39.27,43.61
2026-05-03,VV-VITA-341,5,78.1,80.55
2026-05-03,VV-VITA-342,5,94.26,96.98
2026-05-03,VV-VITA-354,3,64.38,68.9
2026-05-03,VV-VITA-361,1,18.17,18.17
2026-05-03,VV-VITA-364,7,141.54,154.76
2026-05-03,VV-VITA-368,1,14.54,14.54
2026-05-03,VV-VITA-369,1,18.17,18.17
2026-05-03,VV-VITA-373,1,13.81,13.81
2026-05-03,VV-VITA-374,4,66.33,66.33
2026-05-03,VV-VITA-377,1,9.9,14.9
2026-05-03,VV-VITA-385,1,17.46,17.46
2026-05-03,VV-VITA-389,3,64.81,69.33
2026-05-03,VV-VITA-391,2,37.81,39.8
2026-05-03,VV-VITA-395,1,20.9,20.9
2026-05-03,VV-VITA-403,2,28.66,31.84
2026-05-03,VV-VITA-405,1,11.44,12.72
2026-05-03,VV-VITA-49,2,39.98,39.98
2026-05-03,VV-VITA-57-V2,2,43.45,43.45
2026-05-03,VV-VITA-63,1,18.32,18.32
2026-05-03,VV-VITA-86,3,49.36,49.36
2026-05-03,VV-VITA-93,1,16.02,16.02
2026-05-04,,61,703.59,953.91
2026-05-04,BJ-E223-8EKW,1,22.41,22.41
2026-05-04,NX-CVPF-VCEZ,2,39.29,43.66
2026-05-04,VV-VITA-02,3,48.85,48.85
2026-05-04,VV-VITA-101,1,25.9,25.9
2026-05-04,VV-VITA-115,1,21.4,21.4
2026-05-04,VV-VITA-116,1,18.71,19.8
2026-05-04,VV-VITA-119,2,31.47,31.47
2026-05-04,VV-VITA-129,1,14.73,16.35
2026-05-04,VV-VITA-142,0,2.58,21.26
2026-05-04,VV-VITA-157,3,39.06,40.31
2026-05-04,VV-VITA-158,3,58.42,68.7
2026-05-04,VV-VITA-159,4,75.12,81.78
2026-05-04,VV-VITA-165,1,24.54,24.54
2026-05-04,VV-VITA-166,1,23.63,23.63
2026-05-04,VV-VITA-168,1,22.72,22.72
2026-05-04,VV-VITA-171,1,21.88,24.46
2026-05-04,VV-VITA-188,1,14.49,16.11
2026-05-04,VV-VITA-197,50,933.75,1120.5
2026-05-04,VV-VITA-198,1,16.27,16.27
2026-05-04,VV-VITA-202,1,11.55,14.31
2026-05-04,VV-VITA-207,3,50.72,55.72
2026-05-04,VV-VITA-208,7,112.47,129.15
2026-05-04,VV-VITA-222,3,59.18,63.13
2026-05-04,VV-VITA-223,21,398.58,466.32
2026-05-04,VV-VITA-224,9,156.92,166.74
2026-05-04,VV-VITA-228,6,106.27,116.65
2026-05-04,VV-VITA-230,0,0,19.63
2026-05-04,VV-VITA-231,14,334.59,377.81
2026-05-04,VV-VITA-237,11,164.46,191.84
2026-05-04,VV-VITA-249,4,79.05,94.33
2026-05-04,VV-VITA-250,1,17.9,17.9
2026-05-04,VV-VITA-257,1,24.21,24.21
2026-05-04,VV-VITA-259,2,41.24,45.8
2026-05-04,VV-VITA-264,1,23.55,23.55
2026-05-04,VV-VITA-276,4,76.72,82.88
2026-05-04,VV-VITA-277,1,9.37,11.61
2026-05-04,VV-VITA-297,1,17.91,17.91
2026-05-04,VV-VITA-303,1,19.9,19.9
2026-05-04,VV-VITA-307,-1,-13.08,0
2026-05-04,VV-VITA-31,3,46.36,54.51
2026-05-04,VV-VITA-310,-1,-19.64,0
2026-05-04,VV-VITA-313,7,114.74,131.64
2026-05-04,VV-VITA-318,1,17.01,17.01
2026-05-04,VV-VITA-320,7,117.61,132.25
2026-05-04,VV-VITA-326,4,77.07,86.82
2026-05-04,VV-VITA-329,6,114.49,114.49
2026-05-04,VV-VITA-339,4,75.55,79.51
2026-05-04,VV-VITA-341,2,32.65,47.49
2026-05-04,VV-VITA-342,3,60.81,62.06
2026-05-04,VV-VITA-344,2,37.3,37.3
2026-05-04,VV-VITA-345,8,148.44,167.2
2026-05-04,VV-VITA-349,1,16.35,18.16
2026-05-04,VV-VITA-354,9,145.41,170.99
2026-05-04,VV-VITA-361,3,53.96,55.76
2026-05-04,VV-VITA-363,1,13.55,18.09
2026-05-04,VV-VITA-364,4,63.54,71.58
2026-05-04,VV-VITA-369,2,35.8,35.8
2026-05-04,VV-VITA-371,1,15.9,15.9
2026-05-04,VV-VITA-374,2,39.8,39.8
2026-05-04,VV-VITA-377,3,41.72,44.7
2026-05-04,VV-VITA-379,3,45.5,50.99
2026-05-04,VV-VITA-381,-1,-14.9,0
2026-05-04,VV-VITA-383,1,18.17,18.17
2026-05-04,VV-VITA-387,3,81.39,81.39
2026-05-04,VV-VITA-389,6,109.8,135.28
2026-05-04,VV-VITA-39,3,52.95,62.27
2026-05-04,VV-VITA-393,1,20.1,22.94
2026-05-04,VV-VITA-394,1,21.26,21.26
2026-05-04,VV-VITA-395,-1,-16.72,0
2026-05-04,VV-VITA-398,5,65.77,73.06
2026-05-04,VV-VITA-403,1,15.92,15.92
2026-05-04,VV-VITA-405,1,12.88,14.31
2026-05-04,VV-VITA-408,1,19.08,23.62
2026-05-04,VV-VITA-410,1,23.31,23.31
2026-05-04,VV-VITA-417,2,39.64,44.64
2026-05-04,VV-VITA-49,1,17.02,18.9
2026-05-04,VV-VITA-57-V2,1,25.22,25.22
2026-05-04,VV-VITA-86,2,36.82,40.9
2026-05-04,VV-VITA-90,0,-2.09,18.81
2026-05-04,VV-VITA-94,2,55.83,82.57
2026-05-05,,79,942.71,1339.15
2026-05-05,CW-KVIN-V39Y,3,54.36,68.98
2026-05-05,NX-CVPF-VCEZ,3,63.34,63.34
2026-05-05,TU-QNYD-JRRX,-8,-122.78,36.81
2026-05-05,VV-VITA-02,5,73.61,81.4
2026-05-05,VV-VITA-101,2,49.8,51.8
2026-05-05,VV-VITA-105,3,51.49,53.28
2026-05-05,VV-VITA-107,36,442.44,680.4
2026-05-05,VV-VITA-109,1,18.81,18.81
2026-05-05,VV-VITA-111,-1,-17.09,0
2026-05-05,VV-VITA-115,3,50.52,77.7
2026-05-05,VV-VITA-116,5,66.37,91.41
2026-05-05,VV-VITA-119,5,61.43,85.05
2026-05-05,VV-VITA-121,1,16.55,17.63
2026-05-05,VV-VITA-129,3,36.96,44.49
2026-05-05,VV-VITA-136,4,81.78,81.78
2026-05-05,VV-VITA-142,3,45.56,88.61
2026-05-05,VV-VITA-153,22,284.68,437.8
2026-05-05,VV-VITA-155,-14,-212.41,21.24
2026-05-05,VV-VITA-157,1,16.98,16.98
2026-05-05,VV-VITA-158,4,103.88,109.03
2026-05-05,VV-VITA-159,11,186.75,253.54
2026-05-05,VV-VITA-165,6,107.85,126.87
2026-05-05,VV-VITA-168,3,68.25,70.52
2026-05-05,VV-VITA-170,1,18.9,18.9
2026-05-05,VV-VITA-171,1,22.09,24.53
2026-05-05,VV-VITA-172,1,20.45,20.45
2026-05-05,VV-VITA-197,3,48.55,67.23
2026-05-05,VV-VITA-198,4,65.41,65.41
2026-05-05,VV-VITA-202,1,14.31,14.31
2026-05-05,VV-VITA-208,6,94.06,107.46
2026-05-05,VV-VITA-215,4,58.75,68.2
2026-05-05,VV-VITA-223,9,170.54,185.98
2026-05-05,VV-VITA-224,10,152.7,181.79
2026-05-05,VV-VITA-225,1,14.55,19.64
2026-05-05,VV-VITA-228,3,55.32,59.86
2026-05-05,VV-VITA-231,28,523.67,754.05
2026-05-05,VV-VITA-237,8,116.97,142.46
2026-05-05,VV-VITA-248,4,80.4,90.24
2026-05-05,VV-VITA-249,26,429.51,617.33
2026-05-05,VV-VITA-252,2,43.35,43.35
2026-05-05,VV-VITA-256,4,87.24,89.52
2026-05-05,VV-VITA-259,5,98.66,112.06
2026-05-05,VV-VITA-276,10,195.8,222.28
2026-05-05,VV-VITA-277,1,12.2,13.56
2026-05-05,VV-VITA-295,3,51.98,68.7
2026-05-05,VV-VITA-303,4,55.17,77.86
2026-05-05,VV-VITA-307,2,19.84,23.84
2026-05-05,VV-VITA-310,1,24.9,24.9
2026-05-05,VV-VITA-313,6,87.24,105
2026-05-05,VV-VITA-318,1,12.29,17.01
2026-05-05,VV-VITA-320,6,127.8,148.35
2026-05-05,VV-VITA-329,15,228.06,293.26
2026-05-05,VV-VITA-339,3,59.43,59.43
2026-05-05,VV-VITA-341,2,29.85,29.85
2026-05-05,VV-VITA-342,2,31.52,36.06
2026-05-05,VV-VITA-344,1,23.63,23.63
2026-05-05,VV-VITA-345,9,161.78,201.83
2026-05-05,VV-VITA-354,3,54.25,63.79
2026-05-05,VV-VITA-355,-3,-53.23,0
2026-05-05,VV-VITA-361,6,100.84,109.72
2026-05-05,VV-VITA-363,3,32.97,50.7
2026-05-05,VV-VITA-364,12,195.6,240.87
2026-05-05,VV-VITA-365,1,14.9,14.9
2026-05-05,VV-VITA-368,11,183.4,202.18
2026-05-05,VV-VITA-371,3,31.01,42.93
2026-05-05,VV-VITA-374,3,38.82,59.7
2026-05-05,VV-VITA-375,1,13.45,14.33
2026-05-05,VV-VITA-377,1,18.17,18.17
2026-05-05,VV-VITA-379,2,31.38,31.38
2026-05-05,VV-VITA-381,-4,-53.64,0
2026-05-05,VV-VITA-382,2,34.15,34.15
2026-05-05,VV-VITA-385,6,65.94,101.4
2026-05-05,VV-VITA-387,0,2.35,29.05
2026-05-05,VV-VITA-39,6,105.9,124.55
2026-05-05,VV-VITA-391,1,17.91,17.91
2026-05-05,VV-VITA-394,-1,-18.9,0
2026-05-05,VV-VITA-395,2,33.06,33.06
2026-05-05,VV-VITA-398,12,129.14,167.38
2026-05-05,VV-VITA-402,1,21.27,23.62
2026-05-05,VV-VITA-403,3,50.15,53.73
2026-05-05,VV-VITA-405,2,27.19,28.62
2026-05-05,VV-VITA-411,2,41.8,41.8
2026-05-05,VV-VITA-417,3,48.55,67.23
2026-05-05,VV-VITA-46,1,19.99,19.99
2026-05-05,VV-VITA-49,3,53.35,56.7
2026-05-05,VV-VITA-57-V,-1,-38.9,0
2026-05-05,VV-VITA-57-V2,1,22.69,25.21
2026-05-05,VV-VITA-63,1,19.08,19.08
2026-05-05,VV-VITA-86,5,90.45,90.45
2026-05-05,VV-VITA-88,1,21.51,21.51
2026-05-05,VV-VITA-90,2,35.16,35.16
2026-05-05,VV-VITA-93,2,25.96,28.83
2026-05-05,VV-VITA-94,6,128.67,155.85
2026-05-06,,88,1122.67,1348.79
2026-05-06,BJ-E223-8EKW,5,101,113.52
2026-05-06,CP-DQMG-RVN9,1,19.99,19.99
2026-05-06,CW-KVIN-V39Y,2,36.83,36.83
2026-05-06,NX-CVPF-VCEZ,10,135.9,209
2026-05-06,TU-QNYD-JRRX,2,35.83,35.83
2026-05-06,VI-ZU99-SZ0B,1,14.19,14.19
2026-05-06,VV-VITA-02,2,30.54,30.54
2026-05-06,VV-VITA-101,1,30.8,49.45
2026-05-06,VV-VITA-104,1,18.09,18.09
2026-05-06,VV-VITA-109,1,15.31,17.01
2026-05-06,VV-VITA-111,1,17.92,19.9
2026-05-06,VV-VITA-116,2,28.87,28.87
2026-05-06,VV-VITA-119,2,28.16,32.7
2026-05-06,VV-VITA-129,1,15.34,16.35
2026-05-06,VV-VITA-142,6,120.74,142.02
2026-05-06,VV-VITA-153,1,19.91,19.91
2026-05-06,VV-VITA-157,1,7.51,12.51
2026-05-06,VV-VITA-165,1,21.15,21.15
2026-05-06,VV-VITA-166,1,19,19
2026-05-06,VV-VITA-171,14,295.99,346.72
2026-05-06,VV-VITA-189,2,37.46,39.42
2026-05-06,VV-VITA-197,100,1618.5,2241
2026-05-06,VV-VITA-198,4,58.7,68.69
2026-05-06,VV-VITA-202,1,12.87,14.31
2026-05-06,VV-VITA-204,1,14.56,15.53
2026-05-06,VV-VITA-207,7,125.37,125.37
2026-05-06,VV-VITA-222,2,40.53,49.62
2026-05-06,VV-VITA-223,11,197.03,252.76
2026-05-06,VV-VITA-224,5,70.95,89.55
2026-05-06,VV-VITA-225,3,57.89,61.96
2026-05-06,VV-VITA-228,9,161.52,182.31
2026-05-06,VV-VITA-231,18,380.26,485.38
2026-05-06,VV-VITA-237,6,92.84,102.71
2026-05-06,VV-VITA-248,6,117.7,132.2
2026-05-06,VV-VITA-249,3,55.53,73.71
2026-05-06,VV-VITA-250,3,51.81,59.15
2026-05-06,VV-VITA-252,1,21.26,21.26
2026-05-06,VV-VITA-258,3,53.97,53.97
2026-05-06,VV-VITA-259,1,21.19,21.19
2026-05-06,VV-VITA-276,10,202.77,224.35
2026-05-06,VV-VITA-284,3,57.12,61.19
2026-05-06,VV-VITA-297,5,84.86,98.63
2026-05-06,VV-VITA-303,1,19.9,19.9
2026-05-06,VV-VITA-320,9,172.89,196.87
2026-05-06,VV-VITA-326,3,62.92,65.14
2026-05-06,VV-VITA-329,5,95.4,95.4
2026-05-06,VV-VITA-338,3,36.85,43.33
2026-05-06,VV-VITA-339,2,39.62,39.62
2026-05-06,VV-VITA-341,18,209.87,258.32
2026-05-06,VV-VITA-342,9,150.67,178.1
2026-05-06,VV-VITA-345,6,121.55,135.73
2026-05-06,VV-VITA-351,8,130.47,153.44
2026-05-06,VV-VITA-361,15,227.03,268.28
2026-05-06,VV-VITA-364,14,209.82,244.24
2026-05-06,VV-VITA-367,-2,-27.49,18.17
2026-05-06,VV-VITA-369,4,32.22,35.8
2026-05-06,VV-VITA-371,1,15.34,16.35
2026-05-06,VV-VITA-379,1,12.63,17.17
2026-05-06,VV-VITA-382,1,12.63,17.17
2026-05-06,VV-VITA-383,1,16.35,16.35
2026-05-06,VV-VITA-387,2,0,0
2026-05-06,VV-VITA-389,1,20.45,20.45
2026-05-06,VV-VITA-39,3,49.97,54.51
2026-05-06,VV-VITA-391,5,91.52,93.71
2026-05-06,VV-VITA-395,3,52.83,52.83
2026-05-06,VV-VITA-398,2,26.42,27.8
2026-05-06,VV-VITA-403,4,66.65,71.65
2026-05-06,VV-VITA-405,1,12.88,14.31
2026-05-06,VV-VITA-408,5,101.46,124.31
2026-05-06,VV-VITA-411,2,39.07,43.61
2026-05-06,VV-VITA-417,4,89.64,89.64
2026-05-06,VV-VITA-49,1,18.9,18.9
2026-05-06,VV-VITA-63,6,89.34,137.4
2026-05-06,VV-VITA-88,1,22.9,22.9
2026-05-06,VV-VITA-94,1,23.31,25.9
2026-05-07,,77,972.06,1197.6
2026-05-07,CW-KVIN-V39Y,1,21.85,21.85
2026-05-07,NX-CVPF-VCEZ,1,21.81,21.81
2026-05-07,VV-VITA-107,10,122.9,189
2026-05-07,VV-VITA-119,1,16.12,16.12
2026-05-07,VV-VITA-121,1,21.42,22.72
2026-05-07,VV-VITA-136,1,19.27,20.44
2026-05-07,VV-VITA-142,4,70.09,85.04
2026-05-07,VV-VITA-151,1,23.63,23.63
2026-05-07,VV-VITA-153,1,17.92,19.9
2026-05-07,VV-VITA-157,1,12.51,12.51
2026-05-07,VV-VITA-158,4,90.57,95.13
2026-05-07,VV-VITA-159,13,242.9,277.25
2026-05-07,VV-VITA-165,2,49.08,49.08
2026-05-07,VV-VITA-168,7,118.61,164.93
2026-05-07,VV-VITA-172,1,17.91,17.91
2026-05-07,VV-VITA-202,2,22.9,22.9
2026-05-07,VV-VITA-208,2,32.24,35.82
2026-05-07,VV-VITA-222,1,23.9,23.9
2026-05-07,VV-VITA-223,20,336.37,408.58
2026-05-07,VV-VITA-224,4,66.42,74.33
2026-05-07,VV-VITA-228,2,33.73,37.47
2026-05-07,VV-VITA-231,38,753.45,995.15
2026-05-07,VV-VITA-237,5,74.69,82.38
2026-05-07,VV-VITA-248,2,31.29,35.32
2026-05-07,VV-VITA-249,15,233.1,358.5
2026-05-07,VV-VITA-250,1,19.08,19.08
2026-05-07,VV-VITA-252,3,54.25,63.79
2026-05-07,VV-VITA-256,4,74.83,89.7
2026-05-07,VV-VITA-257,4,82.32,96.84
2026-05-07,VV-VITA-264,1,23.55,23.55
2026-05-07,VV-VITA-276,19,321.19,424.64
2026-05-07,VV-VITA-277,2,18.58,18.58
2026-05-07,VV-VITA-284,1,18.41,20.44
2026-05-07,VV-VITA-297,6,82.59,107.46
2026-05-07,VV-VITA-313,1,17.99,17.99
2026-05-07,VV-VITA-319,1,16.28,16.28
2026-05-07,VV-VITA-320,4,69.02,75.72
2026-05-07,VV-VITA-329,16,243.4,313
2026-05-07,VV-VITA-339,3,56.06,57.96
2026-05-07,VV-VITA-341,5,71.92,77.9
2026-05-07,VV-VITA-342,7,105.26,134.61
2026-05-07,VV-VITA-345,2,38.99,43.53
2026-05-07,VV-VITA-351,3,49.35,53.89
2026-05-07,VV-VITA-354,1,21.26,21.26
2026-05-07,VV-VITA-358,1,20.45,20.45
2026-05-07,VV-VITA-361,2,32.73,36.34
2026-05-07,VV-VITA-364,3,51.96,55.54
2026-05-07,VV-VITA-369,1,0,0
2026-05-07,VV-VITA-375,3,52.17,52.17
2026-05-07,VV-VITA-376,2,26.68,31.42
2026-05-07,VV-VITA-379,2,34.34,34.34
2026-05-07,VV-VITA-387,6,92.93,104.68
2026-05-07,VV-VITA-389,2,44.38,49.3
2026-05-07,VV-VITA-39,1,18.17,18.17
2026-05-07,VV-VITA-391,1,22.08,22.08
2026-05-07,VV-VITA-395,1,17.01,17.01
2026-05-07,VV-VITA-398,3,45.97,45.97
2026-05-07,VV-VITA-402,-1,-22.41,0
2026-05-07,VV-VITA-403,3,53.73,53.73
2026-05-07,VV-VITA-407,5,106.55,123.24
2026-05-07,VV-VITA-408,-1,-19.42,0
2026-05-07,VV-VITA-411,4,74.21,83.6
2026-05-07,VV-VITA-417,1,20.37,20.37
2026-05-07,VV-VITA-49,8,109.91,151.49
2026-05-07,VV-VITA-57-V2,1,24.45,24.45
2026-05-07,VV-VITA-63,1,19.08,19.08
2026-05-07,VV-VITA-90,8,112.36,148.02
2026-05-07,VV-VITA-94,4,92.72,109.78
2026-05-08,,29,405.98,473.78
2026-05-08,BJ-E223-8EKW,4,86.15,90.71
2026-05-08,VV-VITA-02,1,13.2,13.2
2026-05-08,VV-VITA-121,1,20.76,20.76
2026-05-08,VV-VITA-142,2,38.15,42.38
2026-05-08,VV-VITA-153,2,37.82,39.81
2026-05-08,VV-VITA-157,1,16.98,16.98
2026-05-08,VV-VITA-158,6,130.25,145.44
2026-05-08,VV-VITA-159,14,260.04,303.43
2026-05-08,VV-VITA-171,1,25.11,25.11
2026-05-08,VV-VITA-197,1,22.41,22.41
2026-05-08,VV-VITA-198,2,28.16,32.7
2026-05-08,VV-VITA-204,2,34.02,34.02
2026-05-08,VV-VITA-207,1,11.53,15.99
2026-05-08,VV-VITA-208,4,70.52,74.1
2026-05-08,VV-VITA-222,1,23.9,23.9
2026-05-08,VV-VITA-223,5,105.9,108.05
2026-05-08,VV-VITA-224,2,34.03,35.82
2026-05-08,VV-VITA-228,2,39.36,41.22
2026-05-08,VV-VITA-231,5,116.56,135.69
2026-05-08,VV-VITA-237,5,80.02,87.18
2026-05-08,VV-VITA-248,2,39.77,49.08
2026-05-08,VV-VITA-250,2,26.18,30.72
2026-05-08,VV-VITA-256,3,56.07,60.13
2026-05-08,VV-VITA-257,1,22.84,22.84
2026-05-08,VV-VITA-259,4,82.36,92.83
2026-05-08,VV-VITA-276,5,101.59,116.81
2026-05-08,VV-VITA-284,2,38.24,42.48
2026-05-08,VV-VITA-295,2,34.98,38.86
2026-05-08,VV-VITA-297,1,15.08,19.62
2026-05-08,VV-VITA-313,1,13.09,17.82
2026-05-08,VV-VITA-320,9,162.38,175.64
2026-05-08,VV-VITA-329,12,233.4,233.4
2026-05-08,VV-VITA-339,2,45.27,45.27
2026-05-08,VV-VITA-341,2,26.02,26.02
2026-05-08,VV-VITA-354,2,36.7,40.77
2026-05-08,VV-VITA-361,3,46.36,54.51
2026-05-08,VV-VITA-364,1,21.26,21.26
2026-05-08,VV-VITA-371,1,11.81,16.35
2026-05-08,VV-VITA-374,1,20.76,20.76
2026-05-08,VV-VITA-375,3,46.08,48.4
2026-05-08,VV-VITA-377,2,26.82,29.8
2026-05-08,VV-VITA-379,1,16.11,16.11
2026-05-08,VV-VITA-382,1,16.98,16.98
2026-05-08,VV-VITA-383,1,16.11,16.11
2026-05-08,VV-VITA-389,2,36.82,40.89
2026-05-08,VV-VITA-39,3,58.41,68.7
2026-05-08,VV-VITA-395,1,17.01,17.01
2026-05-08,VV-VITA-398,3,35.46,41.7
2026-05-08,VV-VITA-407,1,22.64,24.54
2026-05-08,VV-VITA-410,1,20.98,23.31
2026-05-08,VV-VITA-411,1,20.9,20.9
2026-05-08,VV-VITA-49,5,85.92,94.5
2026-05-08,VV-VITA-90,3,49.85,51.73
2026-05-09,,31,375.66,510.17
2026-05-09,BJ-E223-8EKW,1,22.41,22.41
2026-05-09,NX-CVPF-VCEZ,3,58.91,65.42
2026-05-09,VV-VITA-101,2,47.71,47.71
2026-05-09,VV-VITA-105,2,35.98,35.98
2026-05-09,VV-VITA-109,1,17.01,17.01
2026-05-09,VV-VITA-119,2,31.56,32.4
2026-05-09,VV-VITA-121,2,39.44,41.51
2026-05-09,VV-VITA-151,1,26.45,26.45
2026-05-09,VV-VITA-153,1,17.83,19.81
2026-05-09,VV-VITA-158,3,60.16,66.45
2026-05-09,VV-VITA-171,3,62.4,73.39
2026-05-09,VV-VITA-172,30,447.75,537.3
2026-05-09,VV-VITA-197,50,933.75,1120.5
2026-05-09,VV-VITA-198,2,31,31
2026-05-09,VV-VITA-204,1,16.12,16.12
2026-05-09,VV-VITA-208,2,32.24,35.82
2026-05-09,VV-VITA-222,4,72.96,81.98
2026-05-09,VV-VITA-223,19,320.73,394.96
2026-05-09,VV-VITA-224,9,140.48,169.6
2026-05-09,VV-VITA-225,4,63.96,75.24
2026-05-09,VV-VITA-228,9,155.43,174.85
2026-05-09,VV-VITA-231,3,75.99,81.42
2026-05-09,VV-VITA-247,2,35.82,39.8
2026-05-09,VV-VITA-248,3,60.59,70.42
2026-05-09,VV-VITA-276,5,100.82,110.9
2026-05-09,VV-VITA-295,1,21.73,21.73
2026-05-09,VV-VITA-297,1,14.8,19.54
2026-05-09,VV-VITA-313,3,36.45,42.87
2026-05-09,VV-VITA-316,2,39.8,39.8
2026-05-09,VV-VITA-320,2,40.49,41.38
2026-05-09,VV-VITA-329,5,94.34,95.33
2026-05-09,VV-VITA-338,2,35.64,35.64
2026-05-09,VV-VITA-339,1,19.08,19.08
2026-05-09,VV-VITA-344,1,19.9,24.9
2026-05-09,VV-VITA-351,3,50.39,53.97
2026-05-09,VV-VITA-359,1,17.99,17.99
2026-05-09,VV-VITA-364,1,19.71,19.71
2026-05-09,VV-VITA-368,1,17.9,17.9
2026-05-09,VV-VITA-375,1,13.28,14.5
2026-05-09,VV-VITA-379,5,67.93,82.67
2026-05-09,VV-VITA-382,4,56.56,69.42
2026-05-09,VV-VITA-387,2,47.13,52.34
2026-05-09,VV-VITA-389,4,72.6,81.79
2026-05-09,VV-VITA-403,4,54.83,71.64
2026-05-09,VV-VITA-49,2,34.36,34.36
2026-05-09,VV-VITA-57-V,2,62.45,64.93
2026-05-09,VV-VITA-63,1,17.18,19.07
2026-05-09,VV-VITA-88,1,20.29,20.29
2026-05-09,VV-VITA-90,1,17.1,17.1
2026-05-09,VV-VITA-94,2,50.64,52.7
2026-05-10,,29,312.84,452.52
2026-05-10,BJ-E223-8EKW,5,94.82,112.13
2026-05-10,CW-KVIN-V39Y,1,27.39,27.39
2026-05-10,VV-VITA-105,1,14.65,14.65
2026-05-10,VV-VITA-119,2,32.32,34.02
2026-05-10,VV-VITA-136,1,15.9,20.44
2026-05-10,VV-VITA-142,1,21.26,21.26
2026-05-10,VV-VITA-151,2,47.53,47.53
2026-05-10,VV-VITA-158,3,69.95,74.51
2026-05-10,VV-VITA-159,5,93.05,102.24
2026-05-10,VV-VITA-165,1,24.54,24.54
2026-05-10,VV-VITA-168,1,23.9,23.9
2026-05-10,VV-VITA-171,1,25.11,25.11
2026-05-10,VV-VITA-188,1,11.11,16.11
2026-05-10,VV-VITA-189,2,35.48,39.42
2026-05-10,VV-VITA-198,1,13.94,18.67
2026-05-10,VV-VITA-215,3,51.52,51.52
2026-05-10,VV-VITA-222,2,43.02,47.8
2026-05-10,VV-VITA-223,10,184.93,215.84
2026-05-10,VV-VITA-224,5,80.71,97.65
2026-05-10,VV-VITA-228,3,56.73,60.85
2026-05-10,VV-VITA-231,11,263.73,299.02
2026-05-10,VV-VITA-237,7,93.93,110.45
2026-05-10,VV-VITA-248,4,79.77,88.63
2026-05-10,VV-VITA-259,1,18.35,22.89
2026-05-10,VV-VITA-264,1,27.29,27.29
2026-05-10,VV-VITA-276,6,117.66,134.46
2026-05-10,VV-VITA-295,1,20.9,20.9
2026-05-10,VV-VITA-297,2,37.54,37.54
2026-05-10,VV-VITA-31,1,19.71,21.9
2026-05-10,VV-VITA-313,1,17.01,17.01
2026-05-10,VV-VITA-320,3,52.27,55.85
2026-05-10,VV-VITA-329,10,190.82,190.82
2026-05-10,VV-VITA-338,2,36.65,36.65
2026-05-10,VV-VITA-345,2,37.64,41.8
2026-05-10,VV-VITA-354,3,52.01,61.16
2026-05-10,VV-VITA-358,1,15.46,15.46
2026-05-10,VV-VITA-361,4,66.28,74.75
2026-05-10,VV-VITA-362,1,19.99,19.99
2026-05-10,VV-VITA-364,9,150.36,174.53
2026-05-10,VV-VITA-368,2,38,38
2026-05-10,VV-VITA-369,1,0,0
2026-05-10,VV-VITA-376,1,17.26,17.26
2026-05-10,VV-VITA-380,1,12.25,12.25
2026-05-10,VV-VITA-382,2,30.93,34.34
2026-05-10,VV-VITA-386,1,22.9,22.9
2026-05-10,VV-VITA-387,3,46.05,46.05
2026-05-10,VV-VITA-389,3,52.15,61.34
2026-05-10,VV-VITA-391,4,71.64,71.64
2026-05-10,VV-VITA-394,1,21.26,21.26
2026-05-10,VV-VITA-395,1,12.01,17.01
2026-05-10,VV-VITA-403,2,39.99,39.99
2026-05-10,VV-VITA-417,1,20.37,20.37
2026-05-10,VV-VITA-63,1,22.9,22.9
2026-05-10,VV-VITA-88,1,22.9,22.9
2026-05-10,VV-VITA-90,3,53.97,53.97
2026-05-10,VV-VITA-94,6,132.12,155.4
2026-05-11,,50,630.63,820.33
2026-05-11,BJ-E223-8EKW,6,126.46,135.04
2026-05-11,CP-DQMG-RVN9,3,59.35,65.7
2026-05-11,CW-KVIN-V39Y,2,38.56,41.8
2026-05-11,NX-CVPF-VCEZ,3,55.64,65.43
2026-05-11,VV-VITA-101,2,49.22,51.8
2026-05-11,VV-VITA-111,-1,-20.9,0
2026-05-11,VV-VITA-116,1,18.55,18.55
2026-05-11,VV-VITA-119,1,16.35,16.35
2026-05-11,VV-VITA-136,1,20.45,20.45
2026-05-11,VV-VITA-153,2,39.71,39.71
2026-05-11,VV-VITA-158,5,118.7,126.12
2026-05-11,VV-VITA-159,2,43.28,43.28
2026-05-11,VV-VITA-170,1,18.9,18.9
2026-05-11,VV-VITA-198,3,50.62,50.62
2026-05-11,VV-VITA-207,3,49.98,51.27
2026-05-11,VV-VITA-222,1,21.1,23.9
2026-05-11,VV-VITA-223,30,537.91,620.44
2026-05-11,VV-VITA-224,19,290.01,341.19
2026-05-11,VV-VITA-228,4,75.59,79.49
2026-05-11,VV-VITA-231,12,304.04,322.15
2026-05-11,VV-VITA-247,2,37.47,41.63
2026-05-11,VV-VITA-248,5,111.67,122.68
2026-05-11,VV-VITA-250,3,53.7,53.7
2026-05-11,VV-VITA-257,3,49.82,58.6
2026-05-11,VV-VITA-259,2,45.8,45.8
2026-05-11,VV-VITA-276,7,137.74,152.28
2026-05-11,VV-VITA-284,2,36.82,40.89
2026-05-11,VV-VITA-295,1,23.6,23.6
2026-05-11,VV-VITA-31,1,21.9,21.9
2026-05-11,VV-VITA-317,4,62.11,71.65
2026-05-11,VV-VITA-320,7,123.82,127.23
2026-05-11,VV-VITA-329,3,57.25,57.25
2026-05-11,VV-VITA-338,1,17.91,17.91
2026-05-11,VV-VITA-341,2,25.66,27.09
2026-05-11,VV-VITA-342,4,63.52,72.12
2026-05-11,VV-VITA-344,2,48.53,48.53
2026-05-11,VV-VITA-346,1,11.93,13.9
2026-05-11,VV-VITA-354,2,40.47,40.47
2026-05-11,VV-VITA-359,1,18.85,34.92
2026-05-11,VV-VITA-361,3,41.89,53.23
2026-05-11,VV-VITA-364,11,202.06,229.22
2026-05-11,VV-VITA-365,2,29.8,29.8
2026-05-11,VV-VITA-375,1,17.99,17.99
2026-05-11,VV-VITA-379,3,43.33,48.33
2026-05-11,VV-VITA-380,1,13.9,13.9
2026-05-11,VV-VITA-389,4,73.27,82.38
2026-05-11,VV-VITA-39,4,69.81,80.14
2026-05-11,VV-VITA-391,8,147.91,161.92
2026-05-11,VV-VITA-394,3,63.78,63.78
2026-05-11,VV-VITA-395,3,48.36,51.36
2026-05-11,VV-VITA-403,7,110.72,123.76
2026-05-11,VV-VITA-407,4,62.59,73.6
2026-05-11,VV-VITA-411,1,16.38,21.84
2026-05-11,VV-VITA-49,5,83.85,91.06
2026-05-11,VV-VITA-90,3,51.77,53.97
2026-05-12,,51,616.13,855.87
2026-05-12,CW-KVIN-V39Y,2,39.72,41.8
2026-05-12,NX-CVPF-VCEZ,2,40.46,43.61
2026-05-12,VV-VITA-101,2,42.71,47.71
2026-05-12,VV-VITA-109,1,12.01,17.01
2026-05-12,VV-VITA-115,1,21.23,21.23
2026-05-12,VV-VITA-119,2,32.47,32.47
2026-05-12,VV-VITA-121,1,21.9,21.9
2026-05-12,VV-VITA-142,1,18.68,18.68
2026-05-12,VV-VITA-151,1,23.9,23.9
2026-05-12,VV-VITA-157,2,25.02,25.02
2026-05-12,VV-VITA-158,3,70.03,80.31
2026-05-12,VV-VITA-159,2,36.82,40.89
2026-05-12,VV-VITA-165,3,62.4,73.39
2026-05-12,VV-VITA-172,2,39.36,40.89
2026-05-12,VV-VITA-188,1,16.11,16.11
2026-05-12,VV-VITA-189,1,17.39,18.8
2026-05-12,VV-VITA-190,1,19.9,19.9
2026-05-12,VV-VITA-198,1,14.72,16.35
2026-05-12,VV-VITA-208,4,58.6,71.64
2026-05-12,VV-VITA-223,15,252.12,291.66
2026-05-12,VV-VITA-224,7,106.61,125.37
2026-05-12,VV-VITA-225,2,36.82,40.89
2026-05-12,VV-VITA-228,13,212.65,256.02
2026-05-12,VV-VITA-231,18,427.83,491.72
2026-05-12,VV-VITA-237,3,42.08,105.03
2026-05-12,VV-VITA-252,1,19.67,21.26
2026-05-12,VV-VITA-257,1,19.21,24.21
2026-05-12,VV-VITA-276,13,239.4,277.57
2026-05-12,VV-VITA-277,3,39.89,39.89
2026-05-12,VV-VITA-307,1,14.54,14.54
2026-05-12,VV-VITA-31,-3,-65.7,0
2026-05-12,VV-VITA-313,5,80.9,88.97
2026-05-12,VV-VITA-317,4,60.9,70.9
2026-05-12,VV-VITA-320,9,169.86,196.76
2026-05-12,VV-VITA-326,0,2.63,21.71
2026-05-12,VV-VITA-329,1,17.17,19.07
2026-05-12,VV-VITA-339,2,32.99,42.53
2026-05-12,VV-VITA-341,1,15.54,15.54
2026-05-12,VV-VITA-342,1,16.35,16.35
2026-05-12,VV-VITA-344,3,66.18,70.88
2026-05-12,VV-VITA-345,1,20.9,20.9
2026-05-12,VV-VITA-346,1,13.9,13.9
2026-05-12,VV-VITA-354,1,21.26,21.26
2026-05-12,VV-VITA-359,2,34.02,34.02
2026-05-12,VV-VITA-361,2,32.73,36.34
2026-05-12,VV-VITA-364,1,20.09,85.05
2026-05-12,VV-VITA-369,1,0,0
2026-05-12,VV-VITA-371,1,14.31,14.31
2026-05-12,VV-VITA-376,1,17.26,17.26
2026-05-12,VV-VITA-377,1,14.45,14.45
2026-05-12,VV-VITA-378,1,7.9,12.9
2026-05-12,VV-VITA-380,1,17.26,17.26
2026-05-12,VV-VITA-382,1,15.31,17.01
2026-05-12,VV-VITA-387,3,47.13,52.34
2026-05-12,VV-VITA-389,4,77.31,85.48
2026-05-12,VV-VITA-39,3,61.69,63.97
2026-05-12,VV-VITA-391,5,87.76,89.55
2026-05-12,VV-VITA-398,1,12.7,13.9
2026-05-12,VV-VITA-403,3,53.73,53.73
2026-05-12,VV-VITA-405,1,14.31,14.31
2026-05-12,VV-VITA-408,1,24.9,24.9
2026-05-12,VV-VITA-411,1,18.81,20.9
2026-05-12,VV-VITA-417,1,20.48,22.41
2026-05-12,VV-VITA-49,7,124.99,128.77
2026-05-12,VV-VITA-63,1,17.69,19.08
2026-05-12,VV-VITA-88,1,21.51,21.51
2026-05-12,VV-VITA-90,4,72.64,72.64
2026-05-12,VV-VITA-94,1,23.31,25.9
2026-05-13,,39,467.35,593.68
2026-05-13,BJ-E223-8EKW,1,18.35,22.89
2026-05-13,CW-KVIN-V39Y,1,18.81,20.9
2026-05-13,NX-CVPF-VCEZ,4,74.18,87.23
2026-05-13,VV-VITA-101,2,36.67,45.26
2026-05-13,VV-VITA-115,11,189.8,280.4
2026-05-13,VV-VITA-119,1,15.65,17.92
2026-05-13,VV-VITA-121,1,22.93,22.93
2026-05-13,VV-VITA-136,1,20.45,20.45
2026-05-13,VV-VITA-157,2,33.95,33.95
2026-05-13,VV-VITA-158,5,105.84,118.03
2026-05-13,VV-VITA-159,6,111.81,137.71
2026-05-13,VV-VITA-165,10,187.85,260.1
2026-05-13,VV-VITA-166,3,38.82,59.7
2026-05-13,VV-VITA-170,13,166.38,245.7
2026-05-13,VV-VITA-171,1,26.2,26.2
2026-05-13,VV-VITA-183,1,14.01,22.82
2026-05-13,VV-VITA-198,4,60.25,70.24
2026-05-13,VV-VITA-207,4,71.64,71.64
2026-05-13,VV-VITA-208,2,33.43,37.14
2026-05-13,VV-VITA-222,5,92.2,104.23
2026-05-13,VV-VITA-223,18,297.64,344.44
2026-05-13,VV-VITA-224,1,23.65,23.65
2026-05-13,VV-VITA-228,22,354.75,448.23
2026-05-13,VV-VITA-231,12,275.27,319.52
2026-05-13,VV-VITA-247,15,217.9,303.09
2026-05-13,VV-VITA-248,1,22.93,22.93
2026-05-13,VV-VITA-250,14,170.4,251.78
2026-05-13,VV-VITA-256,4,81.49,85.89
2026-05-13,VV-VITA-257,1,24.21,24.21
2026-05-13,VV-VITA-258,1,15.65,17.92
2026-05-13,VV-VITA-264,1,22.64,22.64
2026-05-13,VV-VITA-276,6,122.8,131.51
2026-05-13,VV-VITA-287,26,383.35,517.58
2026-05-13,VV-VITA-307,1,14.54,14.54
2026-05-13,VV-VITA-313,5,64.07,72.64
2026-05-13,VV-VITA-317,16,241.44,291.19
2026-05-13,VV-VITA-320,5,94.01,101.72
2026-05-13,VV-VITA-329,5,99.56,99.56
2026-05-13,VV-VITA-338,2,33.73,37.47
2026-05-13,VV-VITA-341,1,15.54,15.54
2026-05-13,VV-VITA-342,3,58.5,59.81
2026-05-13,VV-VITA-345,1,20.9,20.9
2026-05-13,VV-VITA-358,1,17.46,17.46
2026-05-13,VV-VITA-359,1,17.01,17.01
2026-05-13,VV-VITA-361,3,43.7,46.67
2026-05-13,VV-VITA-363,1,10.99,16.9
2026-05-13,VV-VITA-364,3,60.65,63.27
2026-05-13,VV-VITA-365,1,14.45,14.45
2026-05-13,VV-VITA-371,3,31.01,42.93
2026-05-13,VV-VITA-374,10,129.4,199
2026-05-13,VV-VITA-375,1,16.19,16.19
2026-05-13,VV-VITA-376,1,17.26,17.26
2026-05-13,VV-VITA-380,1,14.19,14.19
2026-05-13,VV-VITA-382,2,27.29,37.78
2026-05-13,VV-VITA-389,2,40.9,40.9
2026-05-13,VV-VITA-391,5,96.27,100.81
2026-05-13,VV-VITA-399,4,64.76,99.6
2026-05-13,VV-VITA-403,1,12.91,17.91
2026-05-13,VV-VITA-407,1,0,0
2026-05-13,VV-VITA-408,1,23.63,23.63
2026-05-13,VV-VITA-417,5,111.57,111.57
2026-05-13,VV-VITA-49,3,52.92,56.7
2026-05-13,VV-VITA-57-V,4,135.88,135.88
2026-05-13,VV-VITA-90,5,85.59,94.05
2026-05-13,VV-VITA-93,4,43.94,60.84
2026-05-13,VV-VITA-94,4,104.45,110.25
2026-05-14,,31,365.72,517.56
2026-05-14,TU-QNYD-JRRX,1,17.4,18.9
2026-05-14,VV-VITA-111,1,19.91,19.91
2026-05-14,VV-VITA-116,1,17.83,19.81
2026-05-14,VV-VITA-119,5,81.77,81.77
2026-05-14,VV-VITA-121,5,95.25,108.17
2026-05-14,VV-VITA-129,1,14.99,17.47
2026-05-14,VV-VITA-142,4,72.23,83.97
2026-05-14,VV-VITA-151,1,21.51,23.9
2026-05-14,VV-VITA-153,2,37.83,39.82
2026-05-14,VV-VITA-159,1,20.45,20.45
2026-05-14,VV-VITA-165,2,41.32,51
2026-05-14,VV-VITA-198,7,123.02,123.02
2026-05-14,VV-VITA-222,3,60.96,71.7
2026-05-14,VV-VITA-223,6,118.84,118.84
2026-05-14,VV-VITA-224,13,192.9,229.61
2026-05-14,VV-VITA-225,1,15.65,20.38
2026-05-14,VV-VITA-228,4,70.68,79.48
2026-05-14,VV-VITA-231,22,513.02,597.1
2026-05-14,VV-VITA-249,5,100.47,113.89
2026-05-14,VV-VITA-256,2,44.72,46.53
2026-05-14,VV-VITA-276,4,81.85,90.87
2026-05-14,VV-VITA-287,3,58.98,63.31
2026-05-14,VV-VITA-303,1,19.39,20.81
2026-05-14,VV-VITA-313,5,76.5,89.95
2026-05-14,VV-VITA-317,8,129.03,129.03
2026-05-14,VV-VITA-320,4,75.53,75.53
2026-05-14,VV-VITA-326,1,19.08,19.08
2026-05-14,VV-VITA-329,3,58.92,58.92
2026-05-14,VV-VITA-339,2,37.72,39.71
2026-05-14,VV-VITA-341,10,145.58,154.61
2026-05-14,VV-VITA-342,4,71.63,73.6
2026-05-14,VV-VITA-344,4,83.9,94.5
2026-05-14,VV-VITA-364,11,190.74,216.46
2026-05-14,VV-VITA-369,1,0,0
2026-05-14,VV-VITA-375,1,14.97,14.97
2026-05-14,VV-VITA-377,2,25.94,32.03
2026-05-14,VV-VITA-378,1,15.45,15.45
2026-05-14,VV-VITA-379,1,17.17,17.17
2026-05-14,VV-VITA-380,1,12.52,13.9
2026-05-14,VV-VITA-386,2,42.13,45.8
2026-05-14,VV-VITA-387,2,33.84,37.59
2026-05-14,VV-VITA-389,1,19.82,21.51
2026-05-14,VV-VITA-391,3,66.27,66.27
2026-05-14,VV-VITA-402,1,21.94,23.54
2026-05-14,VV-VITA-403,6,92.45,108.11
2026-05-14,VV-VITA-408,3,56.36,73.64
2026-05-14,VV-VITA-417,3,62.43,70.5
2026-05-14,VV-VITA-49,9,140.33,173.37
2026-05-14,VV-VITA-88,2,40.25,40.25
2026-05-14,VV-VITA-90,8,125.06,140.43
2026-05-14,VV-VITA-94,6,142.66,159.64
2026-05-15,,66,739.7,1036.95
2026-05-15,VI-ZU99-SZ0B,6,69.81,96.66
2026-05-15,VV-VITA-02,2,32.71,32.71
2026-05-15,VV-VITA-101,2,43.16,47.7
2026-05-15,VV-VITA-119,8,130.83,130.83
2026-05-15,VV-VITA-142,3,50.51,69.93
2026-05-15,VV-VITA-151,7,122.43,166.47
2026-05-15,VV-VITA-153,7,97.45,139.21
2026-05-15,VV-VITA-158,7,164.99,184.28
2026-05-15,VV-VITA-159,15,259.29,341.06
2026-05-15,VV-VITA-170,6,73.74,113.4
2026-05-15,VV-VITA-171,3,57.65,75.33
2026-05-15,VV-VITA-183,5,99.73,132.38
2026-05-15,VV-VITA-188,3,50.55,50.55
2026-05-15,VV-VITA-197,3,48.55,67.23
2026-05-15,VV-VITA-204,4,59.89,59.89
2026-05-15,VV-VITA-207,1,16.28,16.28
2026-05-15,VV-VITA-208,6,77.61,107.46
2026-05-15,VV-VITA-222,5,97.63,120.67
2026-05-15,VV-VITA-223,13,233.51,266.69
2026-05-15,VV-VITA-224,7,121.39,136.83
2026-05-15,VV-VITA-225,6,104.02,122.33
2026-05-15,VV-VITA-228,8,134.65,164.88
2026-05-15,VV-VITA-230,-1,-23.31,0
2026-05-15,VV-VITA-231,10,241.98,271.9
2026-05-15,VV-VITA-247,3,38.82,59.7
2026-05-15,VV-VITA-248,1,21.9,21.9
2026-05-15,VV-VITA-249,1,25.14,25.14
2026-05-15,VV-VITA-258,1,17.01,17.01
2026-05-15,VV-VITA-259,3,58.42,68.7
2026-05-15,VV-VITA-276,6,97.11,134.46
2026-05-15,VV-VITA-287,3,38.82,59.7
2026-05-15,VV-VITA-297,3,38.81,53.73
2026-05-15,VV-VITA-303,2,36.51,36.51
2026-05-15,VV-VITA-316,1,19.9,19.9
2026-05-15,VV-VITA-317,3,46.97,51.51
2026-05-15,VV-VITA-320,13,201.83,245.93
2026-05-15,VV-VITA-326,1,19.08,19.08
2026-05-15,VV-VITA-329,11,209.9,209.9
2026-05-15,VV-VITA-341,1,14.31,14.31
2026-05-15,VV-VITA-342,4,62.12,82.44
2026-05-15,VV-VITA-344,6,125.08,146.93
2026-05-15,VV-VITA-345,1,20.9,20.9
2026-05-15,VV-VITA-351,2,32.4,35.98
2026-05-15,VV-VITA-354,3,58.09,61.83
2026-05-15,VV-VITA-361,6,92.72,109.02
2026-05-15,VV-VITA-362,1,19.9,19.9
2026-05-15,VV-VITA-364,3,45.25,59.13
2026-05-15,VV-VITA-365,6,58.14,89.4
2026-05-15,VV-VITA-368,2,36.35,36.35
2026-05-15,VV-VITA-369,6,0,0
2026-05-15,VV-VITA-374,2,32.02,38.98
2026-05-15,VV-VITA-376,1,12.72,17.26
2026-05-15,VV-VITA-379,4,54.6,65.06
2026-05-15,VV-VITA-383,2,30.29,35.02
2026-05-15,VV-VITA-387,9,71.22,104.69
2026-05-15,VV-VITA-391,1,17.91,17.91
2026-05-15,VV-VITA-394,2,42.52,42.52
2026-05-15,VV-VITA-399,3,48.57,74.7
2026-05-15,VV-VITA-403,5,85.99,89.55
2026-05-15,VV-VITA-407,8,86.49,100.44
2026-05-15,VV-VITA-411,3,51.76,60.87
2026-05-15,VV-VITA-417,1,17.41,22.41
2026-05-15,VV-VITA-49,1,18.9,18.9
2026-05-15,VV-VITA-63,6,89.34,137.4
2026-05-15,VV-VITA-88,4,62.14,86.04
2026-05-15,VV-VITA-90,4,75.24,75.24
2026-05-15,VV-VITA-94,5,93.71,129.95
2026-05-16,,37,447.74,621.65
2026-05-16,BJ-E223-8EKW,2,41.24,45.8
2026-05-16,VI-ZU99-SZ0B,2,31.07,31.07
2026-05-16,VV-VITA-111,1,19.29,20.89
2026-05-16,VV-VITA-119,7,114.17,114.17
2026-05-16,VV-VITA-121,1,21.9,21.9
2026-05-16,VV-VITA-142,1,16.72,21.26
2026-05-16,VV-VITA-151,3,54.86,71.7
2026-05-16,VV-VITA-153,2,36.55,39.81
2026-05-16,VV-VITA-157,1,12.51,12.51
2026-05-16,VV-VITA-158,2,45.85,45.85
2026-05-16,VV-VITA-159,5,93.92,105.09
2026-05-16,VV-VITA-171,10,213.21,244.99
2026-05-16,VV-VITA-183,3,66.92,71.62
2026-05-16,VV-VITA-207,3,48.73,53.73
2026-05-16,VV-VITA-208,4,60.92,71.64
2026-05-16,VV-VITA-223,10,182.84,203.06
2026-05-16,VV-VITA-224,6,98.54,108.36
2026-05-16,VV-VITA-225,3,45.25,53.23
2026-05-16,VV-VITA-228,8,132.43,156.98
2026-05-16,VV-VITA-231,5,113.38,134.5
2026-05-16,VV-VITA-237,3,45.89,48.98
2026-05-16,VV-VITA-250,1,17.9,17.9
2026-05-16,VV-VITA-256,4,77.7,91.6
2026-05-16,VV-VITA-257,1,19.21,24.21
2026-05-16,VV-VITA-259,2,41.24,45.8
2026-05-16,VV-VITA-287,1,17.91,19.9
2026-05-16,VV-VITA-303,2,36.2,38.93
2026-05-16,VV-VITA-307,1,13.24,14.54
2026-05-16,VV-VITA-317,4,70.16,70.16
2026-05-16,VV-VITA-320,9,164.42,182.55
2026-05-16,VV-VITA-329,6,110.68,114.48
2026-05-16,VV-VITA-338,1,18.13,19.63
2026-05-16,VV-VITA-341,1,15.54,15.54
2026-05-16,VV-VITA-342,4,76.02,79.52
2026-05-16,VV-VITA-345,1,20.9,20.9
2026-05-16,VV-VITA-349,1,16.9,16.9
2026-05-16,VV-VITA-359,2,35.98,35.98
2026-05-16,VV-VITA-361,6,85.15,102.66
2026-05-16,VV-VITA-362,1,18.2,19.99
2026-05-16,VV-VITA-364,10,177.43,197.69
2026-05-16,VV-VITA-374,4,75.71,75.71
2026-05-16,VV-VITA-377,2,23.84,29.8
2026-05-16,VV-VITA-379,2,30.62,32.22
2026-05-16,VV-VITA-389,2,36.35,40.89
2026-05-16,VV-VITA-391,1,22.08,22.08
2026-05-16,VV-VITA-395,4,71.94,73.44
2026-05-16,VV-VITA-398,4,64.53,72.68
2026-05-16,VV-VITA-405,1,14.31,14.31
2026-05-16,VV-VITA-407,1,23.69,23.69
2026-05-16,VV-VITA-408,1,24.9,24.9
2026-05-16,VV-VITA-411,2,40.81,40.81
2026-05-16,VV-VITA-417,6,121.46,132.48
2026-05-16,VV-VITA-57-V,2,65.02,70.02
2026-05-16,VV-VITA-88,2,41.09,45.65
2026-05-16,VV-VITA-90,2,33.71,35.16
2026-05-16,VV-VITA-94,1,23.79,26.35
2026-05-17,,33,350.54,517.67
2026-05-17,BJ-E223-8EKW,1,22.41,22.41
2026-05-17,NX-CVPF-VCEZ,1,21.81,21.81
2026-05-17,TU-QNYD-JRRX,50,614.5,945
2026-05-17,VI-ZU99-SZ0B,2,28.65,30.92
2026-05-17,VV-VITA-101,1,18.09,22.63
2026-05-17,VV-VITA-104,1,15.45,19.99
2026-05-17,VV-VITA-107,3,52.47,57.47
2026-05-17,VV-VITA-109,3,48.18,51.59
2026-05-17,VV-VITA-121,1,20.22,21.9
2026-05-17,VV-VITA-129,1,14.15,15.46
2026-05-17,VV-VITA-136,2,35.44,36.73
2026-05-17,VV-VITA-142,1,21.26,21.26
2026-05-17,VV-VITA-151,1,23.9,23.9
2026-05-17,VV-VITA-153,3,60.64,60.64
2026-05-17,VV-VITA-158,1,22.9,22.9
2026-05-17,VV-VITA-159,9,158.21,198.33
2026-05-17,VV-VITA-165,3,68.72,73.61
2026-05-17,VV-VITA-166,1,19,19
2026-05-17,VV-VITA-171,9,196.45,222.4
2026-05-17,VV-VITA-198,8,125.91,130.81
2026-05-17,VV-VITA-207,1,17.91,17.91
2026-05-17,VV-VITA-222,6,122.62,143.4
2026-05-17,VV-VITA-223,17,307.87,354.85
2026-05-17,VV-VITA-224,2,32.8,35.82
2026-05-17,VV-VITA-225,5,80.27,102.16
2026-05-17,VV-VITA-228,3,54.98,58.88
2026-05-17,VV-VITA-231,16,377.99,444.63
2026-05-17,VV-VITA-250,1,15.36,15.36
2026-05-17,VV-VITA-256,3,61.33,72.15
2026-05-17,VV-VITA-257,7,137.98,159.47
2026-05-17,VV-VITA-276,6,114.07,125.78
2026-05-17,VV-VITA-287,2,39.8,39.8
2026-05-17,VV-VITA-297,1,15.08,19.62
2026-05-17,VV-VITA-303,1,16.97,16.97
2026-05-17,VV-VITA-320,2,39.51,41.38
2026-05-17,VV-VITA-329,3,49.31,57.07
2026-05-17,VV-VITA-341,2,31.08,31.08
2026-05-17,VV-VITA-344,1,24.9,24.9
2026-05-17,VV-VITA-354,8,143.03,170.08
2026-05-17,VV-VITA-364,8,147.5,168.55
2026-05-17,VV-VITA-368,1,17.9,17.9
2026-05-17,VV-VITA-369,1,0,0
2026-05-17,VV-VITA-371,1,16.35,16.35
2026-05-17,VV-VITA-377,3,42.46,46.77
2026-05-17,VV-VITA-380,1,17.26,17.26
2026-05-17,VV-VITA-387,1,0,0
2026-05-17,VV-VITA-389,5,92.95,106.92
2026-05-17,VV-VITA-39,1,16.99,19.99
2026-05-17,VV-VITA-391,2,39.62,44.16
2026-05-17,VV-VITA-394,1,17.36,18.81
2026-05-17,VV-VITA-395,2,32.32,34.02
2026-05-17,VV-VITA-398,4,50.04,55.6
2026-05-17,VV-VITA-405,2,27.19,28.62
2026-05-17,VV-VITA-407,1,0,0
2026-05-17,VV-VITA-49,2,35.92,37.8
2026-05-17,VV-VITA-57-V,1,28.72,31.9
2026-05-17,VV-VITA-90,3,43.26,51.51
2026-05-18,,36,470.53,573.71
2026-05-18,CW-KVIN-V39Y,2,39.9,39.9
2026-05-18,NX-CVPF-VCEZ,1,17.26,21.8
2026-05-18,TU-QNYD-JRRX,1,18.9,18.9
2026-05-18,VV-VITA-101,7,132.89,140.58
2026-05-18,VV-VITA-109,2,29.9,45.98
2026-05-18,VV-VITA-111,1,19.45,20.89
2026-05-18,VV-VITA-119,1,16.91,18.17
2026-05-18,VV-VITA-121,1,22.72,22.72
2026-05-18,VV-VITA-129,1,15.31,17.01
2026-05-18,VV-VITA-136,3,51.23,70.42
2026-05-18,VV-VITA-142,4,70.6,83.03
2026-05-18,VV-VITA-151,3,69.47,74.25
2026-05-18,VV-VITA-153,2,29.31,33.85
2026-05-18,VV-VITA-157,2,24.26,29.26
2026-05-18,VV-VITA-158,2,54.56,57.42
2026-05-18,VV-VITA-159,4,91.68,99.34
2026-05-18,VV-VITA-165,2,49.09,54.52
2026-05-18,VV-VITA-166,4,70.61,79.51
2026-05-18,VV-VITA-170,6,89.29,89.29
2026-05-18,VV-VITA-171,2,48.22,48.22
2026-05-18,VV-VITA-183,7,145.52,166.85
2026-05-18,VV-VITA-188,1,14.93,19.9
2026-05-18,VV-VITA-189,1,18.62,18.62
2026-05-18,VV-VITA-197,1,23.55,23.55
2026-05-18,VV-VITA-198,2,31.17,38.16
2026-05-18,VV-VITA-202,2,25.81,25.81
2026-05-18,VV-VITA-204,1,15.54,17.26
2026-05-18,VV-VITA-207,1,17.91,17.91
2026-05-18,VV-VITA-208,5,82.85,99.31
2026-05-18,VV-VITA-215,2,37.8,37.8
2026-05-18,VV-VITA-216,3,46.15,54.27
2026-05-18,VV-VITA-222,4,86.95,93.17
2026-05-18,VV-VITA-223,18,339.61,365.79
2026-05-18,VV-VITA-224,9,143.79,154.13
2026-05-18,VV-VITA-228,2,44.71,44.71
2026-05-18,VV-VITA-231,9,180.4,204.58
2026-05-18,VV-VITA-237,8,117.62,132.28
2026-05-18,VV-VITA-248,2,39.45,48.89
2026-05-18,VV-VITA-249,2,40.8,49.89
2026-05-18,VV-VITA-250,1,13.06,13.06
2026-05-18,VV-VITA-252,1,19.25,19.25
2026-05-18,VV-VITA-257,3,61.91,64.19
2026-05-18,VV-VITA-259,1,22.02,22.02
2026-05-18,VV-VITA-264,1,25.9,25.9
2026-05-18,VV-VITA-276,6,133,149.81
2026-05-18,VV-VITA-277,3,31.91,31.91
2026-05-18,VV-VITA-287,1,20.82,20.82
2026-05-18,VV-VITA-295,1,14.95,22.99
2026-05-18,VV-VITA-297,6,100.57,112.57
2026-05-18,VV-VITA-307,4,45.72,55.31
2026-05-18,VV-VITA-313,1,16.99,16.99
2026-05-18,VV-VITA-320,15,302.59,345.78
2026-05-18,VV-VITA-329,3,48.13,59.88
2026-05-18,VV-VITA-338,1,19.9,19.9
2026-05-18,VV-VITA-341,1,12.16,13.52
2026-05-18,VV-VITA-342,5,100.38,101.76
2026-05-18,VV-VITA-354,2,37.92,40.42
2026-05-18,VV-VITA-364,2,36.94,36.94
2026-05-18,VV-VITA-368,1,17.9,17.9
2026-05-18,VV-VITA-377,1,7.67,12.67
2026-05-18,VV-VITA-378,1,12.9,12.9
2026-05-18,VV-VITA-380,1,15.82,17.26
2026-05-18,VV-VITA-389,2,36.83,45.43
2026-05-18,VV-VITA-39,4,52,79.96
2026-05-18,VV-VITA-391,3,73.61,73.61
2026-05-18,VV-VITA-398,8,92.83,108.67
2026-05-18,VV-VITA-403,3,50.76,59.7
2026-05-18,VV-VITA-405,1,13.52,13.52
2026-05-18,VV-VITA-408,3,57.74,67.91
2026-05-18,VV-VITA-410,2,50.44,50.44
2026-05-18,VV-VITA-417,2,42.34,42.34
2026-05-18,VV-VITA-49,3,54.82,56.7
2026-05-18,VV-VITA-57-V2,1,18.17,22.71
2026-05-18,VV-VITA-88,5,89.62,110.19
2026-05-18,VV-VITA-90,9,82.76,157.94
2026-05-18,VV-VITA-94,1,24.52,26.35
2026-05-19,,36,421.8,496.66
2026-05-19,BJ-E223-8EKW,1,25.45,25.45
2026-05-19,CW-KVIN-V39Y,3,53.31,62.7
2026-05-19,TU-QNYD-JRRX,1,14.75,19.67
2026-05-19,VI-ZU99-SZ0B,0,-1.03,14.43
2026-05-19,VV-VITA-101,2,35.61,37.78
2026-05-19,VV-VITA-119,2,35.39,37.07
2026-05-19,VV-VITA-121,1,22.72,22.72
2026-05-19,VV-VITA-124,5,91.86,100.85
2026-05-19,VV-VITA-142,1,23.31,25.9
2026-05-19,VV-VITA-151,1,26.45,26.45
2026-05-19,VV-VITA-157,5,70.04,76.01
2026-05-19,VV-VITA-158,-1,-28.71,0
2026-05-19,VV-VITA-159,2,40.91,45.43
2026-05-19,VV-VITA-170,2,37.8,37.8
2026-05-19,VV-VITA-171,2,46.89,46.89
2026-05-19,VV-VITA-197,2,44.82,49.8
2026-05-19,VV-VITA-216,4,74.22,83.6
2026-05-19,VV-VITA-223,27,470.98,555.74
2026-05-19,VV-VITA-224,2,31.56,33.84
2026-05-19,VV-VITA-228,2,41.22,45.8
2026-05-19,VV-VITA-231,15,303.45,348.79
2026-05-19,VV-VITA-237,9,135.85,145.53
2026-05-19,VV-VITA-247,1,16.92,16.92
2026-05-19,VV-VITA-248,1,24.54,24.54
2026-05-19,VV-VITA-249,1,23.63,23.63
2026-05-19,VV-VITA-252,2,28.74,31.92
2026-05-19,VV-VITA-256,2,45.8,45.8
2026-05-19,VV-VITA-257,4,72.12,80.79
2026-05-19,VV-VITA-259,2,43.26,43.26
2026-05-19,VV-VITA-276,1,24.9,24.9
2026-05-19,VV-VITA-284,2,43.02,47.8
2026-05-19,VV-VITA-295,1,20.9,20.9
2026-05-19,VV-VITA-297,3,42.53,51.61
2026-05-19,VV-VITA-298,1,18.03,24.04
2026-05-19,VV-VITA-301,7,92.5,101.8
2026-05-19,VV-VITA-313,5,74.32,84.03
2026-05-19,VV-VITA-316,2,39.8,39.8
2026-05-19,VV-VITA-320,10,189.6,241.16
2026-05-19,VV-VITA-326,3,59.49,61.59
2026-05-19,VV-VITA-329,9,159.4,163.94
2026-05-19,VV-VITA-338,10,171.18,199
2026-05-19,VV-VITA-341,4,55.57,58.4
2026-05-19,VV-VITA-342,2,36.47,40.11
2026-05-19,VV-VITA-344,5,86.55,100.4
2026-05-19,VV-VITA-345,1,19.28,21.17
2026-05-19,VV-VITA-354,2,38.32,40.16
2026-05-19,VV-VITA-355,-1,-22.9,0
2026-05-19,VV-VITA-359,1,14.75,19.67
2026-05-19,VV-VITA-361,3,45.63,50.7
2026-05-19,VV-VITA-364,7,117.17,134.08
2026-05-19,VV-VITA-369,10,111.54,111.54
2026-05-19,VV-VITA-377,4,44.98,50.68
2026-05-19,VV-VITA-379,11,173.92,204.86
2026-05-19,VV-VITA-382,2,30.54,32.14
2026-05-19,VV-VITA-387,5,29.08,29.08
2026-05-19,VV-VITA-389,1,22.72,22.72
2026-05-19,VV-VITA-39,1,20.76,20.76
2026-05-19,VV-VITA-391,4,83.88,88.88
2026-05-19,VV-VITA-395,1,14.64,16.07
2026-05-19,VV-VITA-403,4,70.67,79.61
2026-05-19,VV-VITA-405,2,25.68,27.04
2026-05-19,VV-VITA-407,4,0,0
2026-05-19,VV-VITA-417,2,42.02,42.02
2026-05-19,VV-VITA-49,3,50.87,57.79
2026-05-19,VV-VITA-57-V2,1,23.9,23.9
2026-05-19,VV-VITA-63,2,34.36,38.15
2026-05-19,VV-VITA-90,11,69.32,193.91
2026-05-20,,54,573.27,712.66
2026-05-20,BJ-E223-8EKW,2,49.8,49.8
2026-05-20,VI-ZU99-SZ0B,2,29.28,29.28
2026-05-20,VV-VITA-101,4,74.88,88.08
2026-05-20,VV-VITA-107,1,14.45,14.45
2026-05-20,VV-VITA-109,1,14.95,22.99
2026-05-20,VV-VITA-116,2,30.06,30.06
2026-05-20,VV-VITA-119,2,36.35,36.35
2026-05-20,VV-VITA-124,2,38.62,43.35
2026-05-20,VV-VITA-151,0,2.71,47.53
2026-05-20,VV-VITA-153,1,16.92,16.92
2026-05-20,VV-VITA-171,1,22.71,24.09
2026-05-20,VV-VITA-183,1,25.9,25.9
2026-05-20,VV-VITA-190,1,20.82,20.82
2026-05-20,VV-VITA-198,1,18.17,18.17
2026-05-20,VV-VITA-208,3,49.63,59.52
2026-05-20,VV-VITA-215,1,17.17,19.07
2026-05-20,VV-VITA-222,2,37.32,48.45
2026-05-20,VV-VITA-223,19,340.5,376.12
2026-05-20,VV-VITA-224,6,102.32,110.31
2026-05-20,VV-VITA-228,3,57.04,67.61
2026-05-20,VV-VITA-231,13,255.98,304.99
2026-05-20,VV-VITA-237,1,16.92,16.92
2026-05-20,VV-VITA-248,1,22.91,24.53
2026-05-20,VV-VITA-249,2,45.42,47.8
2026-05-20,VV-VITA-250,3,52.95,52.95
2026-05-20,VV-VITA-256,1,22.9,22.9
2026-05-20,VV-VITA-257,8,143.34,165.35
2026-05-20,VV-VITA-258,1,16.99,16.99
2026-05-20,VV-VITA-259,1,20.02,20.02
2026-05-20,VV-VITA-276,3,66.74,101.45
2026-05-20,VV-VITA-287,1,15.66,20.76
2026-05-20,VV-VITA-298,1,22.05,23.62
2026-05-20,VV-VITA-301,2,32.16,33.84
2026-05-20,VV-VITA-303,3,49.32,59.69
2026-05-20,VV-VITA-31,4,83.24,87.6
2026-05-20,VV-VITA-313,1,17.7,17.7
2026-05-20,VV-VITA-317,1,19.08,19.08
2026-05-20,VV-VITA-320,4,88.25,153.58
2026-05-20,VV-VITA-329,2,37.38,38.98
2026-05-20,VV-VITA-338,7,120.84,153.24
2026-05-20,VV-VITA-341,1,13.06,13.06
2026-05-20,VV-VITA-342,5,94.44,103.68
2026-05-20,VV-VITA-344,0,-4,38.55
2026-05-20,VV-VITA-358,-1,-17.46,0
2026-05-20,VV-VITA-361,6,93.24,104.63
2026-05-20,VV-VITA-364,3,48.23,55.54
2026-05-20,VV-VITA-369,16,39.98,39.98
2026-05-20,VV-VITA-371,1,13.79,15.9
2026-05-20,VV-VITA-375,3,51.24,52.27
2026-05-20,VV-VITA-379,3,45.66,53.7
2026-05-20,VV-VITA-386,-1,-22.73,0
2026-05-20,VV-VITA-387,13,0,0
2026-05-20,VV-VITA-389,4,80.67,90.86
2026-05-20,VV-VITA-39,5,97.79,111.51
2026-05-20,VV-VITA-391,-3,-61,21.72
2026-05-20,VV-VITA-395,1,15.38,15.38
2026-05-20,VV-VITA-398,2,25.02,27.8
2026-05-20,VV-VITA-403,1,19.9,19.9
2026-05-20,VV-VITA-407,15,23.17,23.17
2026-05-20,VV-VITA-408,1,23.63,23.63
2026-05-20,VV-VITA-411,1,21.81,21.81
2026-05-20,VV-VITA-417,1,5.54,84.36
2026-05-20,VV-VITA-49,3,52.71,79.88
2026-05-20,VV-VITA-90,5,15.45,86.67
2026-05-20,VV-VITA-93,27,388.91,390.6
2026-05-21,,52,624.72,697.16
2026-05-21,BJ-E223-8EKW,5,110.73,127.22
2026-05-21,CW-KVIN-V39Y,1,29.99,29.99
2026-05-21,NX-CVPF-VCEZ,1,17.77,17.77
2026-05-21,VV-VITA-101,5,86.33,99.64
2026-05-21,VV-VITA-116,2,28.11,30.66
2026-05-21,VV-VITA-124,7,115.84,140.76
2026-05-21,VV-VITA-142,4,85.95,96.53
2026-05-21,VV-VITA-153,4,64.32,67.7
2026-05-21,VV-VITA-157,1,13.9,13.9
2026-05-21,VV-VITA-159,2,40.91,45.43
2026-05-21,VV-VITA-166,1,16.15,16.15
2026-05-21,VV-VITA-171,1,23.72,23.72
2026-05-21,VV-VITA-198,3,54.52,54.52
2026-05-21,VV-VITA-202,2,23.04,23.04
2026-05-21,VV-VITA-216,1,19.9,19.9
2026-05-21,VV-VITA-222,4,84.86,95.6
2026-05-21,VV-VITA-223,10,167.22,187.84
2026-05-21,VV-VITA-224,4,57.87,67.68
2026-05-21,VV-VITA-225,2,37.62,41.8
2026-05-21,VV-VITA-228,9,173.51,208.85
2026-05-21,VV-VITA-231,9,178.96,207.68
2026-05-21,VV-VITA-237,2,30.98,33.84
2026-05-21,VV-VITA-248,5,96.98,119.45
2026-05-21,VV-VITA-249,1,21.73,21.73
2026-05-21,VV-VITA-252,3,53.23,62.61
2026-05-21,VV-VITA-256,6,116.82,137.4
2026-05-21,VV-VITA-257,1,22.87,22.87
2026-05-21,VV-VITA-259,1,22.02,22.02
2026-05-21,VV-VITA-264,2,40.78,45.31
2026-05-21,VV-VITA-276,1,24.9,24.9
2026-05-21,VV-VITA-277,4,43.88,43.88
2026-05-21,VV-VITA-287,5,99.68,99.68
2026-05-21,VV-VITA-298,7,134.72,160.3
2026-05-21,VV-VITA-301,3,44.65,52.53
2026-05-21,VV-VITA-307,3,35.82,37.05
2026-05-21,VV-VITA-31,2,41.62,43.8
2026-05-21,VV-VITA-311,5,92.82,96.02
2026-05-21,VV-VITA-313,5,75.68,83.06
2026-05-21,VV-VITA-320,2,38.16,38.16
2026-05-21,VV-VITA-329,7,124.22,137.06
2026-05-21,VV-VITA-341,1,13.06,13.06
2026-05-21,VV-VITA-342,1,21.9,21.9
2026-05-21,VV-VITA-344,5,95.96,105.8
2026-05-21,VV-VITA-354,1,20.08,20.08
2026-05-21,VV-VITA-362,1,19.9,19.9
2026-05-21,VV-VITA-364,15,238.48,276.18
2026-05-21,VV-VITA-369,7,0,0
2026-05-21,VV-VITA-374,3,48.3,56.8
2026-05-21,VV-VITA-377,4,49.13,56.23
2026-05-21,VV-VITA-379,1,19.08,19.08
2026-05-21,VV-VITA-381,11,132.23,139.37
2026-05-21,VV-VITA-387,7,0,0
2026-05-21,VV-VITA-395,5,80.23,82.22
2026-05-21,VV-VITA-399,3,68.15,68.15
2026-05-21,VV-VITA-402,3,60.27,70.87
2026-05-21,VV-VITA-405,3,40.56,40.56
2026-05-21,VV-VITA-407,6,0,0
2026-05-21,VV-VITA-417,9,168.2,187.68
2026-05-21,VV-VITA-88,1,20.32,20.32
2026-05-21,VV-VITA-90,8,13.9,138.31
2026-05-21,VV-VITA-93,4,57.48,57.48
2026-05-21,VV-VITA-94,3,62.52,77.7
2026-05-22,,32,421.64,495.72
2026-05-22,CW-KVIN-V39Y,1,27.39,27.39
2026-05-22,VI-ZU99-SZ0B,1,13.69,15.22
2026-05-22,VV-VITA-101,6,100.87,128.63
2026-05-22,VV-VITA-105,1,16.44,16.44
2026-05-22,VV-VITA-111,2,39.82,39.82
2026-05-22,VV-VITA-116,1,16.44,16.44
2026-05-22,VV-VITA-119,1,18.9,18.9
2026-05-22,VV-VITA-124,1,17.89,20.01
2026-05-22,VV-VITA-136,4,80.15,82.41
2026-05-22,VV-VITA-153,2,32.15,33.85
2026-05-22,VV-VITA-157,10,90.4,139
2026-05-22,VV-VITA-159,1,23.8,25.9
2026-05-22,VV-VITA-166,4,61.29,68.54
2026-05-22,VV-VITA-170,2,34.36,34.36
2026-05-22,VV-VITA-171,2,45.08,47.44
2026-05-22,VV-VITA-174,1,22.72,22.72
2026-05-22,VV-VITA-183,10,168.4,259
2026-05-22,VV-VITA-188,5,58.2,89.5
2026-05-22,VV-VITA-189,3,50.28,55.86
2026-05-22,VV-VITA-190,1,20.86,20.86
2026-05-22,VV-VITA-202,5,68.1,68.1
2026-05-22,VV-VITA-203,3,43.45,50.76
2026-05-22,VV-VITA-207,3,59.71,59.71
2026-05-22,VV-VITA-208,1,22.64,22.64
2026-05-22,VV-VITA-215,10,122.9,189
2026-05-22,VV-VITA-216,10,129.4,199
2026-05-22,VV-VITA-222,12,198.42,286.8
2026-05-22,VV-VITA-223,10,173.51,185.29
2026-05-22,VV-VITA-224,4,62.1,68.52
2026-05-22,VV-VITA-225,1,18.17,22.71
2026-05-22,VV-VITA-228,2,43.62,43.62
2026-05-22,VV-VITA-231,14,280.44,323.05
2026-05-22,VV-VITA-237,3,35.1,41.27
2026-05-22,VV-VITA-247,4,57.56,67.68
2026-05-22,VV-VITA-250,2,28.13,32.86
2026-05-22,VV-VITA-256,1,23.63,23.63
2026-05-22,VV-VITA-257,8,159.74,187.92
2026-05-22,VV-VITA-258,2,27.01,27.01
2026-05-22,VV-VITA-264,4,82.32,92.49
2026-05-22,VV-VITA-276,10,216.64,247.73
2026-05-22,VV-VITA-284,1,22.72,22.72
2026-05-22,VV-VITA-287,2,36.39,37.99
2026-05-22,VV-VITA-298,1,20.82,20.82
2026-05-22,VV-VITA-301,7,96.27,116.19
2026-05-22,VV-VITA-307,3,35.39,35.39
2026-05-22,VV-VITA-310,1,21.81,21.81
2026-05-22,VV-VITA-311,15,217.85,295.23
2026-05-22,VV-VITA-313,2,25.6,34.68
2026-05-22,VV-VITA-317,2,35.82,39.8
2026-05-22,VV-VITA-320,14,248.26,350.92
2026-05-22,VV-VITA-326,1,21.17,21.17
2026-05-22,VV-VITA-329,1,19.08,19.08
2026-05-22,VV-VITA-342,2,34.52,36.33
2026-05-22,VV-VITA-344,9,163.22,192.36
2026-05-22,VV-VITA-345,2,36.82,38.93
2026-05-22,VV-VITA-354,1,18.62,18.62
2026-05-22,VV-VITA-358,1,22.72,22.72
2026-05-22,VV-VITA-364,3,42.97,50.53
2026-05-22,VV-VITA-367,13,192.39,245.18
2026-05-22,VV-VITA-368,1,15.32,17.9
2026-05-22,VV-VITA-369,1,0,0
2026-05-22,VV-VITA-371,1,18.17,18.17
2026-05-22,VV-VITA-377,1,15.45,15.45
2026-05-22,VV-VITA-379,6,84.18,103.23
2026-05-22,VV-VITA-381,7,73.77,88.69
2026-05-22,VV-VITA-382,1,14.77,16.07
2026-05-22,VV-VITA-387,1,0,0
2026-05-22,VV-VITA-389,2,48.35,48.35
2026-05-22,VV-VITA-395,1,10.84,15.38
2026-05-22,VV-VITA-402,2,42.6,49.8
2026-05-22,VV-VITA-405,1,11.09,13.52
2026-05-22,VV-VITA-407,2,23.17,23.17
2026-05-22,VV-VITA-411,1,20.9,20.9
2026-05-22,VV-VITA-417,9,166.48,187.67
2026-05-22,VV-VITA-49,8,134.46,153.37
2026-05-22,VV-VITA-57-V2,1,20.3,22.71
2026-05-22,VV-VITA-63,1,20.82,20.82
2026-05-22,VV-VITA-90,4,35.54,70.3
2026-05-22,VV-VITA-93,1,11.8,14.37
2026-05-23,,29,358.32,400.97
2026-05-23,BJ-E223-8EKW,5,105.85,124.5
2026-05-23,CW-KVIN-V39Y,2,36.8,41.8
2026-05-23,NX-CVPF-VCEZ,4,72.31,74.15
2026-05-23,VV-VITA-105,1,16.99,16.99
2026-05-23,VV-VITA-111,1,18.76,20.89
2026-05-23,VV-VITA-119,4,68.41,73.41
2026-05-23,VV-VITA-124,4,68.07,80.06
2026-05-23,VV-VITA-142,6,130.95,151.08
2026-05-23,VV-VITA-151,1,21.22,23.62
2026-05-23,VV-VITA-159,4,86.92,100.41
2026-05-23,VV-VITA-189,3,47.49,55.86
2026-05-23,VV-VITA-198,2,36.34,36.34
2026-05-23,VV-VITA-215,2,37.8,37.8
2026-05-23,VV-VITA-216,1,19.9,19.9
2026-05-23,VV-VITA-223,18,305.15,353.16
2026-05-23,VV-VITA-224,9,140.51,156.03
2026-05-23,VV-VITA-228,1,20.18,20.18
2026-05-23,VV-VITA-231,13,260.04,298.45
2026-05-23,VV-VITA-237,6,90.55,101.52
2026-05-23,VV-VITA-252,4,74.31,80.3
2026-05-23,VV-VITA-256,2,40.8,45.8
2026-05-23,VV-VITA-259,1,21.63,21.63
2026-05-23,VV-VITA-264,1,25.9,25.9
2026-05-23,VV-VITA-276,1,21.08,26.35
2026-05-23,VV-VITA-287,1,14.9,19.9
2026-05-23,VV-VITA-295,1,19.92,19.92
2026-05-23,VV-VITA-301,1,16.04,16.04
2026-05-23,VV-VITA-311,4,72.04,72.04
2026-05-23,VV-VITA-320,4,75.77,84.67
2026-05-23,VV-VITA-329,1,16.87,18.99
2026-05-23,VV-VITA-338,3,50.76,59.7
2026-05-23,VV-VITA-351,2,28.84,33.84
2026-05-23,VV-VITA-354,9,153.6,180.72
2026-05-23,VV-VITA-358,1,15.81,19.76
2026-05-23,VV-VITA-361,1,16.35,18.16
2026-05-23,VV-VITA-364,9,147.58,167.85
2026-05-23,VV-VITA-367,6,103.1,115.57
2026-05-23,VV-VITA-369,3,0,0
2026-05-23,VV-VITA-371,1,18.17,18.17
2026-05-23,VV-VITA-376,1,8.52,13.06
2026-05-23,VV-VITA-378,1,15.45,15.45
2026-05-23,VV-VITA-379,2,38.16,38.16
2026-05-23,VV-VITA-387,3,0,0
2026-05-23,VV-VITA-391,3,46.51,59.25
2026-05-23,VV-VITA-395,2,34.64,34.64
2026-05-23,VV-VITA-398,1,16.74,18.17
2026-05-23,VV-VITA-403,4,82.26,84.24
2026-05-23,VV-VITA-407,2,0,0
2026-05-23,VV-VITA-410,2,49.07,49.07
2026-05-23,VV-VITA-411,1,21.71,21.71
2026-05-23,VV-VITA-417,3,53.86,62.56
2026-05-23,VV-VITA-46,1,18.45,18.45
2026-05-23,VV-VITA-49,5,82.68,95.59
2026-05-23,VV-VITA-63,3,57.24,57.24
2026-05-23,VV-VITA-90,6,0,106.69
2026-05-23,VV-VITA-94,3,76.91,82.57
2026-05-24,,22,296.25,318.01
2026-05-24,BJ-E223-8EKW,2,40.66,50.39
2026-05-24,CW-KVIN-V39Y,3,76.5,89.97
2026-05-24,TU-QNYD-JRRX,2,34.53,34.53
2026-05-24,VV-VITA-101,2,35.51,37.07
2026-05-24,VV-VITA-109,1,19.49,19.49
2026-05-24,VV-VITA-111,1,19.91,19.91
2026-05-24,VV-VITA-124,1,18.02,20.02
2026-05-24,VV-VITA-151,3,69.46,74.51
2026-05-24,VV-VITA-153,3,47.4,50.78
2026-05-24,VV-VITA-159,1,28.34,28.34
2026-05-24,VV-VITA-165,1,23.72,29.65
2026-05-24,VV-VITA-168,3,64.39,75.75
2026-05-24,VV-VITA-198,2,30.71,36.34
2026-05-24,VV-VITA-199,1,14.15,15.45
2026-05-24,VV-VITA-202,1,10.9,15.44
2026-05-24,VV-VITA-208,4,73.63,79.6
2026-05-24,VV-VITA-216,1,16.35,20.89
2026-05-24,VV-VITA-223,8,140.59,147.6
2026-05-24,VV-VITA-224,11,164.39,189.94
2026-05-24,VV-VITA-228,3,54.37,59.97
2026-05-24,VV-VITA-231,5,110.88,115.49
2026-05-24,VV-VITA-247,1,16.93,16.93
2026-05-24,VV-VITA-248,1,20.82,20.82
2026-05-24,VV-VITA-250,1,13.18,16.47
2026-05-24,VV-VITA-252,3,51.22,60.24
2026-05-24,VV-VITA-256,1,23.63,23.63
2026-05-24,VV-VITA-257,1,22.87,22.87
2026-05-24,VV-VITA-276,2,48.49,49.89
2026-05-24,VV-VITA-277,1,11.52,11.52
2026-05-24,VV-VITA-303,2,37.65,37.65
2026-05-24,VV-VITA-311,2,31.8,36.34
2026-05-24,VV-VITA-313,2,32.05,33.05
2026-05-24,VV-VITA-319,2,41.72,41.72
2026-05-24,VV-VITA-320,5,100.53,109.2
2026-05-24,VV-VITA-329,1,17.17,19.07
2026-05-24,VV-VITA-344,1,20.08,20.08
2026-05-24,VV-VITA-345,2,30.98,35.52
2026-05-24,VV-VITA-354,2,35.55,35.55
2026-05-24,VV-VITA-361,5,85.01,91.23
2026-05-24,VV-VITA-362,1,19.99,19.99
2026-05-24,VV-VITA-364,12,212.95,231.88
2026-05-24,VV-VITA-367,1,20.07,21.72
2026-05-24,VV-VITA-369,1,0,0
2026-05-24,VV-VITA-376,2,23.59,26.12
2026-05-24,VV-VITA-377,1,11.51,11.51
2026-05-24,VV-VITA-379,4,66.21,76.32
2026-05-24,VV-VITA-386,1,18.45,23.06
2026-05-24,VV-VITA-389,2,45.42,47.8
2026-05-24,VV-VITA-398,1,16.36,18.16
2026-05-24,VV-VITA-417,5,93.1,105.68
2026-05-24,VV-VITA-49,2,35.8,39.75
2026-05-24,VV-VITA-63,1,19.08,19.08
2026-05-24,VV-VITA-90,5,12.38,86.51
2026-05-24,VV-VITA-93,2,27.53,28.95
2026-05-24,VV-VITA-94,3,67.23,79.06
2026-05-25,,47,705.72,768.68
2026-05-25,TU-QNYD-JRRX,1,15.12,15.12
2026-05-25,VV-VITA-02,1,13.18,17.92
2026-05-25,VV-VITA-101,2,36.66,38.86
2026-05-25,VV-VITA-116,2,29.06,29.06
2026-05-25,VV-VITA-124,1,20.02,20.02
2026-05-25,VV-VITA-151,3,65.56,69.9
2026-05-25,VV-VITA-153,1,17.7,17.7
2026-05-25,VV-VITA-157,4,59.34,68.61
2026-05-25,VV-VITA-159,4,80.67,90.86
2026-05-25,VV-VITA-171,2,41.6,46.21
2026-05-25,VV-VITA-172,2,38.62,38.62
2026-05-25,VV-VITA-197,3,50.78,59.72
2026-05-25,VV-VITA-198,3,59.7,59.7
2026-05-25,VV-VITA-208,4,67.68,79.6
2026-05-25,VV-VITA-216,1,24.55,24.55
2026-05-25,VV-VITA-222,2,44.16,46.54
2026-05-25,VV-VITA-223,24,416.9,466.95
2026-05-25,VV-VITA-224,3,42.92,47.68
2026-05-25,VV-VITA-225,2,42.36,44.45
2026-05-25,VV-VITA-228,4,81.45,85.25
2026-05-25,VV-VITA-231,5,97.83,116.32
2026-05-25,VV-VITA-237,2,32.16,33.84
2026-05-25,VV-VITA-252,2,36.16,40.15
2026-05-25,VV-VITA-256,3,57.78,67.95
2026-05-25,VV-VITA-259,2,38.95,43.25
2026-05-25,VV-VITA-276,3,67.22,74.7
2026-05-25,VV-VITA-298,1,23.63,23.63
2026-05-25,VV-VITA-301,1,14.61,14.61
2026-05-25,VV-VITA-307,1,12.35,12.35
2026-05-25,VV-VITA-311,6,102.6,110.78
2026-05-25,VV-VITA-313,1,16.07,16.07
2026-05-25,VV-VITA-320,2,43.31,43.31
2026-05-25,VV-VITA-329,1,16.87,19.07
2026-05-25,VV-VITA-344,3,56.59,60.81
2026-05-25,VV-VITA-354,2,34.67,38.51
2026-05-25,VV-VITA-361,2,32.94,39.06
2026-05-25,VV-VITA-362,1,19.99,19.99
2026-05-25,VV-VITA-364,6,104.87,114.64
2026-05-25,VV-VITA-367,5,93.45,97.4
2026-05-25,VV-VITA-374,1,17.18,17.18
2026-05-25,VV-VITA-377,1,7.67,12.67
2026-05-25,VV-VITA-378,1,13.55,13.55
2026-05-25,VV-VITA-385,1,19,19
2026-05-25,VV-VITA-386,1,24.45,24.45
2026-05-25,VV-VITA-39,1,16.15,18.16
2026-05-25,VV-VITA-391,1,21.73,21.73
2026-05-25,VV-VITA-394,2,38.29,47.24
2026-05-25,VV-VITA-395,1,14.46,16.07
2026-05-25,VV-VITA-402,1,23.55,23.55
2026-05-25,VV-VITA-403,2,39.8,39.8
2026-05-25,VV-VITA-405,1,12.29,12.29
2026-05-25,VV-VITA-411,2,41.62,41.62
2026-05-25,VV-VITA-417,9,171.29,187.99
2026-05-25,VV-VITA-49,2,32.86,38.08
2026-05-25,VV-VITA-57-V,1,33.65,35.44
2026-05-25,VV-VITA-57-V2,1,20.19,22.71
2026-05-25,VV-VITA-63,3,52.57,68.7
2026-05-25,VV-VITA-90,13,45.33,231.37
2026-05-25,VV-VITA-94,1,26.35,26.35
2026-05-26,,42,512.52,572.59
2026-05-26,CW-KVIN-V39Y,4,54.36,83.6
2026-05-26,NX-CVPF-VCEZ,7,108.83,121.08
2026-05-26,TU-QNYD-JRRX,3,59.16,59.16
2026-05-26,VV-VITA-02,1,18.17,18.17
2026-05-26,VV-VITA-101,3,63.86,66.06
2026-05-26,VV-VITA-102,2,32.37,32.37
2026-05-26,VV-VITA-116,1,14.27,15.44
2026-05-26,VV-VITA-121,1,16.92,16.92
2026-05-26,VV-VITA-124,3,58.49,60.05
2026-05-26,VV-VITA-136,2,43.17,45.43
2026-05-26,VV-VITA-153,5,70.68,86.15
2026-05-26,VV-VITA-159,4,77.46,95.58
2026-05-26,VV-VITA-168,4,92.06,92.06
2026-05-26,VV-VITA-170,2,24.58,37.8
2026-05-26,VV-VITA-171,4,86.33,92.68
2026-05-26,VV-VITA-188,1,11.64,17.9
2026-05-26,VV-VITA-199,6,81.73,81.73
2026-05-26,VV-VITA-202,2,27.04,27.04
2026-05-26,VV-VITA-204,-2,-34.02,0
2026-05-26,VV-VITA-206,3,53.7,53.7
2026-05-26,VV-VITA-207,5,94.5,99.5
2026-05-26,VV-VITA-215,1,12.29,18.9
2026-05-26,VV-VITA-222,1,20.87,23.62
2026-05-26,VV-VITA-223,17,287.41,325
2026-05-26,VV-VITA-224,2,31.41,31.41
2026-05-26,VV-VITA-228,1,19.63,21.81
2026-05-26,VV-VITA-231,20,388.62,453.08
2026-05-26,VV-VITA-237,4,58.69,66.61
2026-05-26,VV-VITA-243,31,474.25,570.26
2026-05-26,VV-VITA-247,1,17.7,17.7
2026-05-26,VV-VITA-248,2,44.19,49.1
2026-05-26,VV-VITA-249,1,23.9,23.9
2026-05-26,VV-VITA-250,1,16.42,16.42
2026-05-26,VV-VITA-252,2,29.77,38.94
2026-05-26,VV-VITA-257,6,125.82,137.22
2026-05-26,VV-VITA-258,2,32.14,32.14
2026-05-26,VV-VITA-262,4,70.6,70.6
2026-05-26,VV-VITA-264,1,20.9,25.9
2026-05-26,VV-VITA-276,4,75.44,97.04
2026-05-26,VV-VITA-277,2,21.74,21.74
2026-05-26,VV-VITA-287,6,88.37,119.58
2026-05-26,VV-VITA-295,1,20.9,20.9
2026-05-26,VV-VITA-298,7,114.93,156.13
2026-05-26,VV-VITA-304,8,99.19,119.58
2026-05-26,VV-VITA-311,1,18.18,18.18
2026-05-26,VV-VITA-313,9,135.67,150
2026-05-26,VV-VITA-318,3,36.87,56.7
2026-05-26,VV-VITA-320,5,123.91,129.29
2026-05-26,VV-VITA-329,-1,-23.27,38.98
2026-05-26,VV-VITA-338,1,24.55,24.55
2026-05-26,VV-VITA-342,2,38.11,40.07
2026-05-26,VV-VITA-344,3,53.7,60.23
2026-05-26,VV-VITA-345,3,51.6,56.14
2026-05-26,VV-VITA-349,4,70.04,70.04
2026-05-26,VV-VITA-354,7,100.11,125.25
2026-05-26,VV-VITA-358,1,16.15,17.18
2026-05-26,VV-VITA-359,2,39.38,39.38
2026-05-26,VV-VITA-362,1,19.9,19.9
2026-05-26,VV-VITA-363,3,32.97,50.7
2026-05-26,VV-VITA-364,26,397.35,486.33
2026-05-26,VV-VITA-365,2,26.9,28.89
2026-05-26,VV-VITA-367,11,145.76,197.64
2026-05-26,VV-VITA-369,10,39.98,39.98
2026-05-26,VV-VITA-371,1,18.17,18.17
2026-05-26,VV-VITA-375,1,13.05,13.05
2026-05-26,VV-VITA-376,1,12.29,12.29
2026-05-26,VV-VITA-377,3,36.12,38.01
2026-05-26,VV-VITA-379,1,17.9,17.9
2026-05-26,VV-VITA-380,6,54.24,83.4
2026-05-26,VV-VITA-382,4,61.16,64.36
2026-05-26,VV-VITA-383,-1,-16.11,0
2026-05-26,VV-VITA-386,1,17.8,17.8
2026-05-26,VV-VITA-387,13,25.99,31.99
2026-05-26,VV-VITA-389,2,40.89,45.43
2026-05-26,VV-VITA-391,3,54.7,59.7
2026-05-26,VV-VITA-398,5,67,71.17
2026-05-26,VV-VITA-402,1,20.24,20.24
2026-05-26,VV-VITA-403,-2,-30.86,19.9
2026-05-26,VV-VITA-405,2,24.51,24.51
2026-05-26,VV-VITA-407,11,60.86,71.16
2026-05-26,VV-VITA-410,2,44.27,47.08
2026-05-26,VV-VITA-49,1,16.3,38.88
2026-05-26,VV-VITA-57-V2,1,22.72,22.72
2026-05-26,VV-VITA-63,5,95.08,104.43
2026-05-26,VV-VITA-88,5,82.14,102.9
2026-05-26,VV-VITA-90,7,46.87,118.18
2026-05-26,VV-VITA-93,1,14.37,14.37
2026-05-26,VV-VITA-94,8,155.44,207.2
2026-05-27,,26,365.31,401.26
2026-05-27,CW-KVIN-V39Y,2,54,59.98
2026-05-27,TU-QNYD-JRRX,1,18.9,18.9
2026-05-27,VV-VITA-02,3,48.82,48.82
2026-05-27,VV-VITA-101,2,31.81,37.77
2026-05-27,VV-VITA-105,1,16.99,16.99
2026-05-27,VV-VITA-107,1,16.02,16.02
2026-05-27,VV-VITA-109,10,129.08,188.57
2026-05-27,VV-VITA-121,3,48.46,56.99
2026-05-27,VV-VITA-124,3,46.61,60.96
2026-05-27,VV-VITA-136,2,45.44,45.44
2026-05-27,VV-VITA-151,4,68.71,95.32
2026-05-27,VV-VITA-157,3,27.12,41.7
2026-05-27,VV-VITA-159,1,22.72,22.72
2026-05-27,VV-VITA-171,5,100.83,115.85
2026-05-27,VV-VITA-189,2,33.52,37.24
2026-05-27,VV-VITA-197,66,1068.54,1643.4
2026-05-27,VV-VITA-199,1,16.92,16.92
2026-05-27,VV-VITA-206,3,34.92,53.7
2026-05-27,VV-VITA-207,1,19.9,19.9
2026-05-27,VV-VITA-208,2,37.53,39.8
2026-05-27,VV-VITA-215,3,43.66,56.88
2026-05-27,VV-VITA-216,1,19.9,19.9
2026-05-27,VV-VITA-222,2,45.29,50.32
2026-05-27,VV-VITA-223,14,231.92,274.72
2026-05-27,VV-VITA-224,12,185.44,213.87
2026-05-27,VV-VITA-225,2,39.72,41.8
2026-05-27,VV-VITA-228,1,22.9,22.9
2026-05-27,VV-VITA-231,15,300.74,346.63
2026-05-27,VV-VITA-237,4,62.01,66.91
2026-05-27,VV-VITA-243,10,158.05,180.44
2026-05-27,VV-VITA-247,5,64.68,84.6
2026-05-27,VV-VITA-249,1,19.08,23.62
2026-05-27,VV-VITA-250,6,69.81,91.32
2026-05-27,VV-VITA-256,4,84.48,91.35
2026-05-27,VV-VITA-257,5,107.07,114.35
2026-05-27,VV-VITA-262,8,123.41,135.36
2026-05-27,VV-VITA-276,10,166.93,250.43
2026-05-27,VV-VITA-277,1,13.9,13.9
2026-05-27,VV-VITA-287,1,18.43,19.99
2026-05-27,VV-VITA-298,10,148.9,229
2026-05-27,VV-VITA-301,1,15.23,16.92
2026-05-27,VV-VITA-303,1,19.49,19.49
2026-05-27,VV-VITA-304,3,34.32,38.86
2026-05-27,VV-VITA-311,4,69.76,75.27
2026-05-27,VV-VITA-313,2,33.69,33.69
2026-05-27,VV-VITA-316,5,74.64,99.5
2026-05-27,VV-VITA-317,1,19.08,19.08
2026-05-27,VV-VITA-318,6,73.74,113.4
2026-05-27,VV-VITA-320,6,105.91,137.93
2026-05-27,VV-VITA-329,6,108,116.94
2026-05-27,VV-VITA-342,1,21.04,23.54
2026-05-27,VV-VITA-344,6,110.19,145.66
2026-05-27,VV-VITA-354,3,42.7,55.86
2026-05-27,VV-VITA-361,5,79.99,90.86
2026-05-27,VV-VITA-364,13,214.35,238.53
2026-05-27,VV-VITA-367,6,80.07,107.93
2026-05-27,VV-VITA-376,2,25.97,28.85
2026-05-27,VV-VITA-377,3,36.4,37.66
2026-05-27,VV-VITA-379,1,19.08,19.08
2026-05-27,VV-VITA-383,1,18.17,18.17
2026-05-27,VV-VITA-387,1,0,0
2026-05-27,VV-VITA-389,2,48.56,51.29
2026-05-27,VV-VITA-391,2,46.45,49.06
2026-05-27,VV-VITA-393,2,39.35,43.72
2026-05-27,VV-VITA-398,1,12.51,13.9
2026-05-27,VV-VITA-403,1,14.9,19.9
2026-05-27,VV-VITA-405,1,13.52,13.52
2026-05-27,VV-VITA-408,3,66.89,78.69
2026-05-27,VV-VITA-417,2,37.55,41.71
2026-05-27,VV-VITA-49,2,36.95,38.98
2026-05-27,VV-VITA-63,3,44.67,68.7
2026-05-27,VV-VITA-88,6,93.21,121.92
2026-05-27,VV-VITA-90,5,53.28,89.67
2026-05-27,VV-VITA-93,1,14.37,14.37
2026-05-27,VV-VITA-94,11,239.94,306.59
2026-05-28,,67,576.3,678.27
2026-05-28,BJ-E223-8EKW,1,25.45,25.45
2026-05-28,CW-KVIN-V39Y,1,20.9,20.9
2026-05-28,VV-VITA-02,3,54.27,54.27
2026-05-28,VV-VITA-101,3,63.29,63.29
2026-05-28,VV-VITA-104,1,18.09,18.09
2026-05-28,VV-VITA-119,1,18.9,18.9
2026-05-28,VV-VITA-121,3,51.23,60.5
2026-05-28,VV-VITA-124,3,58.56,60.82
2026-05-28,VV-VITA-129,2,37.81,37.81
2026-05-28,VV-VITA-153,3,50.77,50.77
2026-05-28,VV-VITA-159,5,104.57,119.94
2026-05-28,VV-VITA-168,2,43.33,43.33
2026-05-28,VV-VITA-172,2,38.62,38.62
2026-05-28,VV-VITA-174,1,20.82,20.82
2026-05-28,VV-VITA-183,1,20.9,25.9
2026-05-28,VV-VITA-188,3,43.66,43.66
2026-05-28,VV-VITA-189,2,37.24,37.24
2026-05-28,VV-VITA-207,1,18.09,18.09
2026-05-28,VV-VITA-208,3,46.15,54.27
2026-05-28,VV-VITA-222,1,23.9,23.9
2026-05-28,VV-VITA-223,14,221.59,256.82
2026-05-28,VV-VITA-224,2,33.14,34.68
2026-05-28,VV-VITA-225,2,44.54,44.54
2026-05-28,VV-VITA-231,6,134.62,139.26
2026-05-28,VV-VITA-237,4,57.56,67.68
2026-05-28,VV-VITA-243,3,52.32,57.32
2026-05-28,VV-VITA-247,2,31.55,33.84
2026-05-28,VV-VITA-249,2,42.8,47.8
2026-05-28,VV-VITA-262,4,67.03,69.31
2026-05-28,VV-VITA-264,1,25.9,25.9
2026-05-28,VV-VITA-276,4,74.81,94.5
2026-05-28,VV-VITA-277,1,12.7,13.9
2026-05-28,VV-VITA-284,1,22.72,22.72
2026-05-28,VV-VITA-287,2,39.8,39.8
2026-05-28,VV-VITA-298,1,24,24
2026-05-28,VV-VITA-301,6,89.64,97.56
2026-05-28,VV-VITA-311,2,38.08,38.08
2026-05-28,VV-VITA-313,1,16.99,16.99
2026-05-28,VV-VITA-316,1,19.9,19.9
2026-05-28,VV-VITA-317,3,57.25,57.25
2026-05-28,VV-VITA-318,4,61.08,67.86
2026-05-28,VV-VITA-320,2,39.11,43.45
2026-05-28,VV-VITA-326,7,115.35,135.02
2026-05-28,VV-VITA-329,0,2.63,19.07
2026-05-28,VV-VITA-338,4,72.73,76.71
2026-05-28,VV-VITA-342,1,21.9,21.9
2026-05-28,VV-VITA-344,2,41.25,41.25
2026-05-28,VV-VITA-345,6,93.26,106.57
2026-05-28,VV-VITA-354,4,64.18,69.21
2026-05-28,VV-VITA-359,3,59.97,59.97
2026-05-28,VV-VITA-361,2,32.73,36.34
2026-05-28,VV-VITA-364,8,134.3,146.4
2026-05-28,VV-VITA-367,1,17.9,17.9
2026-05-28,VV-VITA-369,22,0,0
2026-05-28,VV-VITA-371,1,18.17,18.17
2026-05-28,VV-VITA-373,1,14.9,14.9
2026-05-28,VV-VITA-379,2,30.93,34.36
2026-05-28,VV-VITA-381,1,9.79,12.67
2026-05-28,VV-VITA-382,1,16.07,16.07
2026-05-28,VV-VITA-386,1,24.45,24.45
2026-05-28,VV-VITA-387,23,0,0
2026-05-28,VV-VITA-395,2,32.14,32.14
2026-05-28,VV-VITA-403,2,35.7,40.7
2026-05-28,VV-VITA-407,22,0,0
2026-05-28,VV-VITA-417,6,120.35,126.37
2026-05-28,VV-VITA-49,1,18,19.99
2026-05-28,VV-VITA-57-V,1,35.45,35.45
2026-05-28,VV-VITA-57-V2,1,23.9,23.9
2026-05-28,VV-VITA-90,5,84.99,84.99
2026-05-28,VV-VITA-93,2,31.36,31.36
2026-05-28,VV-VITA-94,2,41.96,46.96
2026-05-29,,62,588.21,683.9
2026-05-29,BJ-E223-8EKW,2,47.31,49.8
2026-05-29,CP-DQMG-RVN9,1,21.9,21.9
2026-05-29,CW-KVIN-V39Y,2,33.62,37.62
2026-05-29,NX-CVPF-VCEZ,3,44.47,46.95
2026-05-29,VI-ZU99-SZ0B,2,29.65,29.65
2026-05-29,VV-VITA-101,1,22.02,22.02
2026-05-29,VV-VITA-105,1,15.46,16.98
2026-05-29,VV-VITA-116,1,15.22,15.22
2026-05-29,VV-VITA-119,1,19.91,19.91
2026-05-29,VV-VITA-124,4,54.46,80.05
2026-05-29,VV-VITA-136,1,22.72,22.72
2026-05-29,VV-VITA-142,3,45.82,70.87
2026-05-29,VV-VITA-151,1,21.52,23.9
2026-05-29,VV-VITA-153,4,57.56,67.68
2026-05-29,VV-VITA-158,1,28.71,31.9
2026-05-29,VV-VITA-172,1,18.19,19.3
2026-05-29,VV-VITA-198,1,14.9,19.9
2026-05-29,VV-VITA-199,1,14.31,15.44
2026-05-29,VV-VITA-206,1,17.9,17.9
2026-05-29,VV-VITA-208,4,52.55,90.85
2026-05-29,VV-VITA-222,3,68.81,71.15
2026-05-29,VV-VITA-223,15,259.05,281.77
2026-05-29,VV-VITA-224,2,32.88,34.57
2026-05-29,VV-VITA-228,5,105.09,107.16
2026-05-29,VV-VITA-231,18,369.02,422.65
2026-05-29,VV-VITA-237,4,57.56,67.68
2026-05-29,VV-VITA-243,1,16.76,18.62
2026-05-29,VV-VITA-249,1,21.51,23.9
2026-05-29,VV-VITA-250,4,66.3,66.3
2026-05-29,VV-VITA-252,4,73.98,80.31
2026-05-29,VV-VITA-259,5,92.29,103.68
2026-05-29,VV-VITA-262,6,88.29,104.67
2026-05-29,VV-VITA-276,8,168.98,195.47
2026-05-29,VV-VITA-287,2,38.51,39.98
2026-05-29,VV-VITA-298,1,21.48,22.9
2026-05-29,VV-VITA-303,1,18.17,18.17
2026-05-29,VV-VITA-304,2,18.9,27.8
2026-05-29,VV-VITA-307,1,12.35,12.35
2026-05-29,VV-VITA-310,4,90.34,95.07
2026-05-29,VV-VITA-313,2,31.29,32.94
2026-05-29,VV-VITA-317,1,19.08,19.08
2026-05-29,VV-VITA-320,5,91,95.38
2026-05-29,VV-VITA-329,1,20.76,20.76
2026-05-29,VV-VITA-344,1,18.47,18.47
2026-05-29,VV-VITA-359,3,59.97,59.97
2026-05-29,VV-VITA-361,1,18.63,18.63
2026-05-29,VV-VITA-363,2,33.11,34.16
2026-05-29,VV-VITA-364,13,199.12,249.36
2026-05-29,VV-VITA-365,3,38.82,43.36
2026-05-29,VV-VITA-369,17,0,0
2026-05-29,VV-VITA-375,1,17.91,17.91
2026-05-29,VV-VITA-376,1,13.2,14.67
2026-05-29,VV-VITA-377,5,55.75,63.35
2026-05-29,VV-VITA-379,2,33.73,36.98
2026-05-29,VV-VITA-382,1,11.07,16.07
2026-05-29,VV-VITA-383,1,12.36,18.16
2026-05-29,VV-VITA-385,2,33.8,33.8
2026-05-29,VV-VITA-387,17,56.89,56.89
2026-05-29,VV-VITA-391,4,85.86,88.87
2026-05-29,VV-VITA-395,2,32.46,32.46
2026-05-29,VV-VITA-403,5,86.19,99.5
2026-05-29,VV-VITA-405,1,13.52,13.52
2026-05-29,VV-VITA-407,15,0,0
2026-05-29,VV-VITA-417,4,75.65,84.05
2026-05-29,VV-VITA-57-V2,1,26.35,26.35
2026-05-29,VV-VITA-90,11,96.69,212.46
2026-05-29,VV-VITA-94,5,101.41,131.3
2026-05-30,,34,376.26,414.88
2026-05-30,BJ-E223-8EKW,5,117.2,127.36
2026-05-30,CW-KVIN-V39Y,1,25.45,29.99
2026-05-30,NX-CVPF-VCEZ,4,60.44,71.08
2026-05-30,TU-QNYD-JRRX,2,35.83,35.83
2026-05-30,VI-ZU99-SZ0B,2,29.65,29.65
2026-05-30,VV-VITA-02,1,13.18,17.92
2026-05-30,VV-VITA-101,1,18.54,18.54
2026-05-30,VV-VITA-109,1,19.81,20.81
2026-05-30,VV-VITA-116,2,30.44,30.44
2026-05-30,VV-VITA-119,1,18.17,18.17
2026-05-30,VV-VITA-121,3,59.71,62.79
2026-05-30,VV-VITA-142,3,68.46,70.8
2026-05-30,VV-VITA-153,3,50.62,51.47
2026-05-30,VV-VITA-168,2,49.15,49.15
2026-05-30,VV-VITA-198,2,32.72,36.34
2026-05-30,VV-VITA-208,2,39.63,41.72
2026-05-30,VV-VITA-215,1,13.9,18.9
2026-05-30,VV-VITA-222,1,23.9,23.9
2026-05-30,VV-VITA-223,6,118.76,122.86
2026-05-30,VV-VITA-224,4,65.03,67.55
2026-05-30,VV-VITA-228,4,84.56,88.32
2026-05-30,VV-VITA-231,18,370.59,415.98
2026-05-30,VV-VITA-237,1,16.92,16.92
2026-05-30,VV-VITA-243,2,38.7,38.7
2026-05-30,VV-VITA-249,1,23.9,23.9
2026-05-30,VV-VITA-264,1,25.9,25.9
2026-05-30,VV-VITA-276,7,156.28,178.92
2026-05-30,VV-VITA-303,7,128.84,132.42
2026-05-30,VV-VITA-304,1,12.57,13.89
2026-05-30,VV-VITA-310,3,60.88,65.42
2026-05-30,VV-VITA-311,3,56.59,57.97
2026-05-30,VV-VITA-317,3,50.28,56.5
2026-05-30,VV-VITA-320,2,44.23,45.76
2026-05-30,VV-VITA-342,2,36.67,38.59
2026-05-30,VV-VITA-344,5,98.4,100.39
2026-05-30,VV-VITA-346,1,12.93,13.9
2026-05-30,VV-VITA-361,3,46.95,54.51
2026-05-30,VV-VITA-364,9,138.63,156.61
2026-05-30,VV-VITA-367,4,70.72,75.7
2026-05-30,VV-VITA-368,4,65.21,65.21
2026-05-30,VV-VITA-369,7,0,0
2026-05-30,VV-VITA-371,1,15.9,15.9
2026-05-30,VV-VITA-374,1,19.08,19.08
2026-05-30,VV-VITA-377,3,35.77,37.62
2026-05-30,VV-VITA-382,1,14.41,16.07
2026-05-30,VV-VITA-386,1,23.28,24.45
2026-05-30,VV-VITA-387,6,0,0
2026-05-30,VV-VITA-398,2,27.11,28.54
2026-05-30,VV-VITA-403,4,60.92,79.6
2026-05-30,VV-VITA-407,7,18.63,23.17
2026-05-30,VV-VITA-411,2,37.71,42.71
2026-05-30,VV-VITA-49,1,18.9,18.9
2026-05-30,VV-VITA-88,2,41.11,43.25
2026-05-30,VV-VITA-90,8,60.69,139.75
2026-05-31,,36,417.16,451.55
2026-05-31,BJ-E223-8EKW,6,134.39,158.1
2026-05-31,CW-KVIN-V39Y,3,70.72,75.26
2026-05-31,NX-CVPF-VCEZ,1,13.56,18.66
2026-05-31,VV-VITA-101,1,22.02,22.02
2026-05-31,VV-VITA-102,4,65.03,65.03
2026-05-31,VV-VITA-111,1,16.72,20.9
2026-05-31,VV-VITA-116,1,16.84,16.84
2026-05-31,VV-VITA-124,2,35.55,41.57
2026-05-31,VV-VITA-136,3,63.61,68.15
2026-05-31,VV-VITA-151,5,103.42,119.5
2026-05-31,VV-VITA-153,1,15.42,16.92
2026-05-31,VV-VITA-159,3,70.92,73.44
2026-05-31,VV-VITA-172,2,25.3,29.68
2026-05-31,VV-VITA-174,3,68.15,68.15
2026-05-31,VV-VITA-183,1,25.9,25.9
2026-05-31,VV-VITA-190,1,19.9,19.9
2026-05-31,VV-VITA-198,2,39.8,39.8
2026-05-31,VV-VITA-208,1,19.9,19.9
2026-05-31,VV-VITA-215,2,35.93,37.98
2026-05-31,VV-VITA-216,2,33.32,35.06
2026-05-31,VV-VITA-222,1,22.15,23.9
2026-05-31,VV-VITA-223,14,230.31,259.01
2026-05-31,VV-VITA-224,11,191,198.64
2026-05-31,VV-VITA-228,1,22.9,22.9
2026-05-31,VV-VITA-231,20,394.1,452.36
2026-05-31,VV-VITA-237,2,27.89,29.34
2026-05-31,VV-VITA-243,4,71.69,74.48
2026-05-31,VV-VITA-248,5,99.03,112.15
2026-05-31,VV-VITA-252,3,55.2,61.82
2026-05-31,VV-VITA-257,14,277.67,330.42
2026-05-31,VV-VITA-258,3,50.97,50.97
2026-05-31,VV-VITA-259,3,60.34,64.88
2026-05-31,VV-VITA-262,2,32.31,32.31
2026-05-31,VV-VITA-264,3,73.83,77.7
2026-05-31,VV-VITA-276,1,24.9,24.9
2026-05-31,VV-VITA-284,2,45.42,47.8
2026-05-31,VV-VITA-287,3,59.19,63.34
2026-05-31,VV-VITA-298,1,21.73,24.15
2026-05-31,VV-VITA-301,2,27.89,29.34
2026-05-31,VV-VITA-303,2,36.35,36.35
2026-05-31,VV-VITA-304,2,24.96,24.96
2026-05-31,VV-VITA-310,1,21.71,21.71
2026-05-31,VV-VITA-311,8,133.01,148.86
2026-05-31,VV-VITA-317,2,37.55,41.72
2026-05-31,VV-VITA-319,1,19.9,19.9
2026-05-31,VV-VITA-320,3,55.13,57.02
2026-05-31,VV-VITA-329,4,74.17,77.14
2026-05-31,VV-VITA-342,1,21.9,21.9
2026-05-31,VV-VITA-345,1,17.76,17.76
2026-05-31,VV-VITA-359,1,20.76,20.76
2026-05-31,VV-VITA-361,1,16.9,16.9
2026-05-31,VV-VITA-364,3,58.78,58.78
2026-05-31,VV-VITA-369,8,10.79,19.99
2026-05-31,VV-VITA-375,2,33.18,37.17
2026-05-31,VV-VITA-376,1,14.67,14.67
2026-05-31,VV-VITA-377,5,59.38,64.3
2026-05-31,VV-VITA-379,1,17.18,17.18
2026-05-31,VV-VITA-380,2,21.31,26.31
2026-05-31,VV-VITA-386,1,26.45,26.45
2026-05-31,VV-VITA-387,7,0,0
2026-05-31,VV-VITA-394,1,18.66,18.66
2026-05-31,VV-VITA-395,2,35.53,35.53
2026-05-31,VV-VITA-403,2,37.81,39.8
2026-05-31,VV-VITA-405,1,13.52,13.52
2026-05-31,VV-VITA-407,5,21.76,21.76
2026-05-31,VV-VITA-410,1,24.54,24.54
2026-05-31,VV-VITA-49,5,85.18,97.14
2026-05-31,VV-VITA-57-V,1,36.18,38.9
2026-05-31,VV-VITA-57-V2,2,49,49
2026-05-31,VV-VITA-90,13,99.02,227.83
2026-05-31,VV-VITA-93,2,26.66,26.66
2026-05-31,VV-VITA-94,2,44.75,47.09
2026-06-01,,50,670.01,758.1
2026-06-01,BJ-E223-8EKW,1,21.63,21.63
2026-06-01,VI-ZU99-SZ0B,1,17.18,17.18
2026-06-01,VV-VITA-101,4,71.75,81.34
2026-06-01,VV-VITA-102,1,19.9,19.9
2026-06-01,VV-VITA-107,2,28.91,28.91
2026-06-01,VV-VITA-111,2,29.9,45.98
2026-06-01,VV-VITA-116,2,25.9,37.89
2026-06-01,VV-VITA-119,4,62.34,76.32
2026-06-01,VV-VITA-124,4,76.92,80.37
2026-06-01,VV-VITA-136,6,97.5,149.94
2026-06-01,VV-VITA-151,4,67.6,103.96
2026-06-01,VV-VITA-153,7,124.93,129.38
2026-06-01,VV-VITA-157,4,53.69,58.69
2026-06-01,VV-VITA-165,2,49.93,52.54
2026-06-01,VV-VITA-168,1,16.24,21.24
2026-06-01,VV-VITA-171,1,22.84,25.36
2026-06-01,VV-VITA-174,1,17.18,17.18
2026-06-01,VV-VITA-198,5,70.17,98.13
2026-06-01,VV-VITA-199,2,35.1,35.1
2026-06-01,VV-VITA-207,4,57.62,85.6
2026-06-01,VV-VITA-208,1,19.9,19.9
2026-06-01,VV-VITA-215,4,54.6,83.96
2026-06-01,VV-VITA-216,4,83.49,98.2
2026-06-01,VV-VITA-222,2,45.42,47.8
2026-06-01,VV-VITA-223,14,242.06,305.46
2026-06-01,VV-VITA-224,1,17.91,19.9
2026-06-01,VV-VITA-228,8,136.08,179.93
2026-06-01,VV-VITA-231,21,466.57,572.62
2026-06-01,VV-VITA-237,9,139.56,176.37
2026-06-01,VV-VITA-243,10,181.31,221.85
2026-06-01,VV-VITA-248,2,46.65,49.09
2026-06-01,VV-VITA-249,11,196.2,264.99
2026-06-01,VV-VITA-250,2,36.78,38.16
2026-06-01,VV-VITA-252,5,102.28,118.12
2026-06-01,VV-VITA-256,1,22.65,22.65
2026-06-01,VV-VITA-257,4,61.82,90.87
2026-06-01,VV-VITA-258,5,94.25,94.25
2026-06-01,VV-VITA-259,1,25.45,25.45
2026-06-01,VV-VITA-262,2,33.8,51.98
2026-06-01,VV-VITA-276,7,146.58,177.57
2026-06-01,VV-VITA-287,5,71.5,109.95
2026-06-01,VV-VITA-298,6,110.31,151.21
2026-06-01,VV-VITA-301,5,65.54,78.47
2026-06-01,VV-VITA-303,2,26,39.98
2026-06-01,VV-VITA-304,9,113.65,148.35
2026-06-01,VV-VITA-307,3,31.2,47.97
2026-06-01,VV-VITA-311,3,52.72,54.52
2026-06-01,VV-VITA-313,3,42.9,65.97
2026-06-01,VV-VITA-318,5,91.06,91.06
2026-06-01,VV-VITA-326,2,40.42,40.42
2026-06-01,VV-VITA-329,2,38.16,38.16
2026-06-01,VV-VITA-342,4,57.17,78.14
2026-06-01,VV-VITA-344,6,131.14,135.93
2026-06-01,VV-VITA-345,1,20.37,22.63
2026-06-01,VV-VITA-349,1,17.49,17.49
2026-06-01,VV-VITA-351,1,19.87,22.63
2026-06-01,VV-VITA-355,2,34.35,38.94
2026-06-01,VV-VITA-359,1,19.99,19.99
2026-06-01,VV-VITA-361,2,29.63,38.16
2026-06-01,VV-VITA-362,2,28.6,43.98
2026-06-01,VV-VITA-364,5,91.02,92.87
2026-06-01,VV-VITA-367,9,124.52,147.33
2026-06-01,VV-VITA-368,1,18.17,18.17
2026-06-01,VV-VITA-369,3,0,0
2026-06-01,VV-VITA-372,1,14.45,18.99
2026-06-01,VV-VITA-374,1,17.53,17.53
2026-06-01,VV-VITA-376,1,17.26,17.26
2026-06-01,VV-VITA-379,2,33.4,33.4
2026-06-01,VV-VITA-38,4,50.37,55.3
2026-06-01,VV-VITA-386,2,36.4,55.98
2026-06-01,VV-VITA-387,6,62.4,95.97
2026-06-01,VV-VITA-389,12,226.76,285.67
2026-06-01,VV-VITA-39,4,49.45,72.68
2026-06-01,VV-VITA-390,2,38.78,40.76
2026-06-01,VV-VITA-391,2,34.8,39.8
2026-06-01,VV-VITA-395,3,47.63,50.71
2026-06-01,VV-VITA-398,3,39,59.97
2026-06-01,VV-VITA-399,3,48.75,74.97
2026-06-01,VV-VITA-402,2,33.8,51.98
2026-06-01,VV-VITA-403,2,29.83,39.8
2026-06-01,VV-VITA-405,1,13.52,13.52
2026-06-01,VV-VITA-407,4,0,0
2026-06-01,VV-VITA-411,1,15.94,19.91
2026-06-01,VV-VITA-417,3,52.65,80.97
2026-06-01,VV-VITA-49,7,110.17,146.84
2026-06-01,VV-VITA-57-V,7,182.19,228.97
2026-06-01,VV-VITA-57-V2,7,120.22,172.66
2026-06-01,VV-VITA-63,1,19.08,19.08
2026-06-01,VV-VITA-88,1,25.45,25.45
2026-06-01,VV-VITA-90,10,15.99,173.8
2026-06-01,VV-VITA-93,1,13.62,13.62
2026-06-01,VV-VITA-94,3,73.29,81.7
2026-06-02,,46,588.38,740.7
2026-06-02,BJ-E223-8EKW,4,82.83,86.04
2026-06-02,CW-KVIN-V39Y,3,48.08,62.7
2026-06-02,VV-VITA-101,3,56.83,60.5
2026-06-02,VV-VITA-102,1,19.9,19.9
2026-06-02,VV-VITA-109,1,20.9,20.9
2026-06-02,VV-VITA-111,4,51.76,79.6
2026-06-02,VV-VITA-121,2,41.62,43.8
2026-06-02,VV-VITA-124,3,58.37,60.82
2026-06-02,VV-VITA-151,2,45.41,47.8
2026-06-02,VV-VITA-157,1,13.9,13.9
2026-06-02,VV-VITA-159,2,38.67,43.41
2026-06-02,VV-VITA-165,0,2.64,27.18
2026-06-02,VV-VITA-168,3,56.32,56.32
2026-06-02,VV-VITA-171,2,54.44,54.44
2026-06-02,VV-VITA-172,2,35.83,39.8
2026-06-02,VV-VITA-189,2,41.62,43.8
2026-06-02,VV-VITA-197,2,37.84,39.82
2026-06-02,VV-VITA-198,2,41.54,41.54
2026-06-02,VV-VITA-207,1,19.9,19.9
2026-06-02,VV-VITA-208,1,19.9,19.9
2026-06-02,VV-VITA-216,3,69.98,73.64
2026-06-02,VV-VITA-222,0,15.47,71.7
2026-06-02,VV-VITA-223,1,35.62,111.71
2026-06-02,VV-VITA-224,4,77.83,105.87
2026-06-02,VV-VITA-228,3,66.08,67.65
2026-06-02,VV-VITA-231,6,154.82,163.03
2026-06-02,VV-VITA-237,-2,-33.45,0
2026-06-02,VV-VITA-243,2,46.08,47.25
2026-06-02,VV-VITA-248,3,68.15,70.96
2026-06-02,VV-VITA-249,-1,-21.26,0
2026-06-02,VV-VITA-250,2,28.72,33.26
2026-06-02,VV-VITA-252,1,20.61,22.9
2026-06-02,VV-VITA-256,2,46.97,46.97
2026-06-02,VV-VITA-257,2,48.8,53.8
2026-06-02,VV-VITA-276,6,128.77,149.5
2026-06-02,VV-VITA-284,1,22.72,22.72
2026-06-02,VV-VITA-287,1,19.9,19.9
2026-06-02,VV-VITA-295,7,134.72,158.45
2026-06-02,VV-VITA-301,1,16.92,16.92
2026-06-02,VV-VITA-304,4,65.41,65.41
2026-06-02,VV-VITA-310,2,32.38,49.8
2026-06-02,VV-VITA-311,3,60.36,79.8
2026-06-02,VV-VITA-313,1,24.05,75.6
2026-06-02,VV-VITA-317,1,19.9,19.9
2026-06-02,VV-VITA-318,1,18.9,18.9
2026-06-02,VV-VITA-320,0,5.5,72.88
2026-06-02,VV-VITA-326,1,26.22,26.22
2026-06-02,VV-VITA-338,1,20.82,20.82
2026-06-02,VV-VITA-342,2,33.28,58.23
2026-06-02,VV-VITA-344,3,69.78,73.42
2026-06-02,VV-VITA-345,0,1.99,24.9
2026-06-02,VV-VITA-346,2,23.36,23.36
2026-06-02,VV-VITA-351,1,17.91,19.9
2026-06-02,VV-VITA-361,4,67.41,88.75
2026-06-02,VV-VITA-364,-1,-28.45,43.98
2026-06-02,VV-VITA-367,1,12.37,13.83
2026-06-02,VV-VITA-368,2,33.93,35.8
2026-06-02,VV-VITA-369,3,0,0
2026-06-02,VV-VITA-371,2,32.18,32.18
2026-06-02,VV-VITA-372,6,106.96,109.69
2026-06-02,VV-VITA-377,1,9.9,14.9
2026-06-02,VV-VITA-379,3,46.04,47.65
2026-06-02,VV-VITA-38,1,7.04,11.58
2026-06-02,VV-VITA-382,4,71.33,76.14
2026-06-02,VV-VITA-383,1,17.18,17.18
2026-06-02,VV-VITA-385,1,16.9,16.9
2026-06-02,VV-VITA-387,4,2.91,29.08
2026-06-02,VV-VITA-389,1,21.23,22.72
2026-06-02,VV-VITA-390,1,22.59,24.53
2026-06-02,VV-VITA-394,-1,-21.26,0
2026-06-02,VV-VITA-395,1,16.07,16.07
2026-06-02,VV-VITA-398,2,26.76,27.8
2026-06-02,VV-VITA-403,3,51.75,79.6
2026-06-02,VV-VITA-405,1,14.2,14.2
2026-06-02,VV-VITA-407,5,0,0
2026-06-02,VV-VITA-408,4,80.07,94.17
2026-06-02,VV-VITA-410,1,23.95,25.9
2026-06-02,VV-VITA-411,3,60.08,63.6
2026-06-02,VV-VITA-417,2,49.8,49.8
2026-06-02,VV-VITA-49,3,58.55,58.55
2026-06-02,VV-VITA-57-V,1,25.58,30.12
2026-06-02,VV-VITA-57-V2,1,20.75,20.75
2026-06-02,VV-VITA-90,6,16.93,106.65
2026-06-02,VV-VITA-93,2,23.74,28.74
2026-06-02,VV-VITA-94,1,25.9,25.9
2026-06-03,,78,951.2,1253.25
2026-06-03,NX-CVPF-VCEZ,2,41.79,43.61
2026-06-03,TU-QNYD-JRRX,17,208.93,321.3
2026-06-03,VV-VITA-02,1,17.91,17.91
2026-06-03,VV-VITA-101,1,19.82,22.02
2026-06-03,VV-VITA-102,1,18.86,18.86
2026-06-03,VV-VITA-107,3,36.87,56.7
2026-06-03,VV-VITA-109,7,92.64,132.3
2026-06-03,VV-VITA-111,7,97.55,139.31
2026-06-03,VV-VITA-116,1,18.17,18.17
2026-06-03,VV-VITA-119,2,37.8,37.8
2026-06-03,VV-VITA-124,1,18.14,18.14
2026-06-03,VV-VITA-136,1,20.67,20.67
2026-06-03,VV-VITA-151,1,23.9,23.9
2026-06-03,VV-VITA-153,4,75.33,77.3
2026-06-03,VV-VITA-157,9,86.22,125.1
2026-06-03,VV-VITA-158,3,69.39,82.16
2026-06-03,VV-VITA-159,1,19.31,19.31
2026-06-03,VV-VITA-172,5,64.7,99.5
2026-06-03,VV-VITA-183,2,45.76,49.06
2026-06-03,VV-VITA-188,6,69.84,107.4
2026-06-03,VV-VITA-202,3,31.02,47.7
2026-06-03,VV-VITA-206,3,34.92,53.7
2026-06-03,VV-VITA-207,4,75.98,75.98
2026-06-03,VV-VITA-208,5,87.58,99.5
2026-06-03,VV-VITA-222,16,277.08,379.3
2026-06-03,VV-VITA-223,18,361.54,417.59
2026-06-03,VV-VITA-224,6,114.52,130.06
2026-06-03,VV-VITA-225,1,22.65,22.65
2026-06-03,VV-VITA-228,6,96.26,136.31
2026-06-03,VV-VITA-231,21,441.91,568.64
2026-06-03,VV-VITA-237,11,154.27,218.9
2026-06-03,VV-VITA-243,7,124.42,157.4
2026-06-03,VV-VITA-248,1,19.55,19.55
2026-06-03,VV-VITA-256,1,23.63,23.63
2026-06-03,VV-VITA-264,17,320.22,415.61
2026-06-03,VV-VITA-276,13,219.18,323.7
2026-06-03,VV-VITA-277,1,13.55,13.55
2026-06-03,VV-VITA-287,5,78.62,99.5
2026-06-03,VV-VITA-295,3,46.62,71.7
2026-06-03,VV-VITA-298,9,134.01,206.1
2026-06-03,VV-VITA-301,1,14.67,14.67
2026-06-03,VV-VITA-304,5,65.69,77.74
2026-06-03,VV-VITA-310,13,212.16,310.92
2026-06-03,VV-VITA-313,0,-0.83,19.99
2026-06-03,VV-VITA-316,12,155.28,238.8
2026-06-03,VV-VITA-317,2,39.8,39.8
2026-06-03,VV-VITA-326,1,20.37,22.63
2026-06-03,VV-VITA-329,3,52.7,57.24
2026-06-03,VV-VITA-338,1,21.81,21.81
2026-06-03,VV-VITA-342,3,52.53,54.51
2026-06-03,VV-VITA-344,2,45.29,47.25
2026-06-03,VV-VITA-361,1,18.17,18.17
2026-06-03,VV-VITA-364,13,228.38,250.28
2026-06-03,VV-VITA-365,3,29.07,44.7
2026-06-03,VV-VITA-367,5,79.13,80.67
2026-06-03,VV-VITA-368,7,87.74,125.3
2026-06-03,VV-VITA-369,5,17.99,19.99
2026-06-03,VV-VITA-374,1,12.94,19.9
2026-06-03,VV-VITA-376,4,47.39,64.07
2026-06-03,VV-VITA-377,6,72.5,89.4
2026-06-03,VV-VITA-379,3,44.14,45.66
2026-06-03,VV-VITA-38,4,52.92,64.28
2026-06-03,VV-VITA-382,5,61.45,94.5
2026-06-03,VV-VITA-387,4,21.19,23.54
2026-06-03,VV-VITA-389,2,45.42,47.8
2026-06-03,VV-VITA-39,1,13.63,18.17
2026-06-03,VV-VITA-390,3,38.82,59.7
2026-06-03,VV-VITA-394,3,66.74,69.08
2026-06-03,VV-VITA-402,4,72.2,98.33
2026-06-03,VV-VITA-403,1,19.9,19.9
2026-06-03,VV-VITA-407,3,27.9,27.9
2026-06-03,VV-VITA-412,3,38.82,59.7
2026-06-03,VV-VITA-417,3,64.87,72.06
2026-06-03,VV-VITA-49,3,49.98,54.98
2026-06-03,VV-VITA-57-V,1,35.37,35.37
2026-06-03,VV-VITA-88,6,93.24,143.4
2026-06-03,VV-VITA-90,10,33.22,173.04
2026-06-03,VV-VITA-93,6,78.54,84.71
2026-06-03,VV-VITA-94,3,75.57,78.15
2026-06-04,,18,210.86,256.88
2026-06-04,VV-VITA-02,2,37.08,37.08
2026-06-04,VV-VITA-101,-1,-16.36,0
2026-06-04,VV-VITA-109,1,19.34,20.9
2026-06-04,VV-VITA-116,1,17.9,17.9
2026-06-04,VV-VITA-119,1,13.18,17.92
2026-06-04,VV-VITA-124,5,95.38,100.39
2026-06-04,VV-VITA-136,1,13.49,24.99
2026-06-04,VV-VITA-142,2,49.22,51.8
2026-06-04,VV-VITA-146,-1,-19.54,0
2026-06-04,VV-VITA-157,4,55.6,55.6
2026-06-04,VV-VITA-158,-1,-26.8,0
2026-06-04,VV-VITA-159,3,56,57.92
2026-06-04,VV-VITA-168,2,38.79,38.79
2026-06-04,VV-VITA-170,1,18.9,18.9
2026-06-04,VV-VITA-171,1,22.71,25.36
2026-06-04,VV-VITA-173,2,35.07,35.07
2026-06-04,VV-VITA-174,7,109.34,109.34
2026-06-04,VV-VITA-183,1,17.55,26.99
2026-06-04,VV-VITA-198,1,13,19.99
2026-06-04,VV-VITA-199,1,16.2,18.09
2026-06-04,VV-VITA-202,2,32.04,32.04
2026-06-04,VV-VITA-204,1,18.9,18.9
2026-06-04,VV-VITA-215,6,117.78,117.78
2026-06-04,VV-VITA-216,-1,-22.09,0
2026-06-04,VV-VITA-222,3,65.44,72.35
2026-06-04,VV-VITA-223,9,188.66,201
2026-06-04,VV-VITA-224,6,115.97,120.02
2026-06-04,VV-VITA-228,5,108.82,110.89
2026-06-04,VV-VITA-231,6,143.54,162.39
2026-06-04,VV-VITA-243,10,180.55,213.59
2026-06-04,VV-VITA-249,3,50.7,77.97
2026-06-04,VV-VITA-250,1,19.08,19.08
2026-06-04,VV-VITA-252,1,23.63,23.63
2026-06-04,VV-VITA-257,-2,-43.46,0
2026-06-04,VV-VITA-264,1,25.9,25.9
2026-06-04,VV-VITA-276,3,50.7,77.97
2026-06-04,VV-VITA-287,5,85.91,90.45
2026-06-04,VV-VITA-295,1,14.95,22.99
2026-06-04,VV-VITA-301,2,30.75,32.45
2026-06-04,VV-VITA-310,6,118.38,146.3
2026-06-04,VV-VITA-311,4,74.28,77.85
2026-06-04,VV-VITA-316,3,49.73,54.27
2026-06-04,VV-VITA-317,1,19.08,19.08
2026-06-04,VV-VITA-320,1,17.17,17.17
2026-06-04,VV-VITA-326,1,19.08,19.08
2026-06-04,VV-VITA-329,1,18.29,19.08
2026-06-04,VV-VITA-342,0,-0.23,18.17
2026-06-04,VV-VITA-344,-1,-17.71,0
2026-06-04,VV-VITA-345,-1,-22.95,0
2026-06-04,VV-VITA-361,4,57.48,67.6
2026-06-04,VV-VITA-363,3,46.09,46.09
2026-06-04,VV-VITA-364,9,143.91,173.42
2026-06-04,VV-VITA-367,6,77.25,91.55
2026-06-04,VV-VITA-369,5,0,0
2026-06-04,VV-VITA-374,1,19.08,19.08
2026-06-04,VV-VITA-375,1,16.9,16.9
2026-06-04,VV-VITA-379,1,17.18,17.18
2026-06-04,VV-VITA-38,7,94.07,104.86
2026-06-04,VV-VITA-383,1,18.54,18.54
2026-06-04,VV-VITA-387,6,96.38,113.36
2026-06-04,VV-VITA-389,8,161.12,179.61
2026-06-04,VV-VITA-39,1,13,19.99
2026-06-04,VV-VITA-391,2,49.07,49.07
2026-06-04,VV-VITA-395,2,31.49,33.83
2026-06-04,VV-VITA-402,2,41.8,50.89
2026-06-04,VV-VITA-407,3,0,0
2026-06-04,VV-VITA-408,1,24.55,24.55
2026-06-04,VV-VITA-417,6,149.06,149.06
2026-06-04,VV-VITA-49,5,81.79,104.86
2026-06-04,VV-VITA-57-V,1,33.07,33.07
2026-06-04,VV-VITA-63,2,36.27,38.16
2026-06-04,VV-VITA-88,2,48.2,50.72
2026-06-04,VV-VITA-90,6,0,106.62
2026-06-04,VV-VITA-93,2,33.98,33.98
2026-06-04,VV-VITA-94,5,113.98,129.5
2026-06-05,,30,386.67,447.06
2026-06-05,BJ-E223-8EKW,1,21.63,21.63
2026-06-05,NX-CVPF-VCEZ,4,81.77,87.22
2026-06-05,VI-ZU99-SZ0B,1,16.97,16.97
2026-06-05,VV-VITA-101,7,118.46,133.77
2026-06-05,VV-VITA-102,3,51.85,56.58
2026-06-05,VV-VITA-107,3,43.32,48.05
2026-06-05,VV-VITA-119,2,31.76,31.76
2026-06-05,VV-VITA-121,1,22.72,22.72
2026-06-05,VV-VITA-124,1,18.02,18.02
2026-06-05,VV-VITA-151,2,40.42,47.25
2026-06-05,VV-VITA-153,4,76.04,81.6
2026-06-05,VV-VITA-158,10,197.51,230.16
2026-06-05,VV-VITA-159,7,130.16,154.14
2026-06-05,VV-VITA-168,3,55.99,55.99
2026-06-05,VV-VITA-170,1,18.9,18.9
2026-06-05,VV-VITA-171,1,27.26,27.26
2026-06-05,VV-VITA-173,8,163.28,163.28
2026-06-05,VV-VITA-190,3,59.7,59.7
2026-06-05,VV-VITA-198,2,26,39.98
2026-06-05,VV-VITA-199,1,19.9,19.9
2026-06-05,VV-VITA-208,4,77.27,90.86
2026-06-05,VV-VITA-216,2,44.36,49.09
2026-06-05,VV-VITA-222,1,23.9,23.9
2026-06-05,VV-VITA-223,13,259.89,302.51
2026-06-05,VV-VITA-224,3,57.71,59.7
2026-06-05,VV-VITA-228,7,143.05,149.39
2026-06-05,VV-VITA-231,7,178.31,186.07
2026-06-05,VV-VITA-243,10,170.16,192.41
2026-06-05,VV-VITA-247,2,35.84,39.82
2026-06-05,VV-VITA-248,2,49.1,49.1
2026-06-05,VV-VITA-250,5,89.5,89.5
2026-06-05,VV-VITA-256,4,89.2,94.53
2026-06-05,VV-VITA-257,3,69.69,72.33
2026-06-05,VV-VITA-284,1,20.39,22.71
2026-06-05,VV-VITA-298,2,33.8,51.98
2026-06-05,VV-VITA-301,1,13.21,14.67
2026-06-05,VV-VITA-304,1,16.35,16.35
2026-06-05,VV-VITA-307,2,29.07,29.07
2026-06-05,VV-VITA-310,1,21.81,21.81
2026-06-05,VV-VITA-311,2,34.53,36.33
2026-06-05,VV-VITA-320,10,211.91,240.36
2026-06-05,VV-VITA-342,9,147.1,180.09
2026-06-05,VV-VITA-344,4,83.28,94.67
2026-06-05,VV-VITA-345,1,20.75,20.75
2026-06-05,VV-VITA-354,1,21.9,21.9
2026-06-05,VV-VITA-359,1,15.75,15.75
2026-06-05,VV-VITA-361,3,51.45,53.25
2026-06-05,VV-VITA-363,1,14.08,14.08
2026-06-05,VV-VITA-364,10,174.92,194.08
2026-06-05,VV-VITA-367,6,79.12,89.24
2026-06-05,VV-VITA-369,3,0,0
2026-06-05,VV-VITA-372,1,17.18,17.18
2026-06-05,VV-VITA-374,1,19.08,19.08
2026-06-05,VV-VITA-379,6,82.3,93.32
2026-06-05,VV-VITA-38,3,40.19,42.26
2026-06-05,VV-VITA-387,-1,0,0
2026-06-05,VV-VITA-391,1,19.9,19.9
2026-06-05,VV-VITA-395,4,58.54,60.07
2026-06-05,VV-VITA-398,1,13.9,13.9
2026-06-05,VV-VITA-403,1,19.9,19.9
2026-06-05,VV-VITA-407,3,22.72,27.26
2026-06-05,VV-VITA-413,1,28.17,28.17
2026-06-05,VV-VITA-417,2,44.8,49.8
2026-06-05,VV-VITA-49,1,17.8,19.99
2026-06-05,VV-VITA-57-V,1,27.57,30.12
2026-06-05,VV-VITA-57-V2,1,22.72,22.72
2026-06-05,VV-VITA-63,2,36.27,38.16
2026-06-05,VV-VITA-86,-1,-18.81,0
2026-06-05,VV-VITA-88,2,45.42,47.8
2026-06-05,VV-VITA-90,7,0,122.9
2026-06-05,VV-VITA-93,2,26.63,27.99
2026-06-05,VV-VITA-94,10,221.36,262.79
2026-06-06,,30,362.4,397.35
2026-06-06,CP-DQMG-RVN9,2,34.72,38
2026-06-06,VI-ZU99-SZ0B,1,17.18,17.18
2026-06-06,VV-VITA-101,2,35.22,37.07
2026-06-06,VV-VITA-109,1,15.46,15.46
2026-06-06,VV-VITA-119,4,72.7,72.7
2026-06-06,VV-VITA-122,10,177.73,209
2026-06-06,VV-VITA-124,1,20.79,20.79
2026-06-06,VV-VITA-136,1,19.22,20.82
2026-06-06,VV-VITA-153,1,19.91,19.91
2026-06-06,VV-VITA-159,3,65.24,68.67
2026-06-06,VV-VITA-168,2,35.66,37.01
2026-06-06,VV-VITA-170,1,16.27,16.27
2026-06-06,VV-VITA-171,1,27.26,27.26
2026-06-06,VV-VITA-173,5,94.15,94.15
2026-06-06,VV-VITA-198,2,33.11,36.34
2026-06-06,VV-VITA-199,1,18.09,18.09
2026-06-06,VV-VITA-206,1,18.09,18.09
2026-06-06,VV-VITA-208,1,19.9,19.9
2026-06-06,VV-VITA-216,4,74.1,75.99
2026-06-06,VV-VITA-222,1,23.9,23.9
2026-06-06,VV-VITA-223,4,85.06,87.15
2026-06-06,VV-VITA-224,5,91.5,103.93
2026-06-06,VV-VITA-228,1,20.82,20.82
2026-06-06,VV-VITA-231,1,27.18,27.18
2026-06-06,VV-VITA-243,7,141.82,158.03
2026-06-06,VV-VITA-248,1,21.9,21.9
2026-06-06,VV-VITA-252,1,19.81,24.54
2026-06-06,VV-VITA-301,1,13.35,14.61
2026-06-06,VV-VITA-303,2,35.5,37.09
2026-06-06,VV-VITA-308,2,44.53,49.53
2026-06-06,VV-VITA-311,1,18.17,18.17
2026-06-06,VV-VITA-313,3,56.74,58.62
2026-06-06,VV-VITA-317,2,39.8,39.8
2026-06-06,VV-VITA-318,2,29.19,33.92
2026-06-06,VV-VITA-320,5,110.56,126.68
2026-06-06,VV-VITA-326,1,21.71,21.71
2026-06-06,VV-VITA-329,1,17.77,19.07
2026-06-06,VV-VITA-342,3,48.18,54.52
2026-06-06,VV-VITA-344,5,115,121.95
2026-06-06,VV-VITA-345,1,16.35,20.89
2026-06-06,VV-VITA-346,1,13.55,13.55
2026-06-06,VV-VITA-361,7,115.06,125.93
2026-06-06,VV-VITA-364,1,20.08,20.08
2026-06-06,VV-VITA-367,1,15.22,15.22
2026-06-06,VV-VITA-368,1,15.58,18.17
2026-06-06,VV-VITA-369,2,0,0
2026-06-06,VV-VITA-375,2,33.8,33.8
2026-06-06,VV-VITA-377,3,39.67,41.1
2026-06-06,VV-VITA-379,3,45.14,46.66
2026-06-06,VV-VITA-38,1,11.58,11.58
2026-06-06,VV-VITA-382,1,19.08,19.08
2026-06-06,VV-VITA-383,1,16.35,18.16
2026-06-06,VV-VITA-387,2,0,0
2026-06-06,VV-VITA-389,4,93.16,109.57
2026-06-06,VV-VITA-398,4,47.28,55.6
2026-06-06,VV-VITA-402,1,24.9,24.9
2026-06-06,VV-VITA-407,3,0,0
2026-06-06,VV-VITA-413,1,28.17,28.17
2026-06-06,VV-VITA-49,1,18.9,18.9
2026-06-06,VV-VITA-90,8,48.03,137.11
2026-06-06,VV-VITA-93,5,79.71,79.71
2026-06-07,,28,369.17,394.36
2026-06-07,BJ-E223-8EKW,3,60.26,61.66
2026-06-07,NX-CVPF-VCEZ,8,154.26,172.65
2026-06-07,VV-VITA-101,5,92.91,102.45
2026-06-07,VV-VITA-102,1,18.86,18.86
2026-06-07,VV-VITA-109,2,35.83,35.83
2026-06-07,VV-VITA-116,1,19.81,19.81
2026-06-07,VV-VITA-119,2,36.35,36.35
2026-06-07,VV-VITA-122,1,18.86,18.86
2026-06-07,VV-VITA-124,5,97.17,100.39
2026-06-07,VV-VITA-136,1,18.17,22.71
2026-06-07,VV-VITA-142,1,25.9,25.9
2026-06-07,VV-VITA-151,2,50.26,52.89
2026-06-07,VV-VITA-158,3,73.18,75.88
2026-06-07,VV-VITA-159,2,40.15,41.33
2026-06-07,VV-VITA-166,1,23.63,23.63
2026-06-07,VV-VITA-168,1,18.29,20.32
2026-06-07,VV-VITA-171,1,26.1,27.26
2026-06-07,VV-VITA-173,9,168.49,168.49
2026-06-07,VV-VITA-202,1,13.54,14.45
2026-06-07,VV-VITA-207,1,19.9,19.9
2026-06-07,VV-VITA-208,1,19.9,19.9
2026-06-07,VV-VITA-216,1,19.9,19.9
2026-06-07,VV-VITA-222,1,20.13,21.73
2026-06-07,VV-VITA-223,17,373.98,414.3
2026-06-07,VV-VITA-224,4,79.75,82.86
2026-06-07,VV-VITA-228,6,119.04,125.88
2026-06-07,VV-VITA-231,3,80.73,83.56
2026-06-07,VV-VITA-237,2,37.82,39.8
2026-06-07,VV-VITA-243,1,23.63,23.63
2026-06-07,VV-VITA-249,2,47.26,47.26
2026-06-07,VV-VITA-250,1,14.54,19.08
2026-06-07,VV-VITA-256,4,69.35,90.61
2026-06-07,VV-VITA-257,2,51.12,53.8
2026-06-07,VV-VITA-264,1,24.54,24.54
2026-06-07,VV-VITA-276,4,95.85,98.33
2026-06-07,VV-VITA-277,1,12.9,12.9
2026-06-07,VV-VITA-287,3,58.55,59.78
2026-06-07,VV-VITA-295,4,60.43,83.59
2026-06-07,VV-VITA-298,1,22.9,22.9
2026-06-07,VV-VITA-301,4,59.33,69.8
2026-06-07,VV-VITA-304,3,46.46,47.15
2026-06-07,VV-VITA-310,1,19.91,19.91
2026-06-07,VV-VITA-311,1,18.17,18.17
2026-06-07,VV-VITA-313,1,19.99,19.99
2026-06-07,VV-VITA-319,1,19.08,19.08
2026-06-07,VV-VITA-320,10,197.2,224.73
2026-06-07,VV-VITA-329,1,19.08,19.08
2026-06-07,VV-VITA-338,2,41.71,41.71
2026-06-07,VV-VITA-354,1,22.64,22.64
2026-06-07,VV-VITA-359,1,19.99,19.99
2026-06-07,VV-VITA-363,1,16.9,16.9
2026-06-07,VV-VITA-364,14,230.83,263.45
2026-06-07,VV-VITA-368,1,18.17,18.17
2026-06-07,VV-VITA-369,2,0,0
2026-06-07,VV-VITA-372,1,8.09,17.17
2026-06-07,VV-VITA-377,1,14.9,14.9
2026-06-07,VV-VITA-379,5,67.98,77.1
2026-06-07,VV-VITA-382,2,32.98,37.98
2026-06-07,VV-VITA-386,2,46.16,48.35
2026-06-07,VV-VITA-387,2,0,0
2026-06-07,VV-VITA-39,3,49.97,54.51
2026-06-07,VV-VITA-391,2,41.63,41.63
2026-06-07,VV-VITA-398,5,87.62,94.13
2026-06-07,VV-VITA-402,1,23.63,23.63
2026-06-07,VV-VITA-405,1,12.17,13.52
2026-06-07,VV-VITA-407,3,27.9,27.9
2026-06-07,VV-VITA-408,1,23.55,23.55
2026-06-07,VV-VITA-413,2,53.63,56.32
2026-06-07,VV-VITA-49,3,52.11,55.08
2026-06-07,VV-VITA-57-V,1,33.07,33.07
2026-06-07,VV-VITA-63,6,100.22,114.49
2026-06-07,VV-VITA-90,5,15.99,89.7
2026-06-07,VV-VITA-94,3,66.48,78.14
2026-06-08,,58,727.21,809.89
2026-06-08,BJ-E223-8EKW,2,42.34,42.34
2026-06-08,VI-ZU99-SZ0B,3,51.55,51.55
2026-06-08,VV-VITA-101,3,58.6,60.5
2026-06-08,VV-VITA-102,1,17.18,17.18
2026-06-08,VV-VITA-116,5,58.2,89.5
2026-06-08,VV-VITA-119,2,38.81,38.81
2026-06-08,VV-VITA-122,1,19.91,19.91
2026-06-08,VV-VITA-124,2,40.34,40.34
2026-06-08,VV-VITA-142,4,88.08,103.6
2026-06-08,VV-VITA-151,3,67.15,69.53
2026-06-08,VV-VITA-159,1,19.31,19.31
2026-06-08,VV-VITA-168,1,19.31,19.31
2026-06-08,VV-VITA-171,1,29.4,29.4
2026-06-08,VV-VITA-173,9,141.65,176.45
2026-06-08,VV-VITA-183,5,122.98,128.14
2026-06-08,VV-VITA-189,5,71.2,109.5
2026-06-08,VV-VITA-199,1,18.24,19.9
2026-06-08,VV-VITA-206,1,15.98,15.98
2026-06-08,VV-VITA-207,1,19.9,19.9
2026-06-08,VV-VITA-208,15,194.1,298.5
2026-06-08,VV-VITA-215,3,47,51.54
2026-06-08,VV-VITA-223,3,65.44,69.83
2026-06-08,VV-VITA-224,2,39.8,39.8
2026-06-08,VV-VITA-225,1,22.72,22.72
2026-06-08,VV-VITA-228,1,23.95,23.95
2026-06-08,VV-VITA-231,18,434.58,491.7
2026-06-08,VV-VITA-237,4,79.11,81.18
2026-06-08,VV-VITA-243,3,68.54,70.88
2026-06-08,VV-VITA-248,5,71.2,109.5
2026-06-08,VV-VITA-249,2,44.55,46.54
2026-06-08,VV-VITA-250,1,17.9,17.9
2026-06-08,VV-VITA-256,6,97.09,137.14
2026-06-08,VV-VITA-258,5,61.45,94.5
2026-06-08,VV-VITA-276,6,100.77,150.49
2026-06-08,VV-VITA-284,4,71.61,84.22
2026-06-08,VV-VITA-304,3,46.49,46.49
2026-06-08,VV-VITA-310,4,99.2,103.11
2026-06-08,VV-VITA-318,3,51.55,51.55
2026-06-08,VV-VITA-320,6,115.69,122.3
2026-06-08,VV-VITA-329,2,38.16,38.16
2026-06-08,VV-VITA-338,4,67.68,79.6
2026-06-08,VV-VITA-345,1,20.9,20.9
2026-06-08,VV-VITA-354,8,135.78,177.46
2026-06-08,VV-VITA-361,1,16.9,16.9
2026-06-08,VV-VITA-364,1,17.46,20.07
2026-06-08,VV-VITA-367,2,30.67,30.67
2026-06-08,VV-VITA-368,2,33.17,36.94
2026-06-08,VV-VITA-369,6,16.27,16.27
2026-06-08,VV-VITA-371,5,51.7,79.5
2026-06-08,VV-VITA-375,5,54.95,84.5
2026-06-08,VV-VITA-377,3,43.22,44.7
2026-06-08,VV-VITA-379,5,58.18,76.1
2026-06-08,VV-VITA-38,4,59.8,61.14
2026-06-08,VV-VITA-382,6,80.53,113.58
2026-06-08,VV-VITA-383,4,64.9,69.44
2026-06-08,VV-VITA-387,3,0,0
2026-06-08,VV-VITA-389,3,65.9,68.15
2026-06-08,VV-VITA-39,1,16.36,18.16
2026-06-08,VV-VITA-391,1,24.54,24.54
2026-06-08,VV-VITA-393,1,20.02,20.02
2026-06-08,VV-VITA-394,1,23.63,23.63
2026-06-08,VV-VITA-398,1,13.9,13.9
2026-06-08,VV-VITA-403,4,76.22,79.6
2026-06-08,VV-VITA-405,1,12.57,13.52
2026-06-08,VV-VITA-407,1,0,0
2026-06-08,VV-VITA-408,1,23.63,23.63
2026-06-08,VV-VITA-411,2,41.45,43.61
2026-06-08,VV-VITA-413,1,27.9,27.9
2026-06-08,VV-VITA-417,1,24.9,24.9
2026-06-08,VV-VITA-49,1,18.9,18.9
2026-06-08,VV-VITA-90,4,17.77,71.08
2026-06-08,VV-VITA-94,8,162.27,210.29
2026-06-09,,16,194.69,207.94
2026-06-09,BJ-E223-8EKW,1,18.83,21.17
2026-06-09,CW-KVIN-V39Y,1,29.99,29.99
2026-06-09,NX-CVPF-VCEZ,1,21.81,21.81
2026-06-09,VV-VITA-101,2,40.56,40.56
2026-06-09,VV-VITA-102,2,37.69,39.8
2026-06-09,VV-VITA-109,2,34.92,34.92
2026-06-09,VV-VITA-116,1,17.9,17.9
2026-06-09,VV-VITA-119,1,19.91,19.91
2026-06-09,VV-VITA-122,4,64.58,88.61
2026-06-09,VV-VITA-127,4,84.68,99.6
2026-06-09,VV-VITA-136,2,43.17,45.43
2026-06-09,VV-VITA-151,2,45.42,47.8
2026-06-09,VV-VITA-153,3,45.69,59.61
2026-06-09,VV-VITA-158,2,53.65,56.56
2026-06-09,VV-VITA-159,8,143.32,173.44
2026-06-09,VV-VITA-165,5,121.07,137.39
2026-06-09,VV-VITA-168,1,20.32,20.32
2026-06-09,VV-VITA-170,2,24.58,37.8
2026-06-09,VV-VITA-171,2,56.24,56.24
2026-06-09,VV-VITA-173,9,151.26,179.1
2026-06-09,VV-VITA-183,1,20.9,25.9
2026-06-09,VV-VITA-208,1,14.9,19.9
2026-06-09,VV-VITA-215,1,19.08,19.08
2026-06-09,VV-VITA-216,3,68.1,68.1
2026-06-09,VV-VITA-223,21,390.59,458.69
2026-06-09,VV-VITA-224,3,58.56,58.56
2026-06-09,VV-VITA-228,2,44.7,46.36
2026-06-09,VV-VITA-231,1,24.45,24.45
2026-06-09,VV-VITA-243,14,226.4,308.33
2026-06-09,VV-VITA-247,4,70.08,79.62
2026-06-09,VV-VITA-249,2,48.58,48.58
2026-06-09,VV-VITA-256,1,19.08,23.62
2026-06-09,VV-VITA-276,8,154.38,197.93
2026-06-09,VV-VITA-286,5,107.63,113.26
2026-06-09,VV-VITA-301,1,16.92,16.92
2026-06-09,VV-VITA-303,1,17.9,17.9
2026-06-09,VV-VITA-307,1,13.05,14.53
2026-06-09,VV-VITA-308,9,159.27,231.75
2026-06-09,VV-VITA-310,6,110.45,139.82
2026-06-09,VV-VITA-311,1,20.76,20.76
2026-06-09,VV-VITA-317,2,41.52,41.52
2026-06-09,VV-VITA-318,1,12.29,18.9
2026-06-09,VV-VITA-319,1,19.9,19.9
2026-06-09,VV-VITA-320,3,65.02,65.02
2026-06-09,VV-VITA-342,2,37.32,41.01
2026-06-09,VV-VITA-352,3,61.53,71.97
2026-06-09,VV-VITA-361,7,114.54,127.21
2026-06-09,VV-VITA-363,1,16.9,16.9
2026-06-09,VV-VITA-364,22,345.11,412.69
2026-06-09,VV-VITA-367,4,55.65,61.33
2026-06-09,VV-VITA-369,2,0,0
2026-06-09,VV-VITA-371,4,41.36,63.6
2026-06-09,VV-VITA-372,2,32.32,37.8
2026-06-09,VV-VITA-377,1,13.42,13.42
2026-06-09,VV-VITA-38,1,10.7,11.58
2026-06-09,VV-VITA-387,1,0,0
2026-06-09,VV-VITA-389,3,75.07,75.07
2026-06-09,VV-VITA-394,2,40.69,47.25
2026-06-09,VV-VITA-405,1,8.52,13.52
2026-06-09,VV-VITA-407,1,0,0
2026-06-09,VV-VITA-410,2,47.09,47.09
2026-06-09,VV-VITA-411,6,98.26,125.4
2026-06-09,VV-VITA-413,2,36.28,55.8
2026-06-09,VV-VITA-417,3,57.28,74.7
2026-06-09,VV-VITA-49,3,55.92,58.56
2026-06-09,VV-VITA-57-V,3,87.19,90.25
2026-06-09,VV-VITA-88,5,93.31,121.05
2026-06-09,VV-VITA-90,6,32.29,103.52
2026-06-09,VV-VITA-93,6,65.91,86.22
2026-06-09,VV-VITA-94,3,73.57,78.14
2026-06-10,,33,404.33,431.85
2026-06-10,CW-KVIN-V39Y,2,52.06,54.79
2026-06-10,NX-CVPF-VCEZ,1,20,21.8
2026-06-10,TU-QNYD-JRRX,1,19.5,19.5
2026-06-10,VV-VITA-101,2,41.27,41.27
2026-06-10,VV-VITA-102,1,18.17,18.17
2026-06-10,VV-VITA-111,1,19.91,19.91
2026-06-10,VV-VITA-116,4,64.44,71.6
2026-06-10,VV-VITA-119,4,71.4,72.69
2026-06-10,VV-VITA-122,1,20.9,20.9
2026-06-10,VV-VITA-124,3,55.97,59.21
2026-06-10,VV-VITA-136,3,65.24,68.15
2026-06-10,VV-VITA-151,2,40.87,47.8
2026-06-10,VV-VITA-158,6,117.71,133.31
2026-06-10,VV-VITA-159,2,38.62,38.62
2026-06-10,VV-VITA-168,1,17.9,17.9
2026-06-10,VV-VITA-171,7,166.68,193.21
2026-06-10,VV-VITA-173,1,16.66,18.16
2026-06-10,VV-VITA-189,4,74.48,87.6
2026-06-10,VV-VITA-199,2,36.24,39.8
2026-06-10,VV-VITA-208,2,34.8,39.8
2026-06-10,VV-VITA-215,1,18.9,18.9
2026-06-10,VV-VITA-222,1,18.9,23.9
2026-06-10,VV-VITA-223,14,266.11,313.44
2026-06-10,VV-VITA-224,2,34.02,37.8
2026-06-10,VV-VITA-228,1,22.9,22.9
2026-06-10,VV-VITA-231,2,51.82,54.52
2026-06-10,VV-VITA-237,1,17.82,18.77
2026-06-10,VV-VITA-243,3,55.7,65.7
2026-06-10,VV-VITA-248,1,20.02,21.9
2026-06-10,VV-VITA-249,1,21.86,23.9
2026-06-10,VV-VITA-257,4,91.48,107.6
2026-06-10,VV-VITA-264,2,49.22,51.8
2026-06-10,VV-VITA-276,5,108.31,123.23
2026-06-10,VV-VITA-277,1,11.61,12.9
2026-06-10,VV-VITA-286,1,21.9,21.9
2026-06-10,VV-VITA-298,3,63.19,65.26
2026-06-10,VV-VITA-301,2,27.89,29.34
2026-06-10,VV-VITA-304,1,14.9,14.9
2026-06-10,VV-VITA-308,1,23.32,25.9
2026-06-10,VV-VITA-311,4,76.06,78.12
2026-06-10,VV-VITA-313,1,16.27,20.81
2026-06-10,VV-VITA-316,1,16.35,16.35
2026-06-10,VV-VITA-317,8,159.78,164.88
2026-06-10,VV-VITA-320,3,66.25,68.67
2026-06-10,VV-VITA-326,1,19.08,19.08
2026-06-10,VV-VITA-338,1,18.77,18.77
2026-06-10,VV-VITA-342,6,115.43,127.66
2026-06-10,VV-VITA-344,5,111.59,120.67
2026-06-10,VV-VITA-354,3,63.84,69.14
2026-06-10,VV-VITA-361,3,49.26,54.5
2026-06-10,VV-VITA-362,1,17.72,19.99
2026-06-10,VV-VITA-364,7,131.09,135.44
2026-06-10,VV-VITA-367,1,13.93,18.47
2026-06-10,VV-VITA-369,4,0,0
2026-06-10,VV-VITA-372,4,71,75.75
2026-06-10,VV-VITA-374,1,19.9,19.9
2026-06-10,VV-VITA-375,2,33.8,33.8
2026-06-10,VV-VITA-379,7,84.73,98.95
2026-06-10,VV-VITA-38,1,14.63,16.07
2026-06-10,VV-VITA-382,5,89.8,94.5
2026-06-10,VV-VITA-383,1,18.17,18.17
2026-06-10,VV-VITA-387,3,0,0
2026-06-10,VV-VITA-391,3,58.57,58.57
2026-06-10,VV-VITA-395,3,47.85,51.59
2026-06-10,VV-VITA-403,4,79.11,84.23
2026-06-10,VV-VITA-405,6,79.77,81.12
2026-06-10,VV-VITA-407,5,24.54,27.26
2026-06-10,VV-VITA-408,1,21.26,23.62
2026-06-10,VV-VITA-417,3,71.89,74.33
2026-06-10,VV-VITA-57-V,1,30.13,30.13
2026-06-10,VV-VITA-57-V2,1,20.32,20.32
2026-06-10,VV-VITA-63,5,81.14,95.41
2026-06-10,VV-VITA-90,4,36.19,72.58
2026-06-10,VV-VITA-93,5,64.67,71.85
2026-06-10,VV-VITA-94,1,24.43,24.43
2026-06-11,,39,529.06,586.49
2026-06-11,BJ-E223-8EKW,2,42.8,42.8
2026-06-11,CW-KVIN-V39Y,1,16.59,21.69
2026-06-11,NX-CVPF-VCEZ,2,41.99,49.09
2026-06-11,TU-QNYD-JRRX,1,17.34,18.9
2026-06-11,VV-VITA-101,9,165.26,198.18
2026-06-11,VV-VITA-102,1,18.27,19.9
2026-06-11,VV-VITA-116,2,35.66,39.62
2026-06-11,VV-VITA-119,12,147.48,226.8
2026-06-11,VV-VITA-121,3,58.26,60.31
2026-06-11,VV-VITA-124,7,133.66,138.69
2026-06-11,VV-VITA-127,7,117.05,169.31
2026-06-11,VV-VITA-136,1,22.72,22.72
2026-06-11,VV-VITA-142,4,74.15,101.33
2026-06-11,VV-VITA-146,6,77.64,119.4
2026-06-11,VV-VITA-151,2,44.04,47.25
2026-06-11,VV-VITA-158,2,49.67,75.88
2026-06-11,VV-VITA-159,3,56.39,62.7
2026-06-11,VV-VITA-165,2,43.24,45.5
2026-06-11,VV-VITA-168,4,72.95,76.19
2026-06-11,VV-VITA-170,10,129.51,189
2026-06-11,VV-VITA-171,4,99.08,106.22
2026-06-11,VV-VITA-173,6,98.21,119.09
2026-06-11,VV-VITA-174,1,17.22,18.9
2026-06-11,VV-VITA-183,1,27.12,27.12
2026-06-11,VV-VITA-188,9,104.76,161.1
2026-06-11,VV-VITA-208,-1,-16.92,0
2026-06-11,VV-VITA-222,18,279.72,430.2
2026-06-11,VV-VITA-223,7,123.47,167.3
2026-06-11,VV-VITA-225,25,342.62,518.06
2026-06-11,VV-VITA-228,6,93.89,136.1
2026-06-11,VV-VITA-231,34,653.53,902.62
2026-06-11,VV-VITA-237,5,85.72,93.18
2026-06-11,VV-VITA-243,6,108.23,126.47
2026-06-11,VV-VITA-247,7,106.34,141.14
2026-06-11,VV-VITA-248,4,74.48,87.6
2026-06-11,VV-VITA-249,22,352.88,525.8
2026-06-11,VV-VITA-250,-3,-52.95,0
2026-06-11,VV-VITA-252,2,46.65,49.09
2026-06-11,VV-VITA-256,5,79,113.2
2026-06-11,VV-VITA-257,2,51.12,53.8
2026-06-11,VV-VITA-259,2,48.36,50.88
2026-06-11,VV-VITA-276,8,172.02,188.89
2026-06-11,VV-VITA-287,7,103.12,139.48
2026-06-11,VV-VITA-295,7,114.14,164.3
2026-06-11,VV-VITA-298,1,22.9,22.9
2026-06-11,VV-VITA-301,9,116.42,152.28
2026-06-11,VV-VITA-308,3,50.52,77.7
2026-06-11,VV-VITA-31,3,42.72,65.7
2026-06-11,VV-VITA-310,11,189.12,269.78
2026-06-11,VV-VITA-311,3,52.46,56.25
2026-06-11,VV-VITA-313,4,59.8,96.42
2026-06-11,VV-VITA-316,1,11.81,16.35
2026-06-11,VV-VITA-318,3,53.25,53.25
2026-06-11,VV-VITA-320,4,76.06,162.89
2026-06-11,VV-VITA-326,3,48.57,74.7
2026-06-11,VV-VITA-329,2,34.81,38.67
2026-06-11,VV-VITA-342,4,55.64,109.5
2026-06-11,VV-VITA-344,-1,-10.07,23.63
2026-06-11,VV-VITA-352,7,128.12,166.84
2026-06-11,VV-VITA-354,2,41.62,43.8
2026-06-11,VV-VITA-359,1,19.99,19.99
2026-06-11,VV-VITA-361,10,152.52,171.33
2026-06-11,VV-VITA-364,3,52.16,112.77
2026-06-11,VV-VITA-365,9,87.21,134.1
2026-06-11,VV-VITA-367,0,0.37,18.45
2026-06-11,VV-VITA-368,2,41.81,43.41
2026-06-11,VV-VITA-369,2,18.17,18.17
2026-06-11,VV-VITA-371,4,41.36,63.6
2026-06-11,VV-VITA-374,3,59.43,59.43
2026-06-11,VV-VITA-375,2,30.43,33.8
2026-06-11,VV-VITA-377,11,138.59,176.99
2026-06-11,VV-VITA-38,8,102.42,119.58
2026-06-11,VV-VITA-382,3,36.87,56.7
2026-06-11,VV-VITA-387,2,0,0
2026-06-11,VV-VITA-391,9,196.16,202.68
2026-06-11,VV-VITA-393,3,40.75,53.31
2026-06-11,VV-VITA-395,6,73.71,96.42
2026-06-11,VV-VITA-399,2,45.44,45.44
2026-06-11,VV-VITA-402,1,24.9,24.9
2026-06-11,VV-VITA-403,1,19.9,19.9
2026-06-11,VV-VITA-405,1,13.52,13.52
2026-06-11,VV-VITA-407,1,0,0
2026-06-11,VV-VITA-410,1,25.9,25.9
2026-06-11,VV-VITA-413,3,54.42,83.7
2026-06-11,VV-VITA-417,2,49.07,49.07
2026-06-11,VV-VITA-49,0,-0.91,17.83
2026-06-11,VV-VITA-88,6,93.24,143.4
2026-06-11,VV-VITA-90,13,13.99,225.81
2026-06-12,,34,429.37,468.73
2026-06-12,BJ-E223-8EKW,2,41.23,43.4
2026-06-12,NX-CVPF-VCEZ,1,22.84,24.54
2026-06-12,VI-ZU99-SZ0B,2,34.52,34.52
2026-06-12,VV-VITA-101,1,18.54,18.54
2026-06-12,VV-VITA-105,-1,-14.65,0
2026-06-12,VV-VITA-116,3,53.97,53.97
2026-06-12,VV-VITA-124,1,18.35,20.02
2026-06-12,VV-VITA-127,13,271.12,320.5
2026-06-12,VV-VITA-136,1,22.72,22.72
2026-06-12,VV-VITA-142,1,25.9,25.9
2026-06-12,VV-VITA-151,3,69.72,74.62
2026-06-12,VV-VITA-158,2,41.11,43.27
2026-06-12,VV-VITA-159,4,69.06,77.23
2026-06-12,VV-VITA-166,2,44.91,47.25
2026-06-12,VV-VITA-171,1,27.26,27.26
2026-06-12,VV-VITA-173,3,54.52,54.52
2026-06-12,VV-VITA-174,3,68.16,68.16
2026-06-12,VV-VITA-189,1,20.9,20.9
2026-06-12,VV-VITA-208,1,19.9,19.9
2026-06-12,VV-VITA-222,6,134.55,142.85
2026-06-12,VV-VITA-223,11,229.29,265.79
2026-06-12,VV-VITA-228,9,191.55,193.71
2026-06-12,VV-VITA-231,3,68.32,126.26
2026-06-12,VV-VITA-243,6,116.1,131.4
2026-06-12,VV-VITA-249,1,23.63,23.63
2026-06-12,VV-VITA-250,3,41.55,46.09
2026-06-12,VV-VITA-256,2,46.53,46.53
2026-06-12,VV-VITA-257,6,145.28,161.4
2026-06-12,VV-VITA-259,3,72.29,76.78
2026-06-12,VV-VITA-276,3,68.54,70.88
2026-06-12,VV-VITA-286,6,99.75,117.32
2026-06-12,VV-VITA-298,3,59.89,63.02
2026-06-12,VV-VITA-301,4,56.51,58.69
2026-06-12,VV-VITA-304,2,32.71,32.71
2026-06-12,VV-VITA-310,2,39.07,43.61
2026-06-12,VV-VITA-311,4,70.9,72.7
2026-06-12,VV-VITA-313,2,36.08,40.62
2026-06-12,VV-VITA-317,1,19.08,19.08
2026-06-12,VV-VITA-326,2,39.27,40.78
2026-06-12,VV-VITA-329,2,38.16,38.16
2026-06-12,VV-VITA-338,1,19.9,19.9
2026-06-12,VV-VITA-342,1,18.17,18.17
2026-06-12,VV-VITA-344,2,47.92,49.8
2026-06-12,VV-VITA-345,2,40.35,41.79
2026-06-12,VV-VITA-352,3,69.95,73.6
2026-06-12,VV-VITA-354,1,22.64,22.64
2026-06-12,VV-VITA-358,-1,-15.46,0
2026-06-12,VV-VITA-364,5,95.08,98.93
2026-06-12,VV-VITA-367,5,79.63,92.36
2026-06-12,VV-VITA-368,1,17.9,17.9
2026-06-12,VV-VITA-369,1,0,0
2026-06-12,VV-VITA-371,2,36.26,36.26
2026-06-12,VV-VITA-376,1,16.06,17.25
2026-06-12,VV-VITA-379,2,30.82,32.43
2026-06-12,VV-VITA-38,5,63.18,66.18
2026-06-12,VV-VITA-386,2,47.35,47.35
2026-06-12,VV-VITA-387,1,0,0
2026-06-12,VV-VITA-389,2,43.18,45.43
2026-06-12,VV-VITA-39,3,48.18,54.52
2026-06-12,VV-VITA-391,1,19.9,19.9
2026-06-12,VV-VITA-394,1,21.27,23.62
2026-06-12,VV-VITA-398,1,18.17,18.17
2026-06-12,VV-VITA-403,1,19.9,19.9
2026-06-12,VV-VITA-405,4,54.08,54.08
2026-06-12,VV-VITA-407,1,0,0
2026-06-12,VV-VITA-411,2,41.45,43.61
2026-06-12,VV-VITA-413,1,28.17,28.17
2026-06-12,VV-VITA-417,2,50.4,50.4
2026-06-12,VV-VITA-49,4,76.33,79.96
2026-06-12,VV-VITA-57-V,1,30.13,30.13
2026-06-12,VV-VITA-63,1,19.08,19.08
2026-06-12,VV-VITA-88,1,25.36,25.36
2026-06-12,VV-VITA-90,14,60.44,244.95
2026-06-12,VV-VITA-94,1,26.35,26.35
2026-06-13,,27,346.65,385.5
2026-06-13,BJ-E223-8EKW,1,16.17,21.17
2026-06-13,VI-ZU99-SZ0B,2,35.16,35.16
2026-06-13,VV-VITA-101,1,22.02,22.02
2026-06-13,VV-VITA-109,4,75.48,83.52
2026-06-13,VV-VITA-116,1,16.27,16.27
2026-06-13,VV-VITA-119,2,37.8,37.8
2026-06-13,VV-VITA-122,1,14.95,22.99
2026-06-13,VV-VITA-124,3,57.05,57.05
2026-06-13,VV-VITA-127,2,49.8,49.8
2026-06-13,VV-VITA-129,2,31.17,33.24
2026-06-13,VV-VITA-136,2,45.44,45.44
2026-06-13,VV-VITA-142,3,70.2,77.7
2026-06-13,VV-VITA-146,4,55.02,64.71
2026-06-13,VV-VITA-158,1,27.12,27.12
2026-06-13,VV-VITA-159,12,197.02,231.7
2026-06-13,VV-VITA-168,2,33.29,33.29
2026-06-13,VV-VITA-173,1,14.94,16.35
2026-06-13,VV-VITA-208,1,18.48,19.9
2026-06-13,VV-VITA-216,4,67.68,79.6
2026-06-13,VV-VITA-222,2,47.26,47.26
2026-06-13,VV-VITA-223,11,207.86,248.16
2026-06-13,VV-VITA-225,2,43.05,45.3
2026-06-13,VV-VITA-228,5,99.82,112.31
2026-06-13,VV-VITA-231,6,152.92,162.84
2026-06-13,VV-VITA-237,2,37.82,39.8
2026-06-13,VV-VITA-243,5,91.38,113.59
2026-06-13,VV-VITA-247,2,39.56,41.63
2026-06-13,VV-VITA-249,1,16.9,25.99
2026-06-13,VV-VITA-256,3,59.9,68.7
2026-06-13,VV-VITA-276,7,164.06,171.84
2026-06-13,VV-VITA-295,1,14.95,22.99
2026-06-13,VV-VITA-301,1,15.53,15.53
2026-06-13,VV-VITA-303,1,16.35,16.35
2026-06-13,VV-VITA-304,1,11.7,17.99
2026-06-13,VV-VITA-307,1,10.4,15.99
2026-06-13,VV-VITA-311,3,52.72,54.52
2026-06-13,VV-VITA-320,5,95.9,105.13
2026-06-13,VV-VITA-338,1,19.34,21.81
2026-06-13,VV-VITA-359,1,19.99,19.99
2026-06-13,VV-VITA-361,8,123.64,145.38
2026-06-13,VV-VITA-363,1,14.8,17.26
2026-06-13,VV-VITA-364,15,242.32,275.58
2026-06-13,VV-VITA-365,1,13.81,15.44
2026-06-13,VV-VITA-371,1,13.63,18.17
2026-06-13,VV-VITA-375,1,16.9,16.9
2026-06-13,VV-VITA-377,1,16.35,16.35
2026-06-13,VV-VITA-379,1,17.18,17.18
2026-06-13,VV-VITA-38,1,10.61,11.58
2026-06-13,VV-VITA-382,1,15.67,17.16
2026-06-13,VV-VITA-387,1,29.08,29.08
2026-06-13,VV-VITA-389,4,83.16,97.81
2026-06-13,VV-VITA-391,5,99.5,99.5
2026-06-13,VV-VITA-403,4,67.68,79.6
2026-06-13,VV-VITA-407,1,24.35,27.25
2026-06-13,VV-VITA-413,1,27.9,27.9
2026-06-13,VV-VITA-417,3,67.91,74.7
2026-06-13,VV-VITA-49,4,66,78.69
2026-06-13,VV-VITA-57-V2,1,20.32,20.32
2026-06-13,VV-VITA-88,2,46.35,50.89
2026-06-13,VV-VITA-90,8,0,139.82
2026-06-14,,39,496.11,536.95
2026-06-14,CW-KVIN-V39Y,1,29.99,29.99
2026-06-14,VV-VITA-101,4,67.4,88.08
2026-06-14,VV-VITA-102,1,18.17,18.17
2026-06-14,VV-VITA-111,1,15.36,19.9
2026-06-14,VV-VITA-121,6,112.69,132.56
2026-06-14,VV-VITA-124,1,17.7,20.01
2026-06-14,VV-VITA-136,1,19.9,19.9
2026-06-14,VV-VITA-142,1,23.63,23.63
2026-06-14,VV-VITA-146,1,19.28,21.7
2026-06-14,VV-VITA-151,6,125.2,131.75
2026-06-14,VV-VITA-153,2,39.61,41.8
2026-06-14,VV-VITA-158,9,215.14,244.08
2026-06-14,VV-VITA-168,1,20.32,20.32
2026-06-14,VV-VITA-171,9,214.58,247.59
2026-06-14,VV-VITA-173,1,16.58,16.58
2026-06-14,VV-VITA-174,1,18.9,18.9
2026-06-14,VV-VITA-183,5,106.76,124.04
2026-06-14,VV-VITA-208,2,37.99,42.53
2026-06-14,VV-VITA-222,3,69.04,71.43
2026-06-14,VV-VITA-223,10,191.55,221.83
2026-06-14,VV-VITA-228,5,91.35,103.6
2026-06-14,VV-VITA-231,3,76.5,79.18
2026-06-14,VV-VITA-237,4,67.68,79.6
2026-06-14,VV-VITA-243,3,59.35,62.45
2026-06-14,VV-VITA-248,3,71.18,73.61
2026-06-14,VV-VITA-250,1,19.08,19.08
2026-06-14,VV-VITA-252,2,36.27,38.17
2026-06-14,VV-VITA-257,4,73.82,86.82
2026-06-14,VV-VITA-259,1,25.45,25.45
2026-06-14,VV-VITA-264,3,76.33,78.91
2026-06-14,VV-VITA-276,3,70.95,73.43
2026-06-14,VV-VITA-277,1,10.55,11.72
2026-06-14,VV-VITA-286,5,104.95,111.76
2026-06-14,VV-VITA-287,1,18.33,19.9
2026-06-14,VV-VITA-301,3,44.19,50.76
2026-06-14,VV-VITA-303,2,31.8,36.34
2026-06-14,VV-VITA-307,1,14.54,14.54
2026-06-14,VV-VITA-308,2,44.75,47.09
2026-06-14,VV-VITA-31,1,21.9,21.9
2026-06-14,VV-VITA-311,1,18.17,18.17
2026-06-14,VV-VITA-313,1,18.9,18.9
2026-06-14,VV-VITA-317,1,15.36,19.9
2026-06-14,VV-VITA-320,7,156.17,164.83
2026-06-14,VV-VITA-326,2,49.42,52.02
2026-06-14,VV-VITA-329,1,18,19.08
2026-06-14,VV-VITA-338,1,20.56,21.8
2026-06-14,VV-VITA-344,4,80.36,94.5
2026-06-14,VV-VITA-352,1,20.61,22.9
2026-06-14,VV-VITA-354,7,122.28,137.37
2026-06-14,VV-VITA-362,1,18.45,20.76
2026-06-14,VV-VITA-363,1,17.26,17.26
2026-06-14,VV-VITA-364,10,172.87,193.49
2026-06-14,VV-VITA-367,2,30.9,30.9
2026-06-14,VV-VITA-374,1,17.91,19.9
2026-06-14,VV-VITA-376,2,27.93,30.73
2026-06-14,VV-VITA-377,6,79,89.4
2026-06-14,VV-VITA-379,6,78.4,91.32
2026-06-14,VV-VITA-38,2,26.04,27.65
2026-06-14,VV-VITA-385,1,19.99,19.99
2026-06-14,VV-VITA-394,1,23.63,23.63
2026-06-14,VV-VITA-395,2,28.7,28.7
2026-06-14,VV-VITA-405,3,36.21,36.21
2026-06-14,VV-VITA-407,5,119.99,136.31
2026-06-14,VV-VITA-411,1,21.68,21.68
2026-06-14,VV-VITA-413,2,48.93,54.36
2026-06-14,VV-VITA-417,6,140.59,147.94
2026-06-14,VV-VITA-49,5,76.29,86.39
2026-06-14,VV-VITA-57-V,2,60.26,60.26
2026-06-14,VV-VITA-63,2,36.27,38.17
2026-06-14,VV-VITA-88,1,25.45,25.45
2026-06-14,VV-VITA-90,12,64.68,203.92
2026-06-14,VV-VITA-93,1,16.99,16.99
2026-06-15,,36,495.03,519.36
2026-06-15,BJ-E223-8EKW,1,13.26,17.8
2026-06-15,CW-KVIN-V39Y,1,25.45,29.99
2026-06-15,NX-CVPF-VCEZ,5,81.84,98.12
2026-06-15,VV-VITA-02,4,60.58,65.12
2026-06-15,VV-VITA-102,1,18.86,18.86
2026-06-15,VV-VITA-109,1,20.82,20.82
2026-06-15,VV-VITA-119,5,88.76,88.76
2026-06-15,VV-VITA-121,3,46.75,51.29
2026-06-15,VV-VITA-124,4,85.56,89.43
2026-06-15,VV-VITA-127,6,106.62,124.02
2026-06-15,VV-VITA-136,2,45.44,45.44
2026-06-15,VV-VITA-142,2,41.02,43.16
2026-06-15,VV-VITA-151,5,103.76,110.4
2026-06-15,VV-VITA-153,1,18.92,18.92
2026-06-15,VV-VITA-158,13,296.51,343.93
2026-06-15,VV-VITA-159,3,58.28,61.33
2026-06-15,VV-VITA-165,2,44.65,46.99
2026-06-15,VV-VITA-168,1,20.3,20.3
2026-06-15,VV-VITA-216,1,16.92,16.92
2026-06-15,VV-VITA-222,1,15.37,19.43
2026-06-15,VV-VITA-223,12,204.93,263.23
2026-06-15,VV-VITA-228,5,101.93,103.8
2026-06-15,VV-VITA-231,5,95.95,164.65
2026-06-15,VV-VITA-237,4,60.52,63.68
2026-06-15,VV-VITA-243,15,237.45,279.3
2026-06-15,VV-VITA-256,1,15.09,17.86
2026-06-15,VV-VITA-257,3,65.28,68.7
2026-06-15,VV-VITA-276,7,130.51,148.19
2026-06-15,VV-VITA-277,1,13.99,15.53
2026-06-15,VV-VITA-287,3,50.7,50.7
2026-06-15,VV-VITA-298,1,18.32,18.32
2026-06-15,VV-VITA-304,3,40.94,40.94
2026-06-15,VV-VITA-308,1,20.2,22.44
2026-06-15,VV-VITA-310,4,67.76,79.68
2026-06-15,VV-VITA-311,3,46.28,47.8
2026-06-15,VV-VITA-313,3,49.23,49.23
2026-06-15,VV-VITA-317,1,19.9,19.9
2026-06-15,VV-VITA-320,14,236.61,260.84
2026-06-15,VV-VITA-338,2,36.44,37.62
2026-06-15,VV-VITA-344,2,38.8,43.8
2026-06-15,VV-VITA-352,3,63.97,68.04
2026-06-15,VV-VITA-359,1,19.99,19.99
2026-06-15,VV-VITA-361,0,0.33,17.26
2026-06-15,VV-VITA-363,1,17.26,17.26
2026-06-15,VV-VITA-364,1,23.3,78.2
2026-06-15,VV-VITA-365,1,13.01,13.01
2026-06-15,VV-VITA-367,2,30.93,32.54
2026-06-15,VV-VITA-368,1,17.26,17.26
2026-06-15,VV-VITA-369,2,0,0
2026-06-15,VV-VITA-371,1,16.47,18.08
2026-06-15,VV-VITA-376,6,95.4,95.4
2026-06-15,VV-VITA-377,3,37.17,68.85
2026-06-15,VV-VITA-38,2,31.08,32.2
2026-06-15,VV-VITA-387,3,23.26,23.26
2026-06-15,VV-VITA-391,1,17.38,17.38
2026-06-15,VV-VITA-394,1,21.26,21.26
2026-06-15,VV-VITA-402,1,23.63,23.63
2026-06-15,VV-VITA-403,8,127.41,139.24
2026-06-15,VV-VITA-405,1,13.52,13.52
2026-06-15,VV-VITA-407,2,0,0
2026-06-15,VV-VITA-410,1,19.63,19.63
2026-06-15,VV-VITA-411,1,21.81,21.81
2026-06-15,VV-VITA-417,2,24.54,24.54
2026-06-15,VV-VITA-49,3,50.88,53.44
2026-06-15,VV-VITA-63,4,51.93,61.05
2026-06-15,VV-VITA-90,10,13.9,156.11
2026-06-15,VV-VITA-94,6,139.02,154.54
2026-06-16,,35,466,513.02
2026-06-16,BJ-E223-8EKW,2,40.71,40.71
2026-06-16,CW-KVIN-V39Y,3,50.67,53.31
2026-06-16,VI-ZU99-SZ0B,1,11.85,16.39
2026-06-16,VV-VITA-101,2,34.37,40
2026-06-16,VV-VITA-102,1,17.26,17.26
2026-06-16,VV-VITA-109,2,30.68,30.68
2026-06-16,VV-VITA-116,1,15.22,15.22
2026-06-16,VV-VITA-119,4,65.59,65.59
2026-06-16,VV-VITA-121,2,35.78,40.52
2026-06-16,VV-VITA-124,5,95.25,118.57
2026-06-16,VV-VITA-127,1,21.69,21.69
2026-06-16,VV-VITA-151,2,37.98,42.52
2026-06-16,VV-VITA-153,3,51.76,76.47
2026-06-16,VV-VITA-158,5,118.67,127.71
2026-06-16,VV-VITA-159,9,165.38,198.89
2026-06-16,VV-VITA-165,1,24.46,24.46
2026-06-16,VV-VITA-168,1,20.45,20.45
2026-06-16,VV-VITA-171,1,25.9,25.9
2026-06-16,VV-VITA-190,1,14.94,21.84
2026-06-16,VV-VITA-198,4,60.87,65.41
2026-06-16,VV-VITA-208,5,74.48,84.6
2026-06-16,VV-VITA-215,1,18.13,18.13
2026-06-16,VV-VITA-216,1,22.09,22.09
2026-06-16,VV-VITA-222,3,53.54,57.36
2026-06-16,VV-VITA-223,7,138.32,149.15
2026-06-16,VV-VITA-228,2,37.31,39.25
2026-06-16,VV-VITA-231,5,75.37,87.44
2026-06-16,VV-VITA-237,2,30.26,31.84
2026-06-16,VV-VITA-243,11,196.15,211.23
2026-06-16,VV-VITA-248,1,17.54,25.64
2026-06-16,VV-VITA-250,4,55.8,60.8
2026-06-16,VV-VITA-256,2,41.9,41.9
2026-06-16,VV-VITA-258,1,14.47,16.07
2026-06-16,VV-VITA-264,4,66.08,77.72
2026-06-16,VV-VITA-276,1,18.9,18.9
2026-06-16,VV-VITA-286,2,40.91,43.05
2026-06-16,VV-VITA-298,4,76.33,89.78
2026-06-16,VV-VITA-31,4,58.73,69.05
2026-06-16,VV-VITA-310,5,85.13,89.58
2026-06-16,VV-VITA-311,3,43.95,46.32
2026-06-16,VV-VITA-313,3,46.4,54.99
2026-06-16,VV-VITA-317,5,68.22,99.7
2026-06-16,VV-VITA-319,2,36.18,36.18
2026-06-16,VV-VITA-320,8,136.44,142.46
2026-06-16,VV-VITA-329,-1,-14.9,0
2026-06-16,VV-VITA-338,2,39.38,41.43
2026-06-16,VV-VITA-339,2,40.75,40.75
2026-06-16,VV-VITA-344,6,102.79,115.14
2026-06-16,VV-VITA-345,0,-3.5,18.8
2026-06-16,VV-VITA-349,1,16.9,16.9
2026-06-16,VV-VITA-352,2,44.29,46.61
2026-06-16,VV-VITA-354,1,22.77,22.77
2026-06-16,VV-VITA-361,1,17.26,17.26
2026-06-16,VV-VITA-364,7,121,134.24
2026-06-16,VV-VITA-367,5,75,85.32
2026-06-16,VV-VITA-369,9,93.38,93.38
2026-06-16,VV-VITA-371,1,17.26,17.26
2026-06-16,VV-VITA-372,3,47.72,51.21
2026-06-16,VV-VITA-375,1,17.32,17.32
2026-06-16,VV-VITA-377,1,12.67,12.67
2026-06-16,VV-VITA-378,1,12.21,14.32
2026-06-16,VV-VITA-38,3,34.91,40.13
2026-06-16,VV-VITA-385,1,14.37,14.37
2026-06-16,VV-VITA-387,1,0,0
2026-06-16,VV-VITA-389,2,38.85,40.88
2026-06-16,VV-VITA-394,1,21.26,21.26
2026-06-16,VV-VITA-403,3,46.18,47.76
2026-06-16,VV-VITA-405,1,13.52,13.52
2026-06-16,VV-VITA-407,2,0,0
2026-06-16,VV-VITA-413,1,28.17,28.17
2026-06-16,VV-VITA-414,3,79.06,79.06
2026-06-16,VV-VITA-417,5,119.61,119.61
2026-06-16,VV-VITA-49,3,41.61,48.21
2026-06-16,VV-VITA-57-V,5,122.99,136.65
2026-06-16,VV-VITA-57-V2,1,23.24,23.24
2026-06-16,VV-VITA-88,1,19.63,24.17
2026-06-16,VV-VITA-90,4,0,68.74
2026-06-16,VV-VITA-93,-3,-50.97,0
2026-06-16,VV-VITA-94,2,45.53,50.07
2026-06-17,,26,363.8,413.81
2026-06-17,BJ-E223-8EKW,4,72.66,77.2
2026-06-17,CW-KVIN-V39Y,4,63.44,71.08
2026-06-17,TU-QNYD-JRRX,2,24.32,27
2026-06-17,VV-VITA-02,1,17.26,17.26
2026-06-17,VV-VITA-101,1,15.72,20.72
2026-06-17,VV-VITA-102,1,16.43,16.43
2026-06-17,VV-VITA-105,1,20.21,34.76
2026-06-17,VV-VITA-107,1,14.18,14.18
2026-06-17,VV-VITA-116,1,17.26,17.26
2026-06-17,VV-VITA-119,2,32.38,32.38
2026-06-17,VV-VITA-121,1,21.58,21.58
2026-06-17,VV-VITA-124,1,21.05,22.37
2026-06-17,VV-VITA-127,7,130.73,144.69
2026-06-17,VV-VITA-136,1,17.91,19.9
2026-06-17,VV-VITA-146,1,15.75,17.26
2026-06-17,VV-VITA-151,1,14.03,25.99
2026-06-17,VV-VITA-153,2,36.65,36.65
2026-06-17,VV-VITA-155,10,176.37,206.37
2026-06-17,VV-VITA-158,2,48.34,48.34
2026-06-17,VV-VITA-159,3,57.41,61.32
2026-06-17,VV-VITA-165,2,49.22,51.8
2026-06-17,VV-VITA-166,2,32.49,34.19
2026-06-17,VV-VITA-170,1,13.75,13.75
2026-06-17,VV-VITA-171,2,51.48,54.17
2026-06-17,VV-VITA-197,2,42.51,44.74
2026-06-17,VV-VITA-199,1,11.92,16.92
2026-06-17,VV-VITA-206,2,31.62,31.62
2026-06-17,VV-VITA-208,2,33.06,34.8
2026-06-17,VV-VITA-216,2,32.16,33.84
2026-06-17,VV-VITA-223,13,249.25,267.25
2026-06-17,VV-VITA-228,9,153.16,176.65
2026-06-17,VV-VITA-231,12,231.11,258.83
2026-06-17,VV-VITA-237,11,159.75,175.6
2026-06-17,VV-VITA-243,2,38.98,40.16
2026-06-17,VV-VITA-247,2,37.6,39.56
2026-06-17,VV-VITA-248,1,17.93,17.93
2026-06-17,VV-VITA-249,1,18.47,18.47
2026-06-17,VV-VITA-252,1,17.9,22.44
2026-06-17,VV-VITA-256,4,59.11,69.53
2026-06-17,VV-VITA-259,2,45.95,48.35
2026-06-17,VV-VITA-276,9,180.08,261.46
2026-06-17,VV-VITA-277,1,14.32,14.32
2026-06-17,VV-VITA-286,1,18.62,18.62
2026-06-17,VV-VITA-298,2,34.82,36.64
2026-06-17,VV-VITA-301,2,30.26,31.84
2026-06-17,VV-VITA-307,3,41.43,41.43
2026-06-17,VV-VITA-31,2,33.3,35.04
2026-06-17,VV-VITA-310,6,104.99,118.6
2026-06-17,VV-VITA-313,1,18.82,18.82
2026-06-17,VV-VITA-319,3,54.27,54.27
2026-06-17,VV-VITA-320,22,366.41,397.54
2026-06-17,VV-VITA-329,1,19.9,19.9
2026-06-17,VV-VITA-339,1,16.52,16.52
2026-06-17,VV-VITA-342,2,32.82,34.52
2026-06-17,VV-VITA-344,3,54.83,56.7
2026-06-17,VV-VITA-349,1,11.9,16.9
2026-06-17,VV-VITA-352,1,22.37,22.37
2026-06-17,VV-VITA-361,2,35.97,35.97
2026-06-17,VV-VITA-363,1,12.66,12.66
2026-06-17,VV-VITA-364,14,238.34,266.57
2026-06-17,VV-VITA-367,4,69.18,70.96
2026-06-17,VV-VITA-368,2,34.32,34.32
2026-06-17,VV-VITA-369,1,0,0
2026-06-17,VV-VITA-377,2,24.08,25.34
2026-06-17,VV-VITA-39,2,26.43,30.88
2026-06-17,VV-VITA-390,1,22.08,22.08
2026-06-17,VV-VITA-391,1,11.92,16.92
2026-06-17,VV-VITA-395,1,18.81,18.81
2026-06-17,VV-VITA-398,4,50.08,65.41
2026-06-17,VV-VITA-403,2,30.26,31.84
2026-06-17,VV-VITA-405,3,35.91,38.4
2026-06-17,VV-VITA-407,1,20.93,20.93
2026-06-17,VV-VITA-411,3,49.75,52.34
2026-06-17,VV-VITA-413,1,26.89,28.17
2026-06-17,VV-VITA-417,17,386.94,418.52
2026-06-17,VV-VITA-49,5,71.44,75.18
2026-06-17,VV-VITA-90,13,47.75,213.17
2026-06-17,VV-VITA-93,1,17.09,18.98
2026-06-17,VV-VITA-94,1,23.55,23.55
2026-06-18,,27,366.27,463.53
2026-06-18,BJ-E223-8EKW,3,50.78,53.42
2026-06-18,CW-KVIN-V39Y,2,33.78,35.54
2026-06-18,NX-CVPF-VCEZ,1,20.9,20.9
2026-06-18,TU-QNYD-JRRX,2,32.8,32.8
2026-06-18,VV-VITA-02,1,17.02,17.02
2026-06-18,VV-VITA-101,1,19.63,19.63
2026-06-18,VV-VITA-102,1,16.92,16.92
2026-06-18,VV-VITA-105,1,14.09,18.83
2026-06-18,VV-VITA-109,1,19.85,19.85
2026-06-18,VV-VITA-111,2,25.88,39.8
2026-06-18,VV-VITA-119,3,44.43,48.21
2026-06-18,VV-VITA-124,3,68.64,68.64
2026-06-18,VV-VITA-127,11,195.12,218.44
2026-06-18,VV-VITA-136,2,39.4,40.9
2026-06-18,VV-VITA-142,1,15.89,20.63
2026-06-18,VV-VITA-146,1,20.63,20.63
2026-06-18,VV-VITA-151,1,21.26,21.26
2026-06-18,VV-VITA-155,4,77.85,82.5
2026-06-18,VV-VITA-158,4,95.03,105.53
2026-06-18,VV-VITA-159,3,56.49,66.06
2026-06-18,VV-VITA-166,2,35.93,37.8
2026-06-18,VV-VITA-168,1,20.3,20.3
2026-06-18,VV-VITA-171,2,50.46,52.82
2026-06-18,VV-VITA-173,1,15.24,17.26
2026-06-18,VV-VITA-174,1,16.1,16.1
2026-06-18,VV-VITA-183,1,15.9,25.9
2026-06-18,VV-VITA-188,1,17.19,17.19
2026-06-18,VV-VITA-199,2,33.84,33.84
2026-06-18,VV-VITA-206,3,41.51,41.51
2026-06-18,VV-VITA-208,8,115.12,135.36
2026-06-18,VV-VITA-216,3,49.08,50.76
2026-06-18,VV-VITA-222,1,19.12,19.12
2026-06-18,VV-VITA-223,18,322.73,361.09
2026-06-18,VV-VITA-228,5,99.56,104.67
2026-06-18,VV-VITA-231,16,349.85,407.6
2026-06-18,VV-VITA-237,3,41.31,46.31
2026-06-18,VV-VITA-243,3,58.78,58.78
2026-06-18,VV-VITA-248,1,15.09,16.29
2026-06-18,VV-VITA-250,1,15.2,15.2
2026-06-18,VV-VITA-252,2,44.32,46.65
2026-06-18,VV-VITA-257,5,78.16,88.8
2026-06-18,VV-VITA-258,1,18.99,18.99
2026-06-18,VV-VITA-259,5,105.55,120.02
2026-06-18,VV-VITA-262,2,44.89,44.89
2026-06-18,VV-VITA-276,2,39.24,42.34
2026-06-18,VV-VITA-303,2,29.28,33.27
2026-06-18,VV-VITA-308,2,33.67,44.04
2026-06-18,VV-VITA-316,3,45.68,46.6
2026-06-18,VV-VITA-318,6,96.42,96.42
2026-06-18,VV-VITA-320,18,298.96,324.49
2026-06-18,VV-VITA-329,3,51.52,51.52
2026-06-18,VV-VITA-336,1,14.9,19.9
2026-06-18,VV-VITA-338,1,16.9,16.9
2026-06-18,VV-VITA-339,3,49.83,54.37
2026-06-18,VV-VITA-342,4,79.53,83.43
2026-06-18,VV-VITA-344,4,83.53,85.89
2026-06-18,VV-VITA-345,1,14.26,18.8
2026-06-18,VV-VITA-346,1,10.75,10.75
2026-06-18,VV-VITA-355,6,111.74,116.51
2026-06-18,VV-VITA-359,3,43.83,43.83
2026-06-18,VV-VITA-361,-1,-14.41,17.26
2026-06-18,VV-VITA-364,22,363.14,410.34
2026-06-18,VV-VITA-365,1,11.28,13
2026-06-18,VV-VITA-367,1,17.26,17.26
2026-06-18,VV-VITA-368,1,10.32,14.32
2026-06-18,VV-VITA-369,1,0,0
2026-06-18,VV-VITA-372,1,17.02,18.9
2026-06-18,VV-VITA-374,3,42.74,46.73
2026-06-18,VV-VITA-375,2,35.98,35.98
2026-06-18,VV-VITA-376,1,13.81,13.81
2026-06-18,VV-VITA-379,2,30.64,32.25
2026-06-18,VV-VITA-38,3,42,42
2026-06-18,VV-VITA-381,10,146.65,155.88
2026-06-18,VV-VITA-383,2,28.9,32.48
2026-06-18,VV-VITA-386,8,147.84,147.84
2026-06-18,VV-VITA-387,3,0,0
2026-06-18,VV-VITA-39,7,101.64,112.39
2026-06-18,VV-VITA-391,4,72.84,72.84
2026-06-18,VV-VITA-398,1,8.9,13.9
2026-06-18,VV-VITA-400,4,50.8,59.72
2026-06-18,VV-VITA-402,3,56.17,58.98
2026-06-18,VV-VITA-403,1,14.32,15.92
2026-06-18,VV-VITA-405,2,24.48,27.04
2026-06-18,VV-VITA-407,3,49.22,51.8
2026-06-18,VV-VITA-408,2,40.24,42.34
2026-06-18,VV-VITA-410,3,53.31,71.43
2026-06-18,VV-VITA-417,9,204.08,223.27
2026-06-18,VV-VITA-46,8,123.24,143.92
2026-06-18,VV-VITA-49,5,73.65,81.8
2026-06-18,VV-VITA-57-V,1,33.07,33.07
2026-06-18,VV-VITA-90,10,0,183.38
2026-06-18,VV-VITA-93,3,50.7,50.7
2026-06-18,VV-VITA-94,7,161.49,181.14
2026-06-19,,35,487.13,614.39
2026-06-19,BJ-E223-8EKW,8,131.14,155.12
2026-06-19,CP-DQMG-RVN9,2,34.31,36.11
2026-06-19,TU-QNYD-JRRX,3,39.37,40.51
2026-06-19,VV-VITA-02,1,14.95,16.28
2026-06-19,VV-VITA-105,2,37.81,37.81
2026-06-19,VV-VITA-107,2,22.61,24.61
2026-06-19,VV-VITA-116,1,13.7,15.22
2026-06-19,VV-VITA-119,5,73.48,78.48
2026-06-19,VV-VITA-124,2,41.6,44.74
2026-06-19,VV-VITA-127,6,111.58,123.98
2026-06-19,VV-VITA-129,1,14.61,14.61
2026-06-19,VV-VITA-136,3,60.65,61.62
2026-06-19,VV-VITA-142,2,41.8,44
2026-06-19,VV-VITA-153,6,98.44,102.43
2026-06-19,VV-VITA-155,4,77.12,86.31
2026-06-19,VV-VITA-157,1,13.4,14.6
2026-06-19,VV-VITA-158,1,27.49,27.49
2026-06-19,VV-VITA-166,1,15.92,15.92
2026-06-19,VV-VITA-168,5,87.98,100.23
2026-06-19,VV-VITA-172,3,63.13,64.73
2026-06-19,VV-VITA-174,3,64.74,64.74
2026-06-19,VV-VITA-188,1,15.22,15.22
2026-06-19,VV-VITA-189,1,18.92,18.92
2026-06-19,VV-VITA-197,1,21.17,21.17
2026-06-19,VV-VITA-198,2,31.92,32.7
2026-06-19,VV-VITA-203,5,67.02,81.1
2026-06-19,VV-VITA-216,6,107.31,122.22
2026-06-19,VV-VITA-222,8,152.31,167.41
2026-06-19,VV-VITA-223,11,200.89,225.17
2026-06-19,VV-VITA-228,3,56.94,58.88
2026-06-19,VV-VITA-231,17,316.88,364.84
2026-06-19,VV-VITA-243,4,78.77,78.77
2026-06-19,VV-VITA-249,3,65.23,67.57
2026-06-19,VV-VITA-250,1,15.2,15.2
2026-06-19,VV-VITA-256,1,22.45,22.45
2026-06-19,VV-VITA-257,3,50.64,53.28
2026-06-19,VV-VITA-259,1,22.38,24.17
2026-06-19,VV-VITA-262,2,39.8,39.8
2026-06-19,VV-VITA-276,1,19.06,21.17
2026-06-19,VV-VITA-277,5,73.02,75.25
2026-06-19,VV-VITA-287,1,18.99,18.99
2026-06-19,VV-VITA-301,2,31.13,32.32
2026-06-19,VV-VITA-304,6,81.45,84.7
2026-06-19,VV-VITA-308,3,56.59,59.56
2026-06-19,VV-VITA-316,1,14.39,15.53
2026-06-19,VV-VITA-317,6,101.4,101.4
2026-06-19,VV-VITA-320,1,18.37,21.52
2026-06-19,VV-VITA-326,3,55.19,59.93
2026-06-19,VV-VITA-329,1,17.17,17.17
2026-06-19,VV-VITA-338,8,124.83,137.48
2026-06-19,VV-VITA-339,3,54.01,55.82
2026-06-19,VV-VITA-342,3,59.97,61.06
2026-06-19,VV-VITA-344,7,132.04,140.32
2026-06-19,VV-VITA-352,2,33.3,38.94
2026-06-19,VV-VITA-355,1,20.45,20.45
2026-06-19,VV-VITA-361,2,29.64,31.66
2026-06-19,VV-VITA-363,1,11.8,11.8
2026-06-19,VV-VITA-364,24,404.56,461.35
2026-06-19,VV-VITA-366,3,38.62,38.62
2026-06-19,VV-VITA-367,1,18.16,18.16
2026-06-19,VV-VITA-38,0,2.52,12.95
2026-06-19,VV-VITA-381,9,114.34,129.34
2026-06-19,VV-VITA-39,1,15.45,15.45
2026-06-19,VV-VITA-390,2,32.5,33.44
2026-06-19,VV-VITA-391,2,26.22,30.76
2026-06-19,VV-VITA-395,1,15.44,15.88
2026-06-19,VV-VITA-398,3,29.53,38.62
2026-06-19,VV-VITA-403,5,72.31,82.74
2026-06-19,VV-VITA-407,2,38.54,41.86
2026-06-19,VV-VITA-408,1,19.49,21.17
2026-06-19,VV-VITA-412,1,19.99,19.99
2026-06-19,VV-VITA-413,1,28.17,28.17
2026-06-19,VV-VITA-417,4,89.97,98.13
2026-06-19,VV-VITA-46,2,34.89,34.89
2026-06-19,VV-VITA-49,2,29.19,29.57
2026-06-19,VV-VITA-57-V,1,33.67,33.67
2026-06-19,VV-VITA-57-V2,1,19.31,20.32
2026-06-19,VV-VITA-63,1,17.18,17.18
2026-06-19,VV-VITA-90,9,33.22,158.77
2026-06-19,VV-VITA-93,5,91.54,94.94
2026-06-20,,37,527.99,584.34
2026-06-20,NX-CVPF-VCEZ,4,66.76,78.5
2026-06-20,VI-ZU99-SZ0B,3,43.25,46.84
2026-06-20,VV-VITA-101,3,58.58,61.17
2026-06-20,VV-VITA-107,3,37.51,37.51
2026-06-20,VV-VITA-119,8,124.15,133.29
2026-06-20,VV-VITA-121,1,21.58,21.58
2026-06-20,VV-VITA-124,1,21.51,23.9
2026-06-20,VV-VITA-127,6,109.56,124.02
2026-06-20,VV-VITA-142,7,142.7,149.07
2026-06-20,VV-VITA-151,1,21.26,21.26
2026-06-20,VV-VITA-153,2,29.85,33.84
2026-06-20,VV-VITA-155,4,67.56,71.08
2026-06-20,VV-VITA-158,1,22.12,27.12
2026-06-20,VV-VITA-159,9,159.81,199.64
2026-06-20,VV-VITA-166,1,14.35,18.89
2026-06-20,VV-VITA-171,5,104.65,139.5
2026-06-20,VV-VITA-173,2,30.58,32.56
2026-06-20,VV-VITA-189,1,18.62,18.62
2026-06-20,VV-VITA-198,1,14.54,16.35
2026-06-20,VV-VITA-203,3,45.59,47.06
2026-06-20,VV-VITA-206,2,26.85,30.44
2026-06-20,VV-VITA-208,8,115.28,135.36
2026-06-20,VV-VITA-215,2,37.8,37.8
2026-06-20,VV-VITA-222,2,36.33,38.24
2026-06-20,VV-VITA-223,17,310.64,352.19
2026-06-20,VV-VITA-228,7,137.76,153.76
2026-06-20,VV-VITA-231,8,179.26,199.26
2026-06-20,VV-VITA-237,3,44.18,47.76
2026-06-20,VV-VITA-243,1,17.79,17.79
2026-06-20,VV-VITA-248,2,35.86,35.86
2026-06-20,VV-VITA-250,1,13.83,13.83
2026-06-20,VV-VITA-252,3,64.36,69.09
2026-06-20,VV-VITA-258,2,32.14,32.14
2026-06-20,VV-VITA-262,3,54.7,59.7
2026-06-20,VV-VITA-264,1,19.43,19.43
2026-06-20,VV-VITA-276,4,75.14,80.14
2026-06-20,VV-VITA-284,1,21.51,21.51
2026-06-20,VV-VITA-286,8,134.12,157.75
2026-06-20,VV-VITA-287,1,19.78,19.78
2026-06-20,VV-VITA-298,2,32.62,34.46
2026-06-20,VV-VITA-303,1,15.23,16.92
2026-06-20,VV-VITA-308,3,56.49,66.06
2026-06-20,VV-VITA-310,1,19.92,19.92
2026-06-20,VV-VITA-313,1,18.57,19.77
2026-06-20,VV-VITA-320,15,249.89,279.3
2026-06-20,VV-VITA-329,4,63.18,73.12
2026-06-20,VV-VITA-338,3,53.74,58.33
2026-06-20,VV-VITA-339,1,18.13,18.13
2026-06-20,VV-VITA-342,2,32.86,43.8
2026-06-20,VV-VITA-352,1,17.52,19.47
2026-06-20,VV-VITA-355,6,107.22,118.9
2026-06-20,VV-VITA-359,2,32.14,32.14
2026-06-20,VV-VITA-361,2,30.23,31.66
2026-06-20,VV-VITA-363,1,12.95,13.8
2026-06-20,VV-VITA-364,16,280.32,304.06
2026-06-20,VV-VITA-366,7,91.58,92.85
2026-06-20,VV-VITA-367,1,15.77,15.77
2026-06-20,VV-VITA-369,1,14.19,19.99
2026-06-20,VV-VITA-372,1,18.9,18.9
2026-06-20,VV-VITA-374,3,54.38,54.38
2026-06-20,VV-VITA-377,2,24.08,25.34
2026-06-20,VV-VITA-379,1,18.13,18.13
2026-06-20,VV-VITA-38,2,22.74,25.88
2026-06-20,VV-VITA-380,1,10.63,11.82
2026-06-20,VV-VITA-381,2,29.8,29.8
2026-06-20,VV-VITA-385,1,17.99,17.99
2026-06-20,VV-VITA-386,1,15.76,17.5
2026-06-20,VV-VITA-387,1,21.63,23.26
2026-06-20,VV-VITA-39,4,62.32,73.28
2026-06-20,VV-VITA-391,5,79.76,89.76
2026-06-20,VV-VITA-402,1,17.74,18.9
2026-06-20,VV-VITA-408,2,35.45,37.3
2026-06-20,VV-VITA-410,1,23.32,25.9
2026-06-20,VV-VITA-412,3,53.73,59.7
2026-06-20,VV-VITA-415,2,45.14,47.62
2026-06-20,VV-VITA-417,6,137.78,147.21
2026-06-20,VV-VITA-49,1,16.07,16.07
2026-06-20,VV-VITA-50,2,34.14,35.84
2026-06-20,VV-VITA-57-V,1,28.07,33.07
2026-06-20,VV-VITA-63,1,16.65,16.65
2026-06-20,VV-VITA-88,2,45.8,48.2
2026-06-20,VV-VITA-90,10,44.12,178.86
2026-06-20,VV-VITA-94,1,23.31,25.9
2026-06-21,,29,413.61,443.77
2026-06-21,BJ-E223-8EKW,4,70.7,73.34
2026-06-21,CP-DQMG-RVN9,3,53.07,55.86
2026-06-21,CW-KVIN-V39Y,3,66.84,69.42
2026-06-21,VV-VITA-101,5,90.88,100.42
2026-06-21,VV-VITA-109,1,16.07,16.07
2026-06-21,VV-VITA-116,3,47.7,47.7
2026-06-21,VV-VITA-119,2,30.89,30.89
2026-06-21,VV-VITA-121,1,12.55,17.09
2026-06-21,VV-VITA-122,1,19.13,19.13
2026-06-21,VV-VITA-124,2,44.74,44.74
2026-06-21,VV-VITA-127,4,70.28,82.68
2026-06-21,VV-VITA-136,1,16.24,22.49
2026-06-21,VV-VITA-142,2,43.16,43.16
2026-06-21,VV-VITA-146,1,17.26,17.26
2026-06-21,VV-VITA-151,4,88.24,99.41
2026-06-21,VV-VITA-153,2,35.95,37.84
2026-06-21,VV-VITA-155,4,85.78,88.01
2026-06-21,VV-VITA-157,7,97.48,98.84
2026-06-21,VV-VITA-158,4,100.78,108.48
2026-06-21,VV-VITA-159,2,40.9,40.9
2026-06-21,VV-VITA-166,6,81.21,91.76
2026-06-21,VV-VITA-168,1,20.3,20.3
2026-06-21,VV-VITA-171,1,25.9,25.9
2026-06-21,VV-VITA-174,1,16.1,16.1
2026-06-21,VV-VITA-183,4,88.08,103.6
2026-06-21,VV-VITA-199,3,48.61,51.79
2026-06-21,VV-VITA-203,2,32.82,34.52
2026-06-21,VV-VITA-208,9,145.11,161.45
2026-06-21,VV-VITA-216,1,19.85,19.85
2026-06-21,VV-VITA-222,2,36.32,38.24
2026-06-21,VV-VITA-223,16,291.97,323.11
2026-06-21,VV-VITA-228,5,96.76,106.65
2026-06-21,VV-VITA-231,7,142.56,159
2026-06-21,VV-VITA-243,7,109.5,133.26
2026-06-21,VV-VITA-247,1,19.78,19.78
2026-06-21,VV-VITA-249,5,98.07,114.73
2026-06-21,VV-VITA-252,2,40.35,44.89
2026-06-21,VV-VITA-256,6,103.2,116.82
2026-06-21,VV-VITA-257,3,51.96,59
2026-06-21,VV-VITA-276,4,67.17,77.48
2026-06-21,VV-VITA-287,4,67.6,67.6
2026-06-21,VV-VITA-295,1,14.94,21.84
2026-06-21,VV-VITA-301,2,31.61,33.2
2026-06-21,VV-VITA-304,2,23.39,34.18
2026-06-21,VV-VITA-308,2,36.87,41.87
2026-06-21,VV-VITA-313,2,36.09,37.98
2026-06-21,VV-VITA-320,12,218.27,238.83
2026-06-21,VV-VITA-329,5,82.96,89.68
2026-06-21,VV-VITA-339,1,18.13,18.13
2026-06-21,VV-VITA-342,1,21.9,21.9
2026-06-21,VV-VITA-344,5,79.5,94.47
2026-06-21,VV-VITA-352,2,33.3,38.94
2026-06-21,VV-VITA-354,6,118.03,134.67
2026-06-21,VV-VITA-355,5,88.14,107.3
2026-06-21,VV-VITA-364,14,249.63,265.71
2026-06-21,VV-VITA-366,5,50.44,57.14
2026-06-21,VV-VITA-367,8,132.85,144.87
2026-06-21,VV-VITA-369,3,0,0
2026-06-21,VV-VITA-377,2,24.08,25.34
2026-06-21,VV-VITA-379,3,45.95,48.36
2026-06-21,VV-VITA-381,10,147.28,152.01
2026-06-21,VV-VITA-382,1,18.9,18.9
2026-06-21,VV-VITA-387,2,0,0
2026-06-21,VV-VITA-389,4,88.53,104.11
2026-06-21,VV-VITA-39,1,14.11,15.44
2026-06-21,VV-VITA-395,1,14.26,18.8
2026-06-21,VV-VITA-398,2,22.35,28.32
2026-06-21,VV-VITA-399,1,17.44,19.92
2026-06-21,VV-VITA-402,1,18.11,18.11
2026-06-21,VV-VITA-403,1,15.92,15.92
2026-06-21,VV-VITA-405,2,26.1,27.04
2026-06-21,VV-VITA-407,1,0,0
2026-06-21,VV-VITA-412,1,19.99,19.99
2026-06-21,VV-VITA-417,9,207.5,222.28
2026-06-21,VV-VITA-49,5,73.6,89.99
2026-06-21,VV-VITA-50,9,148.33,162.12
2026-06-21,VV-VITA-57-V,1,29.76,33.07
2026-06-21,VV-VITA-57-V2,3,56.9,60.96
2026-06-21,VV-VITA-90,11,94.17,192.96
2026-06-21,VV-VITA-93,2,25.7,30.1
2026-06-22,,47,624.37,697.03
2026-06-22,BJ-E223-8EKW,8,140.33,147.63
2026-06-22,TU-QNYD-JRRX,6,71.47,81.02
2026-06-22,VV-VITA-101,3,55.43,59.08
2026-06-22,VV-VITA-107,4,54.56,57.39
2026-06-22,VV-VITA-116,1,12.37,12.37
2026-06-22,VV-VITA-121,5,87.28,96.06
2026-06-22,VV-VITA-122,7,115.01,145.67
2026-06-22,VV-VITA-124,6,124.1,134.22
2026-06-22,VV-VITA-136,2,36.35,40.89
2026-06-22,VV-VITA-142,8,145.45,171.08
2026-06-22,VV-VITA-151,13,244.86,266.06
2026-06-22,VV-VITA-153,1,18.92,18.92
2026-06-22,VV-VITA-155,5,85.31,88.85
2026-06-22,VV-VITA-157,2,27.8,27.8
2026-06-22,VV-VITA-159,4,69.53,81.78
2026-06-22,VV-VITA-168,2,35.75,40.75
2026-06-22,VV-VITA-171,2,41.86,55.8
2026-06-22,VV-VITA-173,1,16.92,16.92
2026-06-22,VV-VITA-188,1,18.99,18.99
2026-06-22,VV-VITA-189,4,63.32,74.48
2026-06-22,VV-VITA-198,4,55.02,72.5
2026-06-22,VV-VITA-202,1,11.72,12.72
2026-06-22,VV-VITA-203,12,194.29,202.27
2026-06-22,VV-VITA-208,5,74.48,84.6
2026-06-22,VV-VITA-216,-1,-16.78,15.38
2026-06-22,VV-VITA-222,5,85.59,97.03
2026-06-22,VV-VITA-223,19,329.3,430.64
2026-06-22,VV-VITA-228,3,56.94,58.88
2026-06-22,VV-VITA-231,16,308.95,396.27
2026-06-22,VV-VITA-237,5,73.5,80.08
2026-06-22,VV-VITA-243,5,92.62,95.41
2026-06-22,VV-VITA-248,4,61,71.72
2026-06-22,VV-VITA-249,1,20.32,20.32
2026-06-22,VV-VITA-256,1,22.45,22.45
2026-06-22,VV-VITA-257,1,17.76,17.76
2026-06-22,VV-VITA-258,1,16.07,16.07
2026-06-22,VV-VITA-259,4,82.22,96.69
2026-06-22,VV-VITA-276,5,101.63,103.99
2026-06-22,VV-VITA-277,1,11.87,12.9
2026-06-22,VV-VITA-286,5,87.56,105.53
2026-06-22,VV-VITA-287,5,82.81,84.5
2026-06-22,VV-VITA-298,1,22.45,22.45
2026-06-22,VV-VITA-301,2,34.18,53.77
2026-06-22,VV-VITA-303,3,49.06,49.06
2026-06-22,VV-VITA-304,2,28.24,28.24
2026-06-22,VV-VITA-308,5,97.13,110.1
2026-06-22,VV-VITA-310,1,20.63,20.63
2026-06-22,VV-VITA-320,8,134.77,146.01
2026-06-22,VV-VITA-326,1,16.1,20.64
2026-06-22,VV-VITA-338,2,44.32,46.65
2026-06-22,VV-VITA-342,6,96.24,108.75
2026-06-22,VV-VITA-344,2,37.8,37.8
2026-06-22,VV-VITA-345,5,97.26,104.75
2026-06-22,VV-VITA-352,5,110.73,116.54
2026-06-22,VV-VITA-355,3,59.24,61.27
2026-06-22,VV-VITA-359,1,11.07,16.07
2026-06-22,VV-VITA-363,1,11.8,11.8
2026-06-22,VV-VITA-364,10,181.89,188.3
2026-06-22,VV-VITA-366,2,24.67,25.68
2026-06-22,VV-VITA-367,7,83.98,106.51
2026-06-22,VV-VITA-368,6,74.33,93.11
2026-06-22,VV-VITA-369,1,17.26,17.26
2026-06-22,VV-VITA-371,1,15.9,15.9
2026-06-22,VV-VITA-372,1,17.24,18.9
2026-06-22,VV-VITA-374,1,16.33,16.33
2026-06-22,VV-VITA-375,2,32.59,32.59
2026-06-22,VV-VITA-379,2,26,30.4
2026-06-22,VV-VITA-38,1,12.95,12.95
2026-06-22,VV-VITA-380,2,21.49,21.49
2026-06-22,VV-VITA-381,7,104.57,109.09
2026-06-22,VV-VITA-386,1,20.35,20.35
2026-06-22,VV-VITA-39,6,104.45,109.86
2026-06-22,VV-VITA-394,5,65.88,87.81
2026-06-22,VV-VITA-395,1,19.75,37.71
2026-06-22,VV-VITA-399,2,39.84,39.84
2026-06-22,VV-VITA-401,1,19.91,19.91
2026-06-22,VV-VITA-402,7,131.18,137.4
2026-06-22,VV-VITA-403,3,45.91,50.91
2026-06-22,VV-VITA-405,1,10.99,10.99
2026-06-22,VV-VITA-410,1,19.63,19.63
2026-06-22,VV-VITA-414,2,53.25,53.25
2026-06-22,VV-VITA-417,5,113.74,147.56
2026-06-22,VV-VITA-46,2,31.65,34.88
2026-06-22,VV-VITA-49,4,66.32,69.66
2026-06-22,VV-VITA-50,4,74.61,74.61
2026-06-22,VV-VITA-57-V2,1,21.58,21.58
2026-06-22,VV-VITA-88,1,24.17,24.17
2026-06-22,VV-VITA-90,10,28.19,192.67
2026-06-22,VV-VITA-93,4,50.72,67.6
2026-06-23,,22,317.66,352.86
2026-06-23,BJ-E223-8EKW,-2,-41.24,0
2026-06-23,CW-KVIN-V39Y,3,66.84,69.42
2026-06-23,VV-VITA-02,2,34.52,34.52
2026-06-23,VV-VITA-101,0,-1.65,20.37
2026-06-23,VV-VITA-102,1,16.92,16.92
2026-06-23,VV-VITA-111,3,49.62,59.65
2026-06-23,VV-VITA-116,1,12.72,17.26
2026-06-23,VV-VITA-119,2,32.38,32.38
2026-06-23,VV-VITA-121,5,75.19,90.05
2026-06-23,VV-VITA-122,1,18.78,19.85
2026-06-23,VV-VITA-124,2,41.73,46.27
2026-06-23,VV-VITA-127,4,80.54,82.58
2026-06-23,VV-VITA-136,1,18.4,20.44
2026-06-23,VV-VITA-142,1,21.58,21.58
2026-06-23,VV-VITA-151,1,24.1,24.1
2026-06-23,VV-VITA-153,-3,-40.64,16.92
2026-06-23,VV-VITA-155,15,253.06,289.41
2026-06-23,VV-VITA-157,2,22.8,27.8
2026-06-23,VV-VITA-158,7,167.82,177.49
2026-06-23,VV-VITA-159,6,109.81,130.55
2026-06-23,VV-VITA-168,6,109.94,122.1
2026-06-23,VV-VITA-171,4,79.26,103.58
2026-06-23,VV-VITA-172,8,139.88,139.88
2026-06-23,VV-VITA-189,1,19.85,19.85
2026-06-23,VV-VITA-197,7,144.31,163.28
2026-06-23,VV-VITA-199,3,51.79,51.79
2026-06-23,VV-VITA-203,8,114.46,136.73
2026-06-23,VV-VITA-204,1,12.63,15.12
2026-06-23,VV-VITA-208,5,68.73,84.6
2026-06-23,VV-VITA-215,1,12.29,18.9
2026-06-23,VV-VITA-216,3,51.04,52.84
2026-06-23,VV-VITA-223,15,274.93,311.72
2026-06-23,VV-VITA-228,3,53.88,58.86
2026-06-23,VV-VITA-231,25,505.34,559.13
2026-06-23,VV-VITA-237,1,12.93,15.92
2026-06-23,VV-VITA-243,12,201.63,223.95
2026-06-23,VV-VITA-248,5,78.76,88.5
2026-06-23,VV-VITA-249,1,15.32,20.32
2026-06-23,VV-VITA-252,2,37.34,41.92
2026-06-23,VV-VITA-256,2,37.9,39.84
2026-06-23,VV-VITA-257,2,30.41,32.29
2026-06-23,VV-VITA-276,5,88.99,96.64
2026-06-23,VV-VITA-286,3,56.2,58.06
2026-06-23,VV-VITA-287,1,12.93,16.9
2026-06-23,VV-VITA-298,3,48.09,54.96
2026-06-23,VV-VITA-301,1,15.92,15.92
2026-06-23,VV-VITA-304,1,12.7,12.7
2026-06-23,VV-VITA-313,-1,-15.46,0
2026-06-23,VV-VITA-316,1,14.9,19.9
2026-06-23,VV-VITA-317,1,17.13,18.13
2026-06-23,VV-VITA-320,6,102.55,108.11
2026-06-23,VV-VITA-338,1,19.58,20.71
2026-06-23,VV-VITA-342,4,66.49,69.05
2026-06-23,VV-VITA-344,3,53.5,56.69
2026-06-23,VV-VITA-355,14,249.2,282.5
2026-06-23,VV-VITA-361,1,17.66,83.44
2026-06-23,VV-VITA-364,19,331.21,356.28
2026-06-23,VV-VITA-366,1,9.69,12.7
2026-06-23,VV-VITA-367,7,105.2,121.29
2026-06-23,VV-VITA-369,1,0,0
2026-06-23,VV-VITA-375,1,15.2,15.2
2026-06-23,VV-VITA-377,2,18.49,23.03
2026-06-23,VV-VITA-379,4,64.27,69.57
2026-06-23,VV-VITA-38,6,82.7,83.99
2026-06-23,VV-VITA-383,2,32.35,34.52
2026-06-23,VV-VITA-39,1,15.45,15.45
2026-06-23,VV-VITA-390,1,22.37,22.37
2026-06-23,VV-VITA-391,-4,-77.24,22.08
2026-06-23,VV-VITA-392,1,14.73,16.35
2026-06-23,VV-VITA-393,2,33.01,34.58
2026-06-23,VV-VITA-394,1,18.82,20.9
2026-06-23,VV-VITA-395,2,35.91,37.8
2026-06-23,VV-VITA-398,4,47.28,55.6
2026-06-23,VV-VITA-400,4,51.74,59.72
2026-06-23,VV-VITA-403,5,61.09,145.28
2026-06-23,VV-VITA-405,1,13.52,13.52
2026-06-23,VV-VITA-411,3,51.01,53.09
2026-06-23,VV-VITA-417,14,267.8,347.27
2026-06-23,VV-VITA-46,8,103.48,135.2
2026-06-23,VV-VITA-49,3,49.83,52.57
2026-06-23,VV-VITA-50,7,97.46,121.37
2026-06-23,VV-VITA-57-V2,1,21.58,21.58
2026-06-23,VV-VITA-88,2,31.07,40.64
2026-06-23,VV-VITA-90,9,-2.32,172.26
2026-06-23,VV-VITA-94,1,22.53,25.03
2026-06-24,,10,111.51,143.84
2026-06-24,VI-ZU99-SZ0B,2,24.13,28.67
2026-06-24,VV-VITA-105,1,16.89,16.89
2026-06-24,VV-VITA-116,1,16.27,16.27
2026-06-24,VV-VITA-119,4,61.79,61.79
2026-06-24,VV-VITA-124,6,114.53,130.01
2026-06-24,VV-VITA-127,6,118.87,124.02
2026-06-24,VV-VITA-129,1,17.26,17.26
2026-06-24,VV-VITA-136,1,20.45,20.45
2026-06-24,VV-VITA-151,3,59.72,61.64
2026-06-24,VV-VITA-153,1,16.92,16.92
2026-06-24,VV-VITA-158,3,74.81,77.51
2026-06-24,VV-VITA-165,1,25.9,25.9
2026-06-24,VV-VITA-168,3,58.88,60.9
2026-06-24,VV-VITA-170,1,15.46,15.46
2026-06-24,VV-VITA-183,1,25.9,25.9
2026-06-24,VV-VITA-188,1,11.51,12.78
2026-06-24,VV-VITA-198,2,32.71,32.71
2026-06-24,VV-VITA-207,3,45.76,50.76
2026-06-24,VV-VITA-208,4,64.32,67.68
2026-06-24,VV-VITA-216,1,19.85,19.85
2026-06-24,VV-VITA-222,1,17.21,19.12
2026-06-24,VV-VITA-223,30,515.5,598.45
2026-06-24,VV-VITA-228,3,56.71,62.15
2026-06-24,VV-VITA-231,9,198.54,217.96
2026-06-24,VV-VITA-237,3,44.67,50.84
2026-06-24,VV-VITA-243,2,37.65,37.65
2026-06-24,VV-VITA-248,4,60.64,62.06
2026-06-24,VV-VITA-256,3,59.31,59.31
2026-06-24,VV-VITA-262,2,44.89,44.89
2026-06-24,VV-VITA-276,8,169.56,184.61
2026-06-24,VV-VITA-284,1,16.52,18.47
2026-06-24,VV-VITA-286,1,21.53,21.53
2026-06-24,VV-VITA-301,2,28.55,30.04
2026-06-24,VV-VITA-303,4,72.56,72.56
2026-06-24,VV-VITA-304,2,31.07,31.07
2026-06-24,VV-VITA-313,5,70.43,79.47
2026-06-24,VV-VITA-317,5,84.5,84.5
2026-06-24,VV-VITA-320,2,33.14,51.51
2026-06-24,VV-VITA-326,1,19.08,19.08
2026-06-24,VV-VITA-329,2,32.96,34.34
2026-06-24,VV-VITA-338,1,20.72,20.72
2026-06-24,VV-VITA-339,1,18.13,18.13
2026-06-24,VV-VITA-342,2,39.16,39.16
2026-06-24,VV-VITA-344,2,37.8,37.8
2026-06-24,VV-VITA-345,1,21.51,21.51
2026-06-24,VV-VITA-352,2,37,38.94
2026-06-24,VV-VITA-354,4,77.49,91.16
2026-06-24,VV-VITA-361,5,76.86,89.48
2026-06-24,VV-VITA-363,1,6.8,11.8
2026-06-24,VV-VITA-367,1,18.44,18.44
2026-06-24,VV-VITA-368,1,17.9,17.9
2026-06-24,VV-VITA-369,1,0,0
2026-06-24,VV-VITA-372,2,35.91,37.8
2026-06-24,VV-VITA-375,3,43.17,46.05
2026-06-24,VV-VITA-379,1,18.13,18.13
2026-06-24,VV-VITA-38,2,23.17,25.88
2026-06-24,VV-VITA-383,1,17.26,17.26
2026-06-24,VV-VITA-387,2,0,0
2026-06-24,VV-VITA-403,1,15.92,15.92
2026-06-24,VV-VITA-405,1,12.17,13.52
2026-06-24,VV-VITA-407,3,41.86,41.86
2026-06-24,VV-VITA-408,1,21.17,21.17
2026-06-24,VV-VITA-410,1,25.9,25.9
2026-06-24,VV-VITA-411,2,34.47,35.74
2026-06-24,VV-VITA-413,3,86.77,86.77
2026-06-24,VV-VITA-414,1,21.86,24.45
2026-06-24,VV-VITA-417,6,117.78,122.67
2026-06-24,VV-VITA-46,6,87.72,103.58
2026-06-24,VV-VITA-49,1,18.99,18.99
2026-06-24,VV-VITA-88,3,56.57,63.74
2026-06-24,VV-VITA-90,7,0,125.09
2026-06-24,VV-VITA-94,3,72.43,76.83
2026-06-25,,14,167.76,206.08
2026-06-25,BJ-E223-8EKW,3,60.63,60.63
2026-06-25,CP-DQMG-RVN9,1,18.05,18.05
2026-06-25,VI-ZU99-SZ0B,6,74.24,74.24
2026-06-25,VV-VITA-02,3,51.07,51.07
2026-06-25,VV-VITA-107,42,515.97,595.56
2026-06-25,VV-VITA-109,3,45.27,45.27
2026-06-25,VV-VITA-116,1,17.26,17.26
2026-06-25,VV-VITA-119,7,87.86,111.87
2026-06-25,VV-VITA-121,5,79.73,89.98
2026-06-25,VV-VITA-122,1,14.94,21.84
2026-06-25,VV-VITA-124,1,22.37,22.37
2026-06-25,VV-VITA-127,1,20.67,20.67
2026-06-25,VV-VITA-136,2,37.83,40.34
2026-06-25,VV-VITA-142,8,142.81,176
2026-06-25,VV-VITA-151,5,92.48,102.02
2026-06-25,VV-VITA-153,2,28.47,41.62
2026-06-25,VV-VITA-157,1,13.9,13.9
2026-06-25,VV-VITA-158,4,83.85,98.61
2026-06-25,VV-VITA-159,3,33.53,242.53
2026-06-25,VV-VITA-165,1,22.96,24.6
2026-06-25,VV-VITA-168,2,38.58,40.6
2026-06-25,VV-VITA-170,7,89.17,106.18
2026-06-25,VV-VITA-183,2,46.43,48.86
2026-06-25,VV-VITA-188,2,28.72,28.72
2026-06-25,VV-VITA-190,10,132.38,158.39
2026-06-25,VV-VITA-197,3,46.03,84.49
2026-06-25,VV-VITA-198,8,106.95,152.1
2026-06-25,VV-VITA-202,1,11.98,12.72
2026-06-25,VV-VITA-203,2,25.99,37.98
2026-06-25,VV-VITA-207,6,88.22,91.15
2026-06-25,VV-VITA-208,5,76.79,81.52
2026-06-25,VV-VITA-222,28,435.9,533.61
2026-06-25,VV-VITA-223,8,147.24,212.44
2026-06-25,VV-VITA-225,24,326.16,501.6
2026-06-25,VV-VITA-228,12,190.95,264.98
2026-06-25,VV-VITA-230,0,-0.52,20.72
2026-06-25,VV-VITA-231,47,838.57,957.17
2026-06-25,VV-VITA-237,4,54.16,63.68
2026-06-25,VV-VITA-243,11,173.78,212.12
2026-06-25,VV-VITA-247,2,32.16,33.84
2026-06-25,VV-VITA-249,12,186.42,243.84
2026-06-25,VV-VITA-252,1,17.9,22.44
2026-06-25,VV-VITA-259,6,112.32,132.12
2026-06-25,VV-VITA-276,15,274.4,313.69
2026-06-25,VV-VITA-286,-1,-20.39,0
2026-06-25,VV-VITA-295,4,84.83,99.8
2026-06-25,VV-VITA-298,2,43.02,44.89
2026-06-25,VV-VITA-301,3,44.42,46.79
2026-06-25,VV-VITA-303,1,15.75,15.75
2026-06-25,VV-VITA-307,3,31.18,45.57
2026-06-25,VV-VITA-316,15,194.1,298.5
2026-06-25,VV-VITA-320,13,217.62,249.91
2026-06-25,VV-VITA-326,6,102.98,131.94
2026-06-25,VV-VITA-329,10,141.8,192.64
2026-06-25,VV-VITA-336,4,59.75,64.48
2026-06-25,VV-VITA-338,2,31.45,32.25
2026-06-25,VV-VITA-342,10,155.62,214.36
2026-06-25,VV-VITA-344,6,108.82,122.56
2026-06-25,VV-VITA-352,6,112.68,147.3
2026-06-25,VV-VITA-354,2,41.67,43.8
2026-06-25,VV-VITA-355,8,142.49,158.78
2026-06-25,VV-VITA-359,1,14.29,20.89
2026-06-25,VV-VITA-361,6,80.18,92.12
2026-06-25,VV-VITA-363,9,106.32,111.21
2026-06-25,VV-VITA-364,5,85.41,86.92
2026-06-25,VV-VITA-365,18,174.42,268.2
2026-06-25,VV-VITA-366,1,10.33,10.33
2026-06-25,VV-VITA-367,1,14.55,14.55
2026-06-25,VV-VITA-369,3,38.37,59.97
2026-06-25,VV-VITA-371,3,31.02,47.7
2026-06-25,VV-VITA-372,1,15.37,15.37
2026-06-25,VV-VITA-375,1,17.99,17.99
2026-06-25,VV-VITA-376,3,31.02,47.7
2026-06-25,VV-VITA-377,7,78.05,85.63
2026-06-25,VV-VITA-379,5,57.18,70.47
2026-06-25,VV-VITA-38,2,19.49,28.48
2026-06-25,VV-VITA-386,1,16.5,17.5
2026-06-25,VV-VITA-389,1,20.45,20.45
2026-06-25,VV-VITA-39,18,267.93,329.76
2026-06-25,VV-VITA-390,1,22.08,22.08
2026-06-25,VV-VITA-391,3,50.76,50.76
2026-06-25,VV-VITA-393,1,18.9,18.9
2026-06-25,VV-VITA-395,1,18.9,18.9
2026-06-25,VV-VITA-398,1,13.1,13.9
2026-06-25,VV-VITA-403,1,19.07,19.07
2026-06-25,VV-VITA-405,1,12.17,13.52
2026-06-25,VV-VITA-411,1,18.3,18.3
2026-06-25,VV-VITA-412,1,19.99,19.99
2026-06-25,VV-VITA-413,1,27.18,27.18
2026-06-25,VV-VITA-46,6,92.1,119.58
2026-06-25,VV-VITA-50,4,59.77,87.36
2026-06-25,VV-VITA-57-V,1,33.67,33.67
2026-06-25,VV-VITA-88,8,147.87,185.22
2026-06-25,VV-VITA-90,7,69.74,119.71
2026-06-25,VV-VITA-93,4,58.11,72.42
2026-06-25,VV-VITA-94,1,24.41,25.9
2026-06-26,,-3,59.07,230.85
2026-06-26,VV-VITA-101,1,20.72,20.72
2026-06-26,VV-VITA-109,1,14.72,15.46
2026-06-26,VV-VITA-111,1,19.85,19.85
2026-06-26,VV-VITA-116,1,11.47,13.58
2026-06-26,VV-VITA-124,1,22.37,22.37
2026-06-26,VV-VITA-127,8,101.21,132.29
2026-06-26,VV-VITA-136,6,119.95,119.95
2026-06-26,VV-VITA-142,3,62.6,64.74
2026-06-26,VV-VITA-151,4,81.93,85.04
2026-06-26,VV-VITA-157,1,13.9,13.9
2026-06-26,VV-VITA-158,-1,-20.11,0
2026-06-26,VV-VITA-159,-1,-2.72,87.27
2026-06-26,VV-VITA-165,1,25.9,25.9
2026-06-26,VV-VITA-171,2,49.22,51.8
2026-06-26,VV-VITA-172,3,46.09,46.09
2026-06-26,VV-VITA-188,1,13.96,13.96
2026-06-26,VV-VITA-197,5,100.49,114.48
2026-06-26,VV-VITA-198,1,14.73,16.35
2026-06-26,VV-VITA-222,2,44.91,47.25
2026-06-26,VV-VITA-223,18,316.54,362.5
2026-06-26,VV-VITA-228,3,56,58.87
2026-06-26,VV-VITA-231,3,61.74,90.91
2026-06-26,VV-VITA-237,6,81.24,95.52
2026-06-26,VV-VITA-243,19,301.39,369.68
2026-06-26,VV-VITA-247,5,80.79,85
2026-06-26,VV-VITA-248,1,15.51,16.3
2026-06-26,VV-VITA-252,1,20.82,23.33
2026-06-26,VV-VITA-257,4,60.4,71.04
2026-06-26,VV-VITA-276,19,329.09,371.44
2026-06-26,VV-VITA-287,8,135.1,142.86
2026-06-26,VV-VITA-298,3,64.43,64.43
2026-06-26,VV-VITA-301,-1,-15.24,0
2026-06-26,VV-VITA-303,1,15.49,16.27
2026-06-26,VV-VITA-307,2,27.62,27.62
2026-06-26,VV-VITA-313,3,54.76,56.63
2026-06-26,VV-VITA-316,2,31.07,31.07
2026-06-26,VV-VITA-318,1,16.12,16.12
2026-06-26,VV-VITA-319,1,18.26,18.26
2026-06-26,VV-VITA-320,3,44.77,51.5
2026-06-26,VV-VITA-326,3,57.98,59.87
2026-06-26,VV-VITA-329,4,76.2,78.42
2026-06-26,VV-VITA-338,1,16.17,20.71
2026-06-26,VV-VITA-339,4,66.08,66.08
2026-06-26,VV-VITA-342,2,38.34,39.16
2026-06-26,VV-VITA-344,6,103.57,113.38
2026-06-26,VV-VITA-352,-1,-20.61,0
2026-06-26,VV-VITA-361,1,17.26,17.26
2026-06-26,VV-VITA-364,13,220.18,242.3
2026-06-26,VV-VITA-366,1,14.67,14.67
2026-06-26,VV-VITA-367,3,50.18,52.42
2026-06-26,VV-VITA-374,1,12.76,15.1
2026-06-26,VV-VITA-376,1,15.9,15.9
2026-06-26,VV-VITA-377,3,35.69,37.54
2026-06-26,VV-VITA-379,4,61.64,72.51
2026-06-26,VV-VITA-38,2,22.46,38.83
2026-06-26,VV-VITA-39,2,33.16,34.82
2026-06-26,VV-VITA-394,2,33.44,42.52
2026-06-26,VV-VITA-400,2,27.05,29.07
2026-06-26,VV-VITA-402,2,34.73,36.54
2026-06-26,VV-VITA-403,4,60.52,63.68
2026-06-26,VV-VITA-408,5,82.19,103.99
2026-06-26,VV-VITA-411,1,16.61,17.44
2026-06-26,VV-VITA-413,1,26.82,28.17
2026-06-26,VV-VITA-417,2,44.17,49.06
2026-06-26,VV-VITA-46,6,94.66,107.93
2026-06-26,VV-VITA-49,2,37.98,37.98
2026-06-26,VV-VITA-57-V,1,29.13,33.67
2026-06-26,VV-VITA-88,2,41.23,43.4
2026-06-26,VV-VITA-90,5,17.77,108.1
2026-06-26,VV-VITA-93,2,33.8,33.8
2026-06-27,,7,117.6,124.69
2026-06-27,BJ-E223-8EKW,1,25.45,25.45
2026-06-27,NX-CVPF-VCEZ,2,39.72,41.8
2026-06-27,VV-VITA-02,2,36.35,36.35
2026-06-27,VV-VITA-119,1,19.91,19.91
2026-06-27,VV-VITA-124,1,21.51,23.9
2026-06-27,VV-VITA-151,3,54.8,73.24
2026-06-27,VV-VITA-157,5,64.5,69.5
2026-06-27,VV-VITA-159,3,65.9,68.15
2026-06-27,VV-VITA-183,6,132.12,155.4
2026-06-27,VV-VITA-188,1,17.9,17.9
2026-06-27,VV-VITA-202,2,32.54,32.54
2026-06-27,VV-VITA-215,3,52.7,57.24
2026-06-27,VV-VITA-222,1,23.63,23.63
2026-06-27,VV-VITA-223,1,23.9,23.9
2026-06-27,VV-VITA-228,5,99.69,113.41
2026-06-27,VV-VITA-231,7,169.41,189.68
2026-06-27,VV-VITA-243,4,19.71,91.69
2026-06-27,VV-VITA-247,4,74.02,79.94
2026-06-27,VV-VITA-248,2,49.09,49.09
2026-06-27,VV-VITA-249,2,47.5,47.5
2026-06-27,VV-VITA-250,1,10.82,15.36
2026-06-27,VV-VITA-257,9,215.81,253.89
2026-06-27,VV-VITA-276,6,136.02,148.67
2026-06-27,VV-VITA-277,1,11.31,12.9
2026-06-27,VV-VITA-287,3,54.7,59.7
2026-06-27,VV-VITA-301,1,17.26,17.26
2026-06-27,VV-VITA-326,2,47.32,49.8
2026-06-27,VV-VITA-329,1,17.68,19.9
2026-06-27,VV-VITA-346,1,15.45,15.45
2026-06-27,VV-VITA-364,6,126.52,130.68
2026-06-27,VV-VITA-367,1,16.55,17.37
2026-06-27,VV-VITA-369,1,0,0
2026-06-27,VV-VITA-377,1,14.9,14.9
2026-06-27,VV-VITA-380,2,22.8,27.8
2026-06-27,VV-VITA-386,2,43.8,43.8
2026-06-27,VV-VITA-387,1,0,0
2026-06-27,VV-VITA-389,1,22.72,22.72
2026-06-27,VV-VITA-39,1,15.36,19.9
2026-06-27,VV-VITA-398,4,53.25,58.18
2026-06-27,VV-VITA-400,4,50.8,59.72
2026-06-27,VV-VITA-403,4,67.68,79.6
2026-06-27,VV-VITA-408,1,24.55,24.55
2026-06-27,VV-VITA-49,4,64.28,75.6
2026-06-27,VV-VITA-57-V,1,38.9,38.9
2026-06-27,VV-VITA-88,2,48.36,50.88
2026-06-27,VV-VITA-93,1,15.21,16.9
2026-06-28,,11,188.42,206.07
2026-06-28,CP-DQMG-RVN9,3,63.52,65.7
2026-06-28,NX-CVPF-VCEZ,1,20.9,20.9
2026-06-28,VI-ZU99-SZ0B,1,15.46,17.17
2026-06-28,VV-VITA-101,1,19.81,19.81
2026-06-28,VV-VITA-105,1,19.99,19.99
2026-06-28,VV-VITA-119,1,10.37,19.99
2026-06-28,VV-VITA-159,10,197.33,244.44
2026-06-28,VV-VITA-174,2,40.89,45.43
2026-06-28,VV-VITA-183,2,44.75,47.09
2026-06-28,VV-VITA-188,2,35.8,35.8
2026-06-28,VV-VITA-198,3,40.7,56.24
2026-06-28,VV-VITA-199,2,36.18,36.18
2026-06-28,VV-VITA-215,5,92.49,97.22
2026-06-28,VV-VITA-222,1,23.9,23.9
2026-06-28,VV-VITA-223,10,189.65,216.09
2026-06-28,VV-VITA-228,2,44.71,44.71
2026-06-28,VV-VITA-231,10,244.44,272.73
2026-06-28,VV-VITA-237,1,18.86,18.86
2026-06-28,VV-VITA-243,1,0,21.9
2026-06-28,VV-VITA-247,1,20.82,20.82
2026-06-28,VV-VITA-249,2,42.46,47.19
2026-06-28,VV-VITA-250,3,57.25,57.25
2026-06-28,VV-VITA-258,1,18.9,18.9
2026-06-28,VV-VITA-259,2,48.36,50.88
2026-06-28,VV-VITA-276,2,50.26,52.89
2026-06-28,VV-VITA-298,1,22.9,22.9
2026-06-28,VV-VITA-307,1,13.46,14.53
2026-06-28,VV-VITA-326,2,41.25,43.41
2026-06-28,VV-VITA-329,1,19.9,19.9
2026-06-28,VV-VITA-342,1,18.17,18.17
2026-06-28,VV-VITA-344,4,88.69,94.5
2026-06-28,VV-VITA-361,4,61.82,72.69
2026-06-28,VV-VITA-363,1,12.72,17.26
2026-06-28,VV-VITA-367,5,72.97,89.77
2026-06-28,VV-VITA-368,1,17.9,17.9
2026-06-28,VV-VITA-369,1,0,0
2026-06-28,VV-VITA-371,3,54.52,54.52
2026-06-28,VV-VITA-375,1,17.22,19.99
2026-06-28,VV-VITA-387,1,0,0
2026-06-28,VV-VITA-389,1,22.72,22.72
2026-06-28,VV-VITA-402,1,20.94,26.04
2026-06-28,VV-VITA-49,2,37.3,38.89
2026-06-28,VV-VITA-57-V2,2,39.12,45.43
2026-06-28,VV-VITA-63,1,19.08,19.08
2026-06-28,VV-VITA-90,1,18.17,18.17
2026-06-28,VV-VITA-93,1,16.9,16.9
2026-06-29,,6,116.18,130.85
2026-06-29,BJ-E223-8EKW,4,103.76,124.5
2026-06-29,CP-DQMG-RVN9,1,19.99,19.99
2026-06-29,CW-KVIN-V39Y,-2,-33.78,0
2026-06-29,NX-CVPF-VCEZ,1,18,23.99
2026-06-29,VI-ZU99-SZ0B,1,17.9,17.9
2026-06-29,VV-VITA-101,1,20.89,20.89
2026-06-29,VV-VITA-127,8,160.58,184.25
2026-06-29,VV-VITA-136,1,22.72,22.72
2026-06-29,VV-VITA-146,1,14.9,19.9
2026-06-29,VV-VITA-151,4,89.93,105.77
2026-06-29,VV-VITA-155,3,60.69,65.23
2026-06-29,VV-VITA-158,2,46.35,50.89
2026-06-29,VV-VITA-159,1,25.9,25.9
2026-06-29,VV-VITA-168,4,73.82,86.82
2026-06-29,VV-VITA-170,5,89.5,94.5
2026-06-29,VV-VITA-171,1,24.55,27.26
2026-06-29,VV-VITA-183,1,19.99,24.53
2026-06-29,VV-VITA-207,3,59.7,59.7
2026-06-29,VV-VITA-223,13,276.93,301.44
2026-06-29,VV-VITA-224,-1,-19.9,0
2026-06-29,VV-VITA-228,1,21.81,21.81
2026-06-29,VV-VITA-231,4,106.22,108.95
2026-06-29,VV-VITA-243,7,81.18,152.13
2026-06-29,VV-VITA-247,1,19.9,19.9
2026-06-29,VV-VITA-258,1,18.9,18.9
2026-06-29,VV-VITA-259,2,49,49
2026-06-29,VV-VITA-276,3,63.88,73.42
2026-06-29,VV-VITA-277,1,16.35,16.35
2026-06-29,VV-VITA-287,2,39.8,39.8
2026-06-29,VV-VITA-301,2,35.68,37.54
2026-06-29,VV-VITA-303,1,13.63,18.17
2026-06-29,VV-VITA-304,-1,-14.9,0
2026-06-29,VV-VITA-307,-1,-13.81,0
2026-06-29,VV-VITA-310,-3,-65.22,0
2026-06-29,VV-VITA-313,1,18.9,18.9
2026-06-29,VV-VITA-320,6,154.52,159.88
2026-06-29,VV-VITA-326,1,19.08,19.08
2026-06-29,VV-VITA-342,1,21.9,21.9
2026-06-29,VV-VITA-344,4,91.9,94.23
2026-06-29,VV-VITA-346,2,27.09,27.09
2026-06-29,VV-VITA-361,1,16.9,16.9
2026-06-29,VV-VITA-364,5,113.44,118.13
2026-06-29,VV-VITA-367,4,72.39,75.98
2026-06-29,VV-VITA-369,2,0,0
2026-06-29,VV-VITA-372,1,17.83,17.83
2026-06-29,VV-VITA-377,1,15.9,15.9
2026-06-29,VV-VITA-387,1,0,0
2026-06-29,VV-VITA-39,2,35.51,41.51
2026-06-29,VV-VITA-390,2,38.67,38.67
2026-06-29,VV-VITA-395,1,19.9,19.9
2026-06-29,VV-VITA-405,2,31.69,46.8
2026-06-29,VV-VITA-411,4,73.82,86.82
2026-06-29,VV-VITA-413,1,27.9,27.9
2026-06-29,VV-VITA-414,1,21.75,28.99
2026-06-29,VV-VITA-49,0,-2.84,18.9
2026-06-29,VV-VITA-90,3,20.9,41.8
2026-06-29,VV-VITA-93,0,3.63,19.99
2026-06-30,,11,220.89,220.89
2026-06-30,BJ-E223-8EKW,3,70.27,75.3
2026-06-30,NX-CVPF-VCEZ,4,74.18,87.23
2026-06-30,VV-VITA-109,2,33.93,35.6
2026-06-30,VV-VITA-119,1,17.91,17.91
2026-06-30,VV-VITA-124,2,48.45,50.99
2026-06-30,VV-VITA-127,2,45.14,45.14
2026-06-30,VV-VITA-129,1,15.07,15.07
2026-06-30,VV-VITA-142,5,113.98,129.5
2026-06-30,VV-VITA-146,1,18.17,18.17
2026-06-30,VV-VITA-151,5,104.74,119.5
2026-06-30,VV-VITA-153,1,19.91,19.91
2026-06-30,VV-VITA-157,2,27.8,27.8
2026-06-30,VV-VITA-158,3,83.28,83.28
2026-06-30,VV-VITA-159,-2,-38.85,0
2026-06-30,VV-VITA-166,4,67.37,79.23
2026-06-30,VV-VITA-170,1,18.9,18.9
2026-06-30,VV-VITA-173,3,54.52,54.52
2026-06-30,VV-VITA-202,1,15.9,15.9
2026-06-30,VV-VITA-222,1,23.9,23.9
2026-06-30,VV-VITA-223,4,84.53,86.6
2026-06-30,VV-VITA-225,3,68.3,70.64
2026-06-30,VV-VITA-228,2,43.62,43.62
2026-06-30,VV-VITA-231,2,51.82,54.52
2026-06-30,VV-VITA-237,4,76.63,79.6
2026-06-30,VV-VITA-243,10,125.17,223.38
2026-06-30,VV-VITA-247,1,20.82,20.82
2026-06-30,VV-VITA-257,3,78.02,80.7
2026-06-30,VV-VITA-286,1,17.52,17.52
2026-06-30,VV-VITA-287,4,79.87,79.87
2026-06-30,VV-VITA-303,1,15.83,17.58
2026-06-30,VV-VITA-313,2,38.89,38.89
2026-06-30,VV-VITA-317,1,15.67,15.67
2026-06-30,VV-VITA-320,5,92.41,98.04
2026-06-30,VV-VITA-326,2,49.4,52
2026-06-30,VV-VITA-329,1,19.9,19.9
2026-06-30,VV-VITA-338,2,44.45,44.45
2026-06-30,VV-VITA-344,1,23.63,23.63
2026-06-30,VV-VITA-349,1,16.12,17.91
2026-06-30,VV-VITA-352,1,24.54,24.54
2026-06-30,VV-VITA-361,3,48,50.08
2026-06-30,VV-VITA-364,5,97.52,110.53
2026-06-30,VV-VITA-367,1,18.17,18.17
2026-06-30,VV-VITA-377,5,66.72,77.65
2026-06-30,VV-VITA-38,1,13.63,13.63
2026-06-30,VV-VITA-389,4,93.16,109.57
2026-06-30,VV-VITA-390,0,2.46,24.54
2026-06-30,VV-VITA-391,1,24.54,24.54
2026-06-30,VV-VITA-398,1,11.3,11.3
2026-06-30,VV-VITA-400,4,50.8,59.72
2026-06-30,VV-VITA-407,1,22.68,22.68
2026-06-30,VV-VITA-411,1,22.9,22.9
2026-06-30,VV-VITA-49,1,19.99,19.99
2026-06-30,VV-VITA-90,1,0,19.99
2026-06-30,VV-VITA-93,2,35.2,36.89
2026-07-01,,1,24.17,35.16
2026-07-01,BJ-E223-8EKW,1,25.45,25.45
2026-07-01,CP-DQMG-RVN9,1,20.76,20.76
2026-07-01,CW-KVIN-V39Y,3,37.47,83.6
2026-07-01,VV-VITA-02,3,54.77,54.77
2026-07-01,VV-VITA-101,2,43.62,43.62
2026-07-01,VV-VITA-109,3,62.7,62.7
2026-07-01,VV-VITA-116,2,34.41,35.8
2026-07-01,VV-VITA-119,3,59.73,59.73
2026-07-01,VV-VITA-122,1,19.91,19.91
2026-07-01,VV-VITA-124,1,23.55,23.55
2026-07-01,VV-VITA-127,1,24.9,24.9
2026-07-01,VV-VITA-136,1,22.72,22.72
2026-07-01,VV-VITA-151,1,23.63,23.63
2026-07-01,VV-VITA-153,1,19.91,19.91
2026-07-01,VV-VITA-155,2,41.8,41.8
2026-07-01,VV-VITA-157,2,25.65,27.8
2026-07-01,VV-VITA-158,1,25.45,25.45
2026-07-01,VV-VITA-159,4,76.86,97.23
2026-07-01,VV-VITA-165,4,98.28,115.6
2026-07-01,VV-VITA-171,1,27.26,27.26
2026-07-01,VV-VITA-173,3,49.43,49.43
2026-07-01,VV-VITA-198,1,18.17,18.17
2026-07-01,VV-VITA-215,1,18.9,18.9
2026-07-01,VV-VITA-216,1,19.9,19.9
2026-07-01,VV-VITA-222,8,165.87,190.93
2026-07-01,VV-VITA-223,12,237.19,268.79
2026-07-01,VV-VITA-228,1,21.81,21.81
2026-07-01,VV-VITA-231,2,54.29,54.29
2026-07-01,VV-VITA-237,3,51.3,57.06
2026-07-01,VV-VITA-243,9,110.8,207.66
2026-07-01,VV-VITA-247,2,39.56,41.63
2026-07-01,VV-VITA-248,2,39.56,41.63
2026-07-01,VV-VITA-264,2,51.69,51.69
2026-07-01,VV-VITA-276,2,44.91,47.25
2026-07-01,VV-VITA-287,3,59.97,59.97
2026-07-01,VV-VITA-298,2,29.78,45.8
2026-07-01,VV-VITA-301,1,19.9,19.9
2026-07-01,VV-VITA-304,2,30.8,30.8
2026-07-01,VV-VITA-308,1,22.64,22.64
2026-07-01,VV-VITA-310,1,21.81,21.81
2026-07-01,VV-VITA-313,8,136,159.92
2026-07-01,VV-VITA-318,1,17.44,18.9
2026-07-01,VV-VITA-320,1,19.08,19.08
2026-07-01,VV-VITA-344,2,48.53,48.53
2026-07-01,VV-VITA-346,1,15.45,15.45
2026-07-01,VV-VITA-361,1,16.9,16.9
2026-07-01,VV-VITA-364,9,160.95,205.73
2026-07-01,VV-VITA-367,6,99.27,112.31
2026-07-01,VV-VITA-369,3,18.17,18.17
2026-07-01,VV-VITA-372,1,19,19
2026-07-01,VV-VITA-379,1,17.9,17.9
2026-07-01,VV-VITA-38,1,13.63,13.63
2026-07-01,VV-VITA-385,1,16.9,16.9
2026-07-01,VV-VITA-389,4,94.34,94.34
2026-07-01,VV-VITA-39,4,81,83.09
2026-07-01,VV-VITA-391,3,67.17,67.17
2026-07-01,VV-VITA-398,1,18.17,18.17
2026-07-01,VV-VITA-407,1,0,0
2026-07-01,VV-VITA-410,2,33.68,51.8
2026-07-01,VV-VITA-417,7,97.14,149.4
2026-07-01,VV-VITA-49,1,17.1,19
2026-07-01,VV-VITA-57-V2,2,47.17,47.17
2026-07-01,VV-VITA-88,4,62.16,95.6
2026-07-02,,3,53.46,55.25
2026-07-02,CP-DQMG-RVN9,1,19.71,21.9
2026-07-02,VV-VITA-107,1,16.02,16.02
2026-07-02,VV-VITA-111,1,18.81,20.9
2026-07-02,VV-VITA-121,1,20.45,22.72
2026-07-02,VV-VITA-124,1,23.55,23.55
2026-07-02,VV-VITA-127,6,100.72,131.61
2026-07-02,VV-VITA-151,2,47.26,47.26
2026-07-02,VV-VITA-153,4,74.82,77.79
2026-07-02,VV-VITA-155,7,121.38,131.39
2026-07-02,VV-VITA-157,5,69.5,69.5
2026-07-02,VV-VITA-159,1,22.72,22.72
2026-07-02,VV-VITA-168,4,77.27,90.86
2026-07-02,VV-VITA-170,1,18.9,18.9
2026-07-02,VV-VITA-172,10,129.4,199
2026-07-02,VV-VITA-173,3,54.52,54.52
2026-07-02,VV-VITA-197,50,809.5,1245
2026-07-02,VV-VITA-215,2,33.62,38.16
2026-07-02,VV-VITA-223,10,180.85,208.98
2026-07-02,VV-VITA-224,-1,-20.76,0
2026-07-02,VV-VITA-228,1,21.81,21.81
2026-07-02,VV-VITA-231,3,79.08,81.78
2026-07-02,VV-VITA-237,4,60.92,79.6
2026-07-02,VV-VITA-243,10,75.3,227
2026-07-02,VV-VITA-248,4,94.51,96.89
2026-07-02,VV-VITA-256,4,89.32,91.6
2026-07-02,VV-VITA-277,2,32.71,32.71
2026-07-02,VV-VITA-303,3,52.7,54.51
2026-07-02,VV-VITA-311,-1,-18.91,0
2026-07-02,VV-VITA-320,6,127.75,145.76
2026-07-02,VV-VITA-326,1,21.71,21.71
2026-07-02,VV-VITA-329,3,58.88,58.88
2026-07-02,VV-VITA-352,4,77.88,91.6
2026-07-02,VV-VITA-354,3,65.25,67.43
2026-07-02,VV-VITA-361,5,85.69,94.17
2026-07-02,VV-VITA-364,9,187.68,206.52
2026-07-02,VV-VITA-367,4,60.88,71.6
2026-07-02,VV-VITA-368,-1,-15.58,0
2026-07-02,VV-VITA-369,3,30.05,59.97
2026-07-02,VV-VITA-371,1,15.9,15.9
2026-07-02,VV-VITA-376,1,16.97,16.97
2026-07-02,VV-VITA-380,1,12.75,12.75
2026-07-02,VV-VITA-387,1,30.94,34.36
2026-07-02,VV-VITA-392,3,40.74,40.74
2026-07-02,VV-VITA-394,5,99.17,115.4
2026-07-02,VV-VITA-398,2,26.42,27.8
2026-07-02,VV-VITA-399,1,20.45,22.71
2026-07-02,VV-VITA-403,1,19.9,19.9
2026-07-02,VV-VITA-408,1,24.17,24.17
2026-07-02,VV-VITA-415,1,22.64,22.64
2026-07-02,VV-VITA-417,1,24.54,24.54
2026-07-02,VV-VITA-49,3,54.27,56.17
2026-07-02,VV-VITA-57-V2,1,24.16,26.85
2026-07-03,,7,90.19,121.49
2026-07-03,VI-ZU99-SZ0B,1,17.9,17.9
2026-07-03,VV-VITA-101,1,21.81,21.81
2026-07-03,VV-VITA-109,6,80.35,113.4
2026-07-03,VV-VITA-111,1,19.91,19.91
2026-07-03,VV-VITA-124,2,47.8,47.8
2026-07-03,VV-VITA-127,2,47.32,49.8
2026-07-03,VV-VITA-129,6,79.62,112.67
2026-07-03,VV-VITA-136,5,64.7,99.5
2026-07-03,VV-VITA-146,6,84.6,119.4
2026-07-03,VV-VITA-151,2,45.42,47.8
2026-07-03,VV-VITA-153,5,64.7,99.5
2026-07-03,VV-VITA-155,5,67.95,104.5
2026-07-03,VV-VITA-157,11,104.3,152.9
2026-07-03,VV-VITA-158,9,221.67,280.65
2026-07-03,VV-VITA-165,3,82.38,86.7
2026-07-03,VV-VITA-168,5,77.7,119.5
2026-07-03,VV-VITA-171,2,51.65,54.35
2026-07-03,VV-VITA-190,1,20.82,20.82
2026-07-03,VV-VITA-199,1,19.9,19.9
2026-07-03,VV-VITA-204,1,17.26,17.26
2026-07-03,VV-VITA-206,5,58.2,89.5
2026-07-03,VV-VITA-207,5,64.7,99.5
2026-07-03,VV-VITA-215,10,122.9,189
2026-07-03,VV-VITA-223,13,225.03,301.06
2026-07-03,VV-VITA-224,-2,-35.82,0
2026-07-03,VV-VITA-231,9,208.63,256.02
2026-07-03,VV-VITA-237,10,129.4,199
2026-07-03,VV-VITA-243,15,157.82,343.13
2026-07-03,VV-VITA-247,1,19.91,19.91
2026-07-03,VV-VITA-256,1,18.32,18.32
2026-07-03,VV-VITA-257,5,87.45,134.5
2026-07-03,VV-VITA-258,8,133.22,133.22
2026-07-03,VV-VITA-259,5,84.2,129.5
2026-07-03,VV-VITA-277,1,16.35,16.35
2026-07-03,VV-VITA-286,5,71.2,109.5
2026-07-03,VV-VITA-298,2,44.91,47.25
2026-07-03,VV-VITA-303,1,20.76,20.76
2026-07-03,VV-VITA-304,5,48.45,74.5
2026-07-03,VV-VITA-31,10,142.4,219
2026-07-03,VV-VITA-316,5,64.7,99.5
2026-07-03,VV-VITA-317,1,19.9,19.9
2026-07-03,VV-VITA-318,5,61.45,94.5
2026-07-03,VV-VITA-319,5,64.7,99.5
2026-07-03,VV-VITA-320,3,65.06,65.06
2026-07-03,VV-VITA-326,1,19.08,19.08
2026-07-03,VV-VITA-329,1,19.08,19.08
2026-07-03,VV-VITA-338,5,64.7,99.5
2026-07-03,VV-VITA-342,4,80.6,83.87
2026-07-03,VV-VITA-344,2,44.8,49.8
2026-07-03,VV-VITA-349,5,54.95,84.5
2026-07-03,VV-VITA-352,5,74.45,114.5
2026-07-03,VV-VITA-364,5,71.2,109.5
2026-07-03,VV-VITA-367,4,61.82,72.69
2026-07-03,VV-VITA-368,5,58.2,89.5
2026-07-03,VV-VITA-369,1,19.99,19.99
2026-07-03,VV-VITA-372,1,18.9,18.9
2026-07-03,VV-VITA-375,1,19.99,19.99
2026-07-03,VV-VITA-379,4,60.88,71.6
2026-07-03,VV-VITA-38,2,27.26,27.26
2026-07-03,VV-VITA-380,4,50.04,55.6
2026-07-03,VV-VITA-385,1,19,19
2026-07-03,VV-VITA-401,1,19.99,19.99
2026-07-03,VV-VITA-402,1,24.9,24.9
2026-07-03,VV-VITA-403,1,19.9,19.9
2026-07-03,VV-VITA-408,-2,-46.27,51.98
2026-07-03,VV-VITA-417,-1,-24.54,0
2026-07-03,VV-VITA-49,2,28.6,43.98
2026-07-03,VV-VITA-57-V2,1,22.72,22.72
2026-07-04,,6,123.5,123.5
2026-07-04,BJ-E223-8EKW,1,24.45,24.45
2026-07-04,NX-CVPF-VCEZ,1,21.81,21.81
2026-07-04,VV-VITA-104,3,48.99,48.99
2026-07-04,VV-VITA-109,4,71.66,71.66
2026-07-04,VV-VITA-111,1,19.91,19.91
2026-07-04,VV-VITA-121,1,22.72,22.72
2026-07-04,VV-VITA-124,2,47.1,47.1
2026-07-04,VV-VITA-127,1,22.64,22.64
2026-07-04,VV-VITA-136,1,22.72,22.72
2026-07-04,VV-VITA-158,1,25.45,25.45
2026-07-04,VV-VITA-159,1,22.72,22.72
2026-07-04,VV-VITA-165,2,54.44,54.44
2026-07-04,VV-VITA-168,2,45.44,45.44
2026-07-04,VV-VITA-173,1,18.17,18.17
2026-07-04,VV-VITA-198,1,18.17,18.17
2026-07-04,VV-VITA-206,2,29.11,29.11
2026-07-04,VV-VITA-215,3,57.25,57.25
2026-07-04,VV-VITA-223,6,135.13,139.63
2026-07-04,VV-VITA-228,1,21.81,21.81
2026-07-04,VV-VITA-231,10,207.51,244.07
2026-07-04,VV-VITA-243,10,92.7,232.03
2026-07-04,VV-VITA-252,1,22.9,22.9
2026-07-04,VV-VITA-256,3,68.41,70.8
2026-07-04,VV-VITA-264,2,49.22,51.8
2026-07-04,VV-VITA-277,1,15.07,15.07
2026-07-04,VV-VITA-286,2,41.62,43.8
2026-07-04,VV-VITA-287,1,19.9,19.9
2026-07-04,VV-VITA-303,2,41.36,41.36
2026-07-04,VV-VITA-313,1,18.9,18.9
2026-07-04,VV-VITA-317,1,20.68,20.68
2026-07-04,VV-VITA-320,8,149.81,163.11
2026-07-04,VV-VITA-329,1,19.08,19.08
2026-07-04,VV-VITA-345,1,20.9,20.9
2026-07-04,VV-VITA-352,2,48.09,48.09
2026-07-04,VV-VITA-354,2,41.62,43.8
2026-07-04,VV-VITA-364,4,90.99,94.5
2026-07-04,VV-VITA-368,1,19,19
2026-07-04,VV-VITA-379,3,53.1,54.88
2026-07-04,VV-VITA-38,2,27.26,27.26
2026-07-04,VV-VITA-382,1,19.08,19.08
2026-07-04,VV-VITA-389,1,22.72,22.72
2026-07-04,VV-VITA-391,1,24.54,24.54
2026-07-04,VV-VITA-403,1,17.91,19.9
2026-07-04,VV-VITA-411,1,22.9,22.9
2026-07-04,VV-VITA-49,1,19.99,19.99
2026-07-04,VV-VITA-57-V2,1,22.72,22.72
2026-07-04,VV-VITA-63,1,19.08,19.08
2026-07-05,,6,110.63,110.63
2026-07-05,NX-CVPF-VCEZ,1,21.81,21.81
2026-07-05,VV-VITA-119,2,39.18,39.18
2026-07-05,VV-VITA-121,1,22.72,22.72
2026-07-05,VV-VITA-124,1,24.45,24.45
2026-07-05,VV-VITA-127,1,26.12,26.12
2026-07-05,VV-VITA-136,4,70.45,70.45
2026-07-05,VV-VITA-142,2,44.91,47.25
2026-07-05,VV-VITA-158,1,26.27,26.27
2026-07-05,VV-VITA-170,1,18.9,18.9
2026-07-05,VV-VITA-171,4,86.25,101.44
2026-07-05,VV-VITA-174,1,18.9,18.9
2026-07-05,VV-VITA-199,2,39.8,39.8
2026-07-05,VV-VITA-202,2,32.64,32.64
2026-07-05,VV-VITA-206,4,71.6,71.6
2026-07-05,VV-VITA-216,2,46.65,49.09
2026-07-05,VV-VITA-223,11,235,251.29
2026-07-05,VV-VITA-228,1,21.81,21.81
2026-07-05,VV-VITA-231,8,208.22,216.28
2026-07-05,VV-VITA-237,5,84.94,96.86
2026-07-05,VV-VITA-243,11,66.71,248.66
2026-07-05,VV-VITA-256,8,160.92,176.49
2026-07-05,VV-VITA-257,2,46.01,53.8
2026-07-05,VV-VITA-259,1,25.45,25.45
2026-07-05,VV-VITA-286,4,82,88.35
2026-07-05,VV-VITA-287,2,35.91,35.91
2026-07-05,VV-VITA-303,1,16.18,16.18
2026-07-05,VV-VITA-304,3,49.06,49.06
2026-07-05,VV-VITA-31,3,62.43,65.7
2026-07-05,VV-VITA-313,4,67.37,79.23
2026-07-05,VV-VITA-318,1,19.59,19.59
2026-07-05,VV-VITA-320,4,89.23,89.23
2026-07-05,VV-VITA-326,1,21.73,21.73
2026-07-05,VV-VITA-338,1,15.92,15.92
2026-07-05,VV-VITA-342,6,115.95,132.35
2026-07-05,VV-VITA-344,1,23.63,23.63
2026-07-05,VV-VITA-349,2,30.43,33.8
2026-07-05,VV-VITA-364,5,107.96,110.3
2026-07-05,VV-VITA-369,1,19.99,19.99
2026-07-05,VV-VITA-372,1,18.9,18.9
2026-07-05,VV-VITA-375,1,15.22,16.9
2026-07-05,VV-VITA-377,1,18.17,18.17
2026-07-05,VV-VITA-379,2,35.15,37
2026-07-05,VV-VITA-38,2,33.22,33.22
2026-07-05,VV-VITA-382,1,19.08,19.08
2026-07-05,VV-VITA-383,1,18.17,18.17
2026-07-05,VV-VITA-389,8,168.56,187.14
2026-07-05,VV-VITA-39,3,51.82,54.52
2026-07-05,VV-VITA-392,1,15.9,15.9
2026-07-05,VV-VITA-395,2,37.99,37.99
2026-07-05,VV-VITA-400,1,15.23,15.23
2026-07-05,VV-VITA-402,1,26.12,26.12
2026-07-05,VV-VITA-403,2,40.58,40.58
2026-07-05,VV-VITA-408,4,84.68,99.6
2026-07-05,VV-VITA-412,1,19.99,19.99
2026-07-05,VV-VITA-413,2,56.07,56.07
2026-07-05,VV-VITA-49,5,83.87,95.19
2026-07-05,VV-VITA-90,1,21.76,21.76
2026-07-05,VV-VITA-93,4,69.28,70.68
2026-07-06,,12,203.39,214.37
2026-07-06,BJ-E223-8EKW,4,98.71,101.23
2026-07-06,NX-CVPF-VCEZ,2,41.45,43.61
2026-07-06,TU-QNYD-JRRX,7,130.82,130.82
2026-07-06,VV-VITA-101,-2,-41.27,0
2026-07-06,VV-VITA-109,1,17.18,17.18
2026-07-06,VV-VITA-116,1,18.17,18.17
2026-07-06,VV-VITA-121,-2,-32.49,0
2026-07-06,VV-VITA-122,1,18.55,20.62
2026-07-06,VV-VITA-127,2,33.62,49.8
2026-07-06,VV-VITA-142,1,20.76,20.76
2026-07-06,VV-VITA-146,2,34.55,36.35
2026-07-06,VV-VITA-151,0,-1.55,22.55
2026-07-06,VV-VITA-153,4,54.74,99.51
2026-07-06,VV-VITA-155,3,60.62,62.7
2026-07-06,VV-VITA-158,3,73.81,76.33
2026-07-06,VV-VITA-171,-2,-46.49,0
2026-07-06,VV-VITA-173,3,44.96,57.89
2026-07-06,VV-VITA-183,6,104.77,129.08
2026-07-06,VV-VITA-198,4,80.44,80.44
2026-07-06,VV-VITA-199,1,19.9,19.9
2026-07-06,VV-VITA-202,1,16.35,18.16
2026-07-06,VV-VITA-206,1,17.9,17.9
2026-07-06,VV-VITA-215,3,51.7,56.7
2026-07-06,VV-VITA-222,2,45.41,47.8
2026-07-06,VV-VITA-223,14,276.29,335.09
2026-07-06,VV-VITA-228,5,104.7,109.04
2026-07-06,VV-VITA-231,2,76.55,161.15
2026-07-06,VV-VITA-237,1,19.9,19.9
2026-07-06,VV-VITA-243,18,85.09,434.66
2026-07-06,VV-VITA-247,1,19.91,19.91
2026-07-06,VV-VITA-258,2,37.8,37.8
2026-07-06,VV-VITA-277,4,55.23,55.23
2026-07-06,VV-VITA-287,4,53.75,79.6
2026-07-06,VV-VITA-304,2,29.8,29.8
2026-07-06,VV-VITA-310,1,21.81,21.81
2026-07-06,VV-VITA-313,2,39.98,39.98
2026-07-06,VV-VITA-316,1,16.35,16.35
2026-07-06,VV-VITA-317,1,19.08,19.08
2026-07-06,VV-VITA-318,3,56.7,56.7
2026-07-06,VV-VITA-319,2,39.8,39.8
2026-07-06,VV-VITA-320,9,179.46,202.99
2026-07-06,VV-VITA-326,1,20.75,20.75
2026-07-06,VV-VITA-329,1,16.11,17.9
2026-07-06,VV-VITA-338,1,24.55,24.55
2026-07-06,VV-VITA-342,1,19.71,21.9
2026-07-06,VV-VITA-344,2,49.8,49.8
2026-07-06,VV-VITA-345,4,71.09,83.59
2026-07-06,VV-VITA-352,3,71.18,73.61
2026-07-06,VV-VITA-355,7,145.15,161.03
2026-07-06,VV-VITA-361,1,18.17,18.17
2026-07-06,VV-VITA-363,1,15.21,16.9
2026-07-06,VV-VITA-364,4,70.54,89.32
2026-07-06,VV-VITA-366,2,27.31,30.34
2026-07-06,VV-VITA-367,3,49.26,54.5
2026-07-06,VV-VITA-369,2,39.98,39.98
2026-07-06,VV-VITA-371,6,64.43,95.4
2026-07-06,VV-VITA-372,1,18.9,18.9
2026-07-06,VV-VITA-376,2,34.53,34.53
2026-07-06,VV-VITA-377,2,30.95,32.58
2026-07-06,VV-VITA-379,1,19.08,19.08
2026-07-06,VV-VITA-38,1,13.63,13.63
2026-07-06,VV-VITA-382,-2,-35.92,0
2026-07-06,VV-VITA-383,2,34.52,36.33
2026-07-06,VV-VITA-393,1,23.55,23.55
2026-07-06,VV-VITA-394,4,78.05,101.99
2026-07-06,VV-VITA-398,-4,-47.28,0
2026-07-06,VV-VITA-403,1,17.91,19.9
2026-07-06,VV-VITA-408,1,23.63,23.63
2026-07-06,VV-VITA-413,1,25.36,28.16
2026-07-06,VV-VITA-417,4,88.35,98.12
2026-07-06,VV-VITA-46,6,99.2,119.94
2026-07-06,VV-VITA-49,3,51.22,56.7
2026-07-06,VV-VITA-50,1,20.9,20.9
2026-07-06,VV-VITA-57-V,2,83.83,113.25
2026-07-06,VV-VITA-63,2,43.72,43.72
2026-07-06,VV-VITA-88,1,25.45,25.45
2026-07-06,VV-VITA-90,-1,0,0
2026-07-06,VV-VITA-94,1,20.01,51.8
2026-07-07,,1,39.2,92.73
2026-07-07,CW-KVIN-V39Y,12,207.38,266.99
2026-07-07,TU-QNYD-JRRX,2,24.58,37.8
2026-07-07,VV-VITA-109,1,20.9,20.9
2026-07-07,VV-VITA-116,3,34.92,53.7
2026-07-07,VV-VITA-119,3,55.24,55.24
2026-07-07,VV-VITA-129,4,68.73,68.73
2026-07-07,VV-VITA-146,2,35.29,38.07
2026-07-07,VV-VITA-151,4,81.28,95.6
2026-07-07,VV-VITA-153,2,37.84,39.82
2026-07-07,VV-VITA-155,1,22.72,22.72
2026-07-07,VV-VITA-157,1,13.9,13.9
2026-07-07,VV-VITA-158,5,118.61,133.88
2026-07-07,VV-VITA-170,8,98.32,151.2
2026-07-07,VV-VITA-171,1,27.26,27.26
2026-07-07,VV-VITA-173,5,74.81,88.73
2026-07-07,VV-VITA-188,1,17.9,17.9
2026-07-07,VV-VITA-215,3,43.48,56.7
2026-07-07,VV-VITA-216,2,40.8,40.8
2026-07-07,VV-VITA-222,1,15.54,23.9
2026-07-07,VV-VITA-223,8,160.45,210.94
2026-07-07,VV-VITA-231,4,105.98,108.68
2026-07-07,VV-VITA-237,4,56.08,76.96
2026-07-07,VV-VITA-243,13,147.95,300.78
2026-07-07,VV-VITA-247,5,91.62,104.09
2026-07-07,VV-VITA-257,2,51.12,53.8
2026-07-07,VV-VITA-264,2,43.05,45.3
2026-07-07,VV-VITA-287,4,51.76,79.6
2026-07-07,VV-VITA-295,1,25.02,25.02
2026-07-07,VV-VITA-298,2,29.78,45.8
2026-07-07,VV-VITA-301,1,19.9,19.9
2026-07-07,VV-VITA-308,6,101.04,155.4
2026-07-07,VV-VITA-310,1,19.91,19.91
2026-07-07,VV-VITA-313,3,56.55,58.52
2026-07-07,VV-VITA-317,1,16.05,16.05
2026-07-07,VV-VITA-318,4,49.16,75.6
2026-07-07,VV-VITA-320,15,297.12,332.46
2026-07-07,VV-VITA-329,0,0,19.08
2026-07-07,VV-VITA-336,2,39.8,39.8
2026-07-07,VV-VITA-342,4,74.48,87.6
2026-07-07,VV-VITA-344,1,23.63,23.63
2026-07-07,VV-VITA-354,1,22.65,22.65
2026-07-07,VV-VITA-355,4,59.56,91.6
2026-07-07,VV-VITA-359,1,18.09,18.09
2026-07-07,VV-VITA-364,13,220.08,291.6
2026-07-07,VV-VITA-367,10,182.7,198.38
2026-07-07,VV-VITA-368,2,35.11,36.9
2026-07-07,VV-VITA-371,3,31.02,47.7
2026-07-07,VV-VITA-38,1,13.63,13.63
2026-07-07,VV-VITA-385,1,16.9,16.9
2026-07-07,VV-VITA-387,2,55.27,58.16
2026-07-07,VV-VITA-389,1,22.72,22.72
2026-07-07,VV-VITA-391,3,51.72,66.34
2026-07-07,VV-VITA-402,1,24.9,24.9
2026-07-07,VV-VITA-403,1,24.54,24.54
2026-07-07,VV-VITA-405,1,13.68,15.9
2026-07-07,VV-VITA-410,2,51.8,51.8
2026-07-07,VV-VITA-417,2,44.16,49.06
2026-07-07,VV-VITA-46,14,181.16,278.6
2026-07-07,VV-VITA-50,3,38.82,59.7
2026-07-07,VV-VITA-88,2,31.08,47.8
2026-07-07,VV-VITA-94,3,59.58,77.7
2026-07-08,,9,155.75,159.45
2026-07-08,BJ-E223-8EKW,1,24.45,24.45
2026-07-08,VV-VITA-101,2,51.8,51.8
2026-07-08,VV-VITA-109,6,113.4,113.4
2026-07-08,VV-VITA-124,1,24.45,24.45
2026-07-08,VV-VITA-129,2,31.42,33.23
2026-07-08,VV-VITA-146,1,18.17,18.17
2026-07-08,VV-VITA-155,1,17.18,22.9
2026-07-08,VV-VITA-157,5,79.43,79.43
2026-07-08,VV-VITA-158,2,48.36,50.88
2026-07-08,VV-VITA-189,1,20.9,20.9
2026-07-08,VV-VITA-198,2,36.35,36.35
2026-07-08,VV-VITA-199,6,113.97,113.97
2026-07-08,VV-VITA-204,1,17.91,17.91
2026-07-08,VV-VITA-206,1,18.42,18.42
2026-07-08,VV-VITA-207,1,17.18,17.18
2026-07-08,VV-VITA-215,2,38.89,38.89
2026-07-08,VV-VITA-222,5,103.92,118.24
2026-07-08,VV-VITA-223,3,66.22,110.5
2026-07-08,VV-VITA-225,1,23.55,23.55
2026-07-08,VV-VITA-228,2,41.44,43.62
2026-07-08,VV-VITA-231,13,312.87,353.49
2026-07-08,VV-VITA-243,12,0,289.34
2026-07-08,VV-VITA-247,1,19.91,19.91
2026-07-08,VV-VITA-256,2,46.27,46.27
2026-07-08,VV-VITA-298,1,22.9,22.9
2026-07-08,VV-VITA-301,2,32.82,34.52
2026-07-08,VV-VITA-304,1,14.73,16.35
2026-07-08,VV-VITA-310,4,74.18,87.23
2026-07-08,VV-VITA-313,2,39.62,39.62
2026-07-08,VV-VITA-318,3,56.7,56.7
2026-07-08,VV-VITA-320,16,307.91,333.2
2026-07-08,VV-VITA-329,3,48.54,60.87
2026-07-08,VV-VITA-338,4,60.92,79.6
2026-07-08,VV-VITA-344,1,17.93,23.9
2026-07-08,VV-VITA-345,1,20.9,20.9
2026-07-08,VV-VITA-355,3,63.22,65.47
2026-07-08,VV-VITA-364,4,85.8,88.14
2026-07-08,VV-VITA-366,1,13.9,15.44
2026-07-08,VV-VITA-367,1,17.93,23.9
2026-07-08,VV-VITA-369,2,17.99,19.99
2026-07-08,VV-VITA-38,3,45.96,51.43
2026-07-08,VV-VITA-381,-1,-16.4,0
2026-07-08,VV-VITA-382,1,18.9,18.9
2026-07-08,VV-VITA-389,2,43.18,45.43
2026-07-08,VV-VITA-39,1,20.76,20.76
2026-07-08,VV-VITA-390,1,17.91,19.9
2026-07-08,VV-VITA-395,1,18.81,20.9
2026-07-08,VV-VITA-399,1,24.9,24.9
2026-07-08,VV-VITA-402,5,111.2,124.5
2026-07-08,VV-VITA-410,1,19.43,25.9
2026-07-08,VV-VITA-413,2,50.33,57.8
2026-07-08,VV-VITA-415,1,20.45,22.72
2026-07-08,VV-VITA-417,4,44.5,49.43
2026-07-08,VV-VITA-46,5,87.67,99.59
2026-07-08,VV-VITA-50,2,40.51,40.51
2026-07-08,VV-VITA-63,1,19.08,19.08
2026-07-08,VV-VITA-94,3,77.7,77.7
2026-07-09,,16,272.12,279.48
2026-07-09,VV-VITA-111,1,18.69,19.9
2026-07-09,VV-VITA-122,2,43.8,43.8
2026-07-09,VV-VITA-124,1,23.55,23.55
2026-07-09,VV-VITA-153,1,19.91,19.91
2026-07-09,VV-VITA-155,2,43.62,43.62
2026-07-09,VV-VITA-158,6,172.28,191.4
2026-07-09,VV-VITA-166,1,23.63,23.63
2026-07-09,VV-VITA-188,1,18.43,18.43
2026-07-09,VV-VITA-189,1,21.9,21.9
2026-07-09,VV-VITA-198,1,15.28,16.27
2026-07-09,VV-VITA-203,1,19.9,19.9
2026-07-09,VV-VITA-204,1,18.9,18.9
2026-07-09,VV-VITA-206,4,53.72,71.6
2026-07-09,VV-VITA-207,1,19.9,19.9
2026-07-09,VV-VITA-215,2,36.99,36.99
2026-07-09,VV-VITA-223,5,97.61,120.05
2026-07-09,VV-VITA-228,0,7.4,44.71
2026-07-09,VV-VITA-231,4,105.45,108.15
2026-07-09,VV-VITA-243,15,145.5,335.6
2026-07-09,VV-VITA-247,4,77.57,80.54
2026-07-09,VV-VITA-248,1,24.55,24.55
2026-07-09,VV-VITA-249,1,21.73,21.73
2026-07-09,VV-VITA-256,7,137.64,158.22
2026-07-09,VV-VITA-259,1,25.9,25.9
2026-07-09,VV-VITA-262,1,23.63,23.63
2026-07-09,VV-VITA-304,2,31.25,31.25
2026-07-09,VV-VITA-31,1,21.9,21.9
2026-07-09,VV-VITA-310,11,213.66,252.25
2026-07-09,VV-VITA-313,1,19.99,19.99
2026-07-09,VV-VITA-316,4,77.79,77.79
2026-07-09,VV-VITA-317,-1,-19.08,0
2026-07-09,VV-VITA-318,1,15.45,15.45
2026-07-09,VV-VITA-338,1,18.42,24.55
2026-07-09,VV-VITA-345,1,24.9,24.9
2026-07-09,VV-VITA-355,3,64.77,68.15
2026-07-09,VV-VITA-364,4,67.71,79.63
2026-07-09,VV-VITA-366,1,14.9,14.9
2026-07-09,VV-VITA-367,1,13.43,17.9
2026-07-09,VV-VITA-371,1,5.69,31.8
2026-07-09,VV-VITA-372,1,18.9,18.9
2026-07-09,VV-VITA-377,2,26.8,31.8
2026-07-09,VV-VITA-379,2,28.86,34.14
2026-07-09,VV-VITA-38,6,96.81,108.13
2026-07-09,VV-VITA-395,2,39.8,39.8
2026-07-09,VV-VITA-399,1,24.9,24.9
2026-07-09,VV-VITA-402,9,199.65,221.83
2026-07-09,VV-VITA-403,2,39.81,39.81
2026-07-09,VV-VITA-405,1,15.9,15.9
2026-07-09,VV-VITA-413,1,20.93,27.9
2026-07-09,VV-VITA-415,1,22.41,24.9
2026-07-09,VV-VITA-417,3,74.7,74.7
2026-07-09,VV-VITA-46,1,19.9,19.9
2026-07-09,VV-VITA-94,3,62.41,75.35
2026-07-10,,9,141.57,194.84
2026-07-10,NX-CVPF-VCEZ,1,21.81,21.81
2026-07-10,TU-QNYD-JRRX,30,368.7,567
2026-07-10,VV-VITA-101,1,25.9,25.9
2026-07-10,VV-VITA-107,42,516.18,793.8
2026-07-10,VV-VITA-119,1,19.8,37.06
2026-07-10,VV-VITA-122,2,41.24,41.24
2026-07-10,VV-VITA-124,1,23.55,23.55
2026-07-10,VV-VITA-127,2,49.8,49.8
2026-07-10,VV-VITA-136,3,38.82,59.7
2026-07-10,VV-VITA-146,4,72.68,72.68
2026-07-10,VV-VITA-155,4,71.08,83.6
2026-07-10,VV-VITA-158,4,80.05,109.42
2026-07-10,VV-VITA-165,1,27.26,27.26
2026-07-10,VV-VITA-168,6,93.24,143.4
2026-07-10,VV-VITA-171,3,58.5,89.97
2026-07-10,VV-VITA-198,3,38.82,59.7
2026-07-10,VV-VITA-199,1,18.17,18.17
2026-07-10,VV-VITA-203,2,34.29,36.08
2026-07-10,VV-VITA-204,1,17.26,17.26
2026-07-10,VV-VITA-206,4,46.56,71.6
2026-07-10,VV-VITA-207,5,99.55,99.55
2026-07-10,VV-VITA-215,3,46.2,60.88
2026-07-10,VV-VITA-222,21,326.34,501.9
2026-07-10,VV-VITA-223,12,239.26,276.02
2026-07-10,VV-VITA-225,5,72.83,85.65
2026-07-10,VV-VITA-228,16,265.38,367.49
2026-07-10,VV-VITA-231,42,751.42,1130.52
2026-07-10,VV-VITA-237,2,37.82,39.8
2026-07-10,VV-VITA-243,17,166.03,390.39
2026-07-10,VV-VITA-247,1,20.82,20.82
2026-07-10,VV-VITA-248,1,24.55,24.55
2026-07-10,VV-VITA-249,12,186.48,286.8
2026-07-10,VV-VITA-250,5,58.2,89.5
2026-07-10,VV-VITA-256,1,22.9,22.9
2026-07-10,VV-VITA-257,1,21.71,21.71
2026-07-10,VV-VITA-262,8,115.4,177.47
2026-07-10,VV-VITA-298,1,23.63,23.63
2026-07-10,VV-VITA-303,1,18.17,18.17
2026-07-10,VV-VITA-304,3,44.66,46.15
2026-07-10,VV-VITA-31,10,159.92,219
2026-07-10,VV-VITA-310,14,226.66,348.6
2026-07-10,VV-VITA-316,3,56.08,56.08
2026-07-10,VV-VITA-319,2,25.88,39.8
2026-07-10,VV-VITA-320,5,106.95,113.96
2026-07-10,VV-VITA-326,6,97.14,149.4
2026-07-10,VV-VITA-329,10,140.74,197.18
2026-07-10,VV-VITA-336,8,104,159.92
2026-07-10,VV-VITA-342,6,85.44,131.4
2026-07-10,VV-VITA-355,4,81.13,95.44
2026-07-10,VV-VITA-361,3,50.75,52.43
2026-07-10,VV-VITA-363,4,43.96,67.6
2026-07-10,VV-VITA-364,6,135.51,140.04
2026-07-10,VV-VITA-365,15,145.35,223.5
2026-07-10,VV-VITA-366,1,13.41,14.9
2026-07-10,VV-VITA-367,1,16.36,18.16
2026-07-10,VV-VITA-368,1,18.17,18.17
2026-07-10,VV-VITA-371,8,82.72,127.2
2026-07-10,VV-VITA-372,2,35.92,37.8
2026-07-10,VV-VITA-376,12,124.08,190.8
2026-07-10,VV-VITA-377,1,15.9,15.9
2026-07-10,VV-VITA-379,7,92.63,121.57
2026-07-10,VV-VITA-38,1,15.49,15.49
2026-07-10,VV-VITA-380,1,17.26,17.26
2026-07-10,VV-VITA-387,3,77.77,80.35
2026-07-10,VV-VITA-39,13,201.58,297.7
2026-07-10,VV-VITA-398,1,13.9,13.9
2026-07-10,VV-VITA-402,2,42.59,49.8
2026-07-10,VV-VITA-411,1,21.81,21.81
2026-07-10,VV-VITA-415,1,22.41,24.9
2026-07-10,VV-VITA-417,6,137.97,147.89
2026-07-10,VV-VITA-46,1,19.9,19.9
2026-07-10,VV-VITA-50,6,95.65,135.85
2026-07-10,VV-VITA-57-V,3,76.05,116.97
2026-07-10,VV-VITA-57-V2,1,26.35,26.35
2026-07-10,VV-VITA-88,1,25.36,25.36
2026-07-10,VV-VITA-90,1,18.17,18.17
2026-07-11,,5,83.71,83.71
2026-07-11,BJ-E223-8EKW,1,25.45,25.45
2026-07-11,TU-QNYD-JRRX,2,39.02,39.02
2026-07-11,VV-VITA-127,4,99.6,99.6
2026-07-11,VV-VITA-136,1,22.72,22.72
2026-07-11,VV-VITA-151,3,67.36,70.87
2026-07-11,VV-VITA-155,6,115.91,136.31
2026-07-11,VV-VITA-171,4,99.48,117.04
2026-07-11,VV-VITA-172,1,22.72,22.72
2026-07-11,VV-VITA-174,1,22.72,22.72
2026-07-11,VV-VITA-190,3,53.73,59.7
2026-07-11,VV-VITA-198,1,19.9,19.9
2026-07-11,VV-VITA-199,2,38.07,38.07
2026-07-11,VV-VITA-203,1,19.9,19.9
2026-07-11,VV-VITA-222,1,19.55,21.72
2026-07-11,VV-VITA-223,13,235.05,270.55
2026-07-11,VV-VITA-228,1,21.81,21.81
2026-07-11,VV-VITA-231,10,244.65,271.53
2026-07-11,VV-VITA-243,6,0,139.58
2026-07-11,VV-VITA-248,1,23.9,23.9
2026-07-11,VV-VITA-256,5,104.69,118.99
2026-07-11,VV-VITA-258,3,51.55,51.55
2026-07-11,VV-VITA-259,2,48.36,50.88
2026-07-11,VV-VITA-286,2,41.62,43.8
2026-07-11,VV-VITA-298,9,185.02,213.62
2026-07-11,VV-VITA-303,1,18.17,18.17
2026-07-11,VV-VITA-304,3,49.06,49.06
2026-07-11,VV-VITA-320,2,38.16,38.16
2026-07-11,VV-VITA-342,1,19.71,21.9
2026-07-11,VV-VITA-344,4,92.17,94.51
2026-07-11,VV-VITA-352,1,20.61,22.9
2026-07-11,VV-VITA-361,7,109.25,121.33
2026-07-11,VV-VITA-367,2,34.02,35.8
2026-07-11,VV-VITA-369,3,55.17,59.97
2026-07-11,VV-VITA-375,1,16.9,16.9
2026-07-11,VV-VITA-377,1,12.72,12.72
2026-07-11,VV-VITA-38,2,37.07,39.02
2026-07-11,VV-VITA-380,1,13.9,13.9
2026-07-11,VV-VITA-389,1,22.72,22.72
2026-07-11,VV-VITA-390,1,23.55,23.55
2026-07-11,VV-VITA-395,1,20.59,20.59
2026-07-11,VV-VITA-402,3,58.08,67.9
2026-07-11,VV-VITA-403,1,19.9,19.9
2026-07-11,VV-VITA-405,1,14.31,15.9
2026-07-11,VV-VITA-410,2,54.18,54.18
2026-07-11,VV-VITA-417,3,71.53,73.97
2026-07-11,VV-VITA-46,1,19.99,19.99
2026-07-11,VV-VITA-50,2,39.8,39.8
2026-07-11,VV-VITA-57-V,2,77.8,77.8
2026-07-11,VV-VITA-94,3,75.12,77.7
2026-07-12,,4,72.96,72.96
2026-07-12,BJ-E223-8EKW,3,72.22,74.7
2026-07-12,VI-ZU99-SZ0B,1,17.9,17.9
2026-07-12,VV-VITA-107,3,56.7,56.7
2026-07-12,VV-VITA-116,1,17.18,17.18
2026-07-12,VV-VITA-122,1,20.61,22.9
2026-07-12,VV-VITA-124,2,47.45,47.45
2026-07-12,VV-VITA-127,13,304.04,321.44
2026-07-12,VV-VITA-136,4,83.27,83.27
2026-07-12,VV-VITA-153,1,19.9,19.9
2026-07-12,VV-VITA-155,1,20.9,20.9
2026-07-12,VV-VITA-158,5,128.62,133.66
2026-07-12,VV-VITA-168,1,22.72,22.72
2026-07-12,VV-VITA-170,3,56.7,56.7
2026-07-12,VV-VITA-171,2,51.65,54.35
2026-07-12,VV-VITA-199,1,19.9,19.9
2026-07-12,VV-VITA-203,1,18.17,18.17
2026-07-12,VV-VITA-204,1,17.26,17.26
2026-07-12,VV-VITA-207,1,19.9,19.9
2026-07-12,VV-VITA-215,5,93.69,93.69
2026-07-12,VV-VITA-216,2,37.82,39.8
2026-07-12,VV-VITA-222,3,64.79,71.7
2026-07-12,VV-VITA-223,16,318.92,355.39
2026-07-12,VV-VITA-228,1,22.9,22.9
2026-07-12,VV-VITA-231,2,51.12,53.8
2026-07-12,VV-VITA-243,21,124.43,477.09
2026-07-12,VV-VITA-248,3,69.31,71.7
2026-07-12,VV-VITA-249,1,21.73,21.73
2026-07-12,VV-VITA-250,1,17.9,17.9
2026-07-12,VV-VITA-256,8,166.31,184.65
2026-07-12,VV-VITA-298,1,20.82,20.82
2026-07-12,VV-VITA-301,1,18.09,18.09
2026-07-12,VV-VITA-303,1,18.17,18.17
2026-07-12,VV-VITA-313,2,40.81,40.81
2026-07-12,VV-VITA-318,2,30.9,30.9
2026-07-12,VV-VITA-320,6,120.07,124.39
2026-07-12,VV-VITA-338,4,74.18,87.23
2026-07-12,VV-VITA-342,6,111.62,131.4
2026-07-12,VV-VITA-344,2,41.29,43.45
2026-07-12,VV-VITA-355,9,177.51,204.95
2026-07-12,VV-VITA-359,2,38.08,38.08
2026-07-12,VV-VITA-361,2,32.11,33.8
2026-07-12,VV-VITA-364,12,243.52,262.99
2026-07-12,VV-VITA-366,3,43.35,43.35
2026-07-12,VV-VITA-367,3,52.72,54.52
2026-07-12,VV-VITA-369,3,53.97,59.97
2026-07-12,VV-VITA-38,6,90.64,100.46
2026-07-12,VV-VITA-386,1,18.56,21.9
2026-07-12,VV-VITA-39,1,18.17,18.17
2026-07-12,VV-VITA-391,2,41.8,41.8
2026-07-12,VV-VITA-413,1,27.9,27.9
2026-07-12,VV-VITA-417,2,49.8,49.8
2026-07-12,VV-VITA-50,4,79.6,79.6
2026-07-12,VV-VITA-88,4,81.28,95.6
2026-07-13,,5,84.42,84.42
2026-07-13,BJ-E223-8EKW,5,102.79,126.67
2026-07-13,CP-DQMG-RVN9,2,41.62,43.8
2026-07-13,VV-VITA-02,4,73.4,73.4
2026-07-13,VV-VITA-102,1,19.9,19.9
2026-07-13,VV-VITA-109,2,39.8,39.8
2026-07-13,VV-VITA-119,1,19.46,19.46
2026-07-13,VV-VITA-121,1,22.72,22.72
2026-07-13,VV-VITA-124,2,48.35,48.35
2026-07-13,VV-VITA-127,1,22.41,24.9
2026-07-13,VV-VITA-136,2,40.63,42.62
2026-07-13,VV-VITA-143,1,19,19
2026-07-13,VV-VITA-151,3,70.08,74.62
2026-07-13,VV-VITA-153,3,56.28,58.07
2026-07-13,VV-VITA-155,9,163.06,188.1
2026-07-13,VV-VITA-157,3,45.51,45.51
2026-07-13,VV-VITA-158,3,71.35,76.43
2026-07-13,VV-VITA-168,1,24.93,24.93
2026-07-13,VV-VITA-171,1,27.18,27.18
2026-07-13,VV-VITA-183,1,25.9,25.9
2026-07-13,VV-VITA-197,50,809.5,1245
2026-07-13,VV-VITA-198,2,34.75,36.34
2026-07-13,VV-VITA-199,1,18.09,18.09
2026-07-13,VV-VITA-203,1,19.9,19.9
2026-07-13,VV-VITA-206,1,17.9,17.9
2026-07-13,VV-VITA-222,1,24.93,24.93
2026-07-13,VV-VITA-223,2,46.47,48.9
2026-07-13,VV-VITA-231,7,169.67,190.72
2026-07-13,VV-VITA-243,6,39.56,135.32
2026-07-13,VV-VITA-248,1,21.93,21.93
2026-07-13,VV-VITA-249,1,23.9,23.9
2026-07-13,VV-VITA-256,4,77.88,91.6
2026-07-13,VV-VITA-257,-1,-12.76,0
2026-07-13,VV-VITA-258,6,102.8,102.8
2026-07-13,VV-VITA-262,1,19.9,19.9
2026-07-13,VV-VITA-264,0,9.2,51.8
2026-07-13,VV-VITA-286,1,19.71,21.9
2026-07-13,VV-VITA-298,1,20.09,23.62
2026-07-13,VV-VITA-303,1,18.17,18.17
2026-07-13,VV-VITA-304,1,11.81,16.35
2026-07-13,VV-VITA-307,1,13.26,14.53
2026-07-13,VV-VITA-310,1,24.9,24.9
2026-07-13,VV-VITA-313,1,17.01,18.9
2026-07-13,VV-VITA-314,1,21.9,21.9
2026-07-13,VV-VITA-320,7,166.53,171.23
2026-07-13,VV-VITA-326,1,21.73,21.73
2026-07-13,VV-VITA-329,1,18.8,38.16
2026-07-13,VV-VITA-336,2,39.8,39.8
2026-07-13,VV-VITA-344,4,92.26,95.77
2026-07-13,VV-VITA-346,1,15.45,15.45
2026-07-13,VV-VITA-352,1,24.54,24.54
2026-07-13,VV-VITA-354,5,98.16,112.3
2026-07-13,VV-VITA-355,1,24.55,24.55
2026-07-13,VV-VITA-364,6,45.53,149.49
2026-07-13,VV-VITA-367,1,18.35,18.35
2026-07-13,VV-VITA-368,2,34.52,36.33
2026-07-13,VV-VITA-369,2,26.58,39.98
2026-07-13,VV-VITA-371,1,18.09,18.09
2026-07-13,VV-VITA-372,4,64.62,76
2026-07-13,VV-VITA-377,1,15.9,15.9
2026-07-13,VV-VITA-378,1,15.45,15.45
2026-07-13,VV-VITA-380,1,13.9,13.9
2026-07-13,VV-VITA-391,2,54.24,73.6
2026-07-13,VV-VITA-394,4,80.36,94.5
2026-07-13,VV-VITA-400,1,16.26,16.26
2026-07-13,VV-VITA-407,2,50.16,55.16
2026-07-13,VV-VITA-408,1,24.9,24.9
2026-07-13,VV-VITA-410,1,24.54,24.54
2026-07-13,VV-VITA-415,1,24.9,24.9
2026-07-13,VV-VITA-417,5,118.41,123.41
2026-07-13,VV-VITA-46,6,108.97,123.05
2026-07-13,VV-VITA-50,1,18.82,20.9
2026-07-13,VV-VITA-57-V2,1,22.72,22.72
2026-07-13,VV-VITA-63,1,19.08,19.08
2026-07-13,VV-VITA-90,1,18.17,18.17
2026-07-14,,0,0,0
2026-07-14,2R-49NC-R697,1,17.9,17.9
2026-07-14,BJ-E223-8EKW,1,22.41,24.9
2026-07-14,CP-DQMG-RVN9,2,38,39.98
2026-07-14,NX-CVPF-VCEZ,4,82.47,87.01
2026-07-14,VI-ZU99-SZ0B,1,17.18,17.18
2026-07-14,VV-ALO-06,1,17.9,17.9
2026-07-14,VV-VITA-116,1,12.9,17.9
2026-07-14,VV-VITA-119,2,31.8,36.34
2026-07-14,VV-VITA-121,3,53.55,57.51
2026-07-14,VV-VITA-124,1,23.9,23.9
2026-07-14,VV-VITA-127,6,115.98,132.41
2026-07-14,VV-VITA-136,1,21.16,22.71
2026-07-14,VV-VITA-143,1,16.99,16.99
2026-07-14,VV-VITA-146,2,33.53,38.07
2026-07-14,VV-VITA-155,4,77.27,90.86
2026-07-14,VV-VITA-158,1,29.15,31.9
2026-07-14,VV-VITA-168,1,21.51,23.9
2026-07-14,VV-VITA-171,-4,-92.44,0
2026-07-14,VV-VITA-173,1,16.18,16.18
2026-07-14,VV-VITA-188,1,17.9,17.9
2026-07-14,VV-VITA-203,4,61.82,72.69
2026-07-14,VV-VITA-204,1,13.11,17.82
2026-07-14,VV-VITA-215,5,97.23,97.23
2026-07-14,VV-VITA-216,1,24.55,24.55
2026-07-14,VV-VITA-222,1,18.9,23.9
2026-07-14,VV-VITA-223,9,170.2,197.9
2026-07-14,VV-VITA-228,1,18.62,18.62
2026-07-14,VV-VITA-231,5,121.34,126.27
2026-07-14,VV-VITA-237,5,94.08,99.5
2026-07-14,VV-VITA-243,4,88.69,88.69
2026-07-14,VV-VITA-247,4,67.68,79.6
2026-07-14,VV-VITA-248,4,81.28,95.6
2026-07-14,VV-VITA-249,1,23.63,23.63
2026-07-14,VV-VITA-256,2,43.52,45.8
2026-07-14,VV-VITA-264,-2,-49.22,0
2026-07-14,VV-VITA-276,-1,-22.12,0
2026-07-14,VV-VITA-277,1,10.84,10.84
2026-07-14,VV-VITA-286,0,7.55,21.9
2026-07-14,VV-VITA-287,3,54.79,59.79
2026-07-14,VV-VITA-295,3,56.26,62.8
2026-07-14,VV-VITA-304,5,69.5,74.5
2026-07-14,VV-VITA-308,1,23.63,23.63
2026-07-14,VV-VITA-31,4,74.48,87.6
2026-07-14,VV-VITA-310,4,84.68,99.6
2026-07-14,VV-VITA-314,1,19.91,19.91
2026-07-14,VV-VITA-319,1,19.9,19.9
2026-07-14,VV-VITA-320,0,4.73,26.9
2026-07-14,VV-VITA-326,1,21.73,21.73
2026-07-14,VV-VITA-329,1,19.08,19.08
2026-07-14,VV-VITA-338,1,21.81,21.81
2026-07-14,VV-VITA-344,2,44.55,44.55
2026-07-14,VV-VITA-355,4,83.22,87.57
2026-07-14,VV-VITA-361,4,63.07,65.67
2026-07-14,VV-VITA-364,5,0,113.59
2026-07-14,VV-VITA-367,3,49.59,51.39
2026-07-14,VV-VITA-368,1,18.17,18.17
2026-07-14,VV-VITA-371,1,13.55,18.09
2026-07-14,VV-VITA-372,1,15.88,15.88
2026-07-14,VV-VITA-375,1,19.99,19.99
2026-07-14,VV-VITA-38,2,29.09,30.8
2026-07-14,VV-VITA-382,3,56.75,59.72
2026-07-14,VV-VITA-39,2,34.55,36.35
2026-07-14,VV-VITA-395,2,37.81,39.8
2026-07-14,VV-VITA-398,2,22.2,23.35
2026-07-14,VV-VITA-402,1,20.37,22.63
2026-07-14,VV-VITA-405,1,12.93,12.93
2026-07-14,VV-VITA-408,4,72.33,94.5
2026-07-14,VV-VITA-410,1,23.65,25.9
2026-07-14,VV-VITA-414,1,28.07,28.07
2026-07-14,VV-VITA-417,-1,-24.54,0
2026-07-14,VV-VITA-46,5,84.18,96.14
2026-07-14,VV-VITA-50,1,19.46,20.89
2026-07-14,VV-VITA-57-V,3,94.88,94.88
2026-07-14,VV-VITA-57-V2,2,43.88,45.43
2026-07-14,VV-VITA-93,3,49.22,49.22
2026-07-14,VV-VITA-94,5,119.68,137.06
